Ref,Choice R3,Integration [HH] R3,Total Connectivity R3,Choice R3,Integration [HH] R3,Total Connectivity R3
0,0,0.80638385,33,0,0.176575745,0.069892473
1,31,1.5,82,0.035428571,0.435482111,0.201612903
2,28,1.8805417,142,0.032,0.577527057,0.362903226
3,530,2.7575088,226,0.605714286,0.904872902,0.588709677
4,88,2.0531514,163,0.100571429,0.641957145,0.419354839
5,33,1.7890326,140,0.037714286,0.54336942,0.357526882
6,0,0.63684219,26,0,0.113290865,0.051075269
7,18,1.3088794,72,0.020571429,0.364142451,0.174731183
8,26,1.8443592,137,0.029714286,0.564021201,0.349462366
9,559,2.7761164,247,0.638857143,0.911818567,0.64516129
10,26,1.8783784,157,0.029714286,0.576719561,0.403225806
11,27,1.6883124,132,0.030857143,0.505773552,0.336021505
12,0,1.3154316,104,0,0.366588193,0.260752688
13,143,2.3081322,230,0.163428571,0.737133926,0.599462366
14,115,2.2540293,269,0.131428571,0.716938916,0.704301075
15,128,2.4112334,350,0.146285714,0.77561855,0.922043011
16,119,2.228169,265,0.136,0.707286032,0.693548387
17,43,1.9643579,191,0.049142857,0.608813162,0.494623656
18,149,2.3357198,189,0.170285714,0.74743156,0.489247312
19,45,1.785715,131,0.051428571,0.542131058,0.333333333
20,6,0.8870222,32,0.006857143,0.206675653,0.067204301
21,10,1.1768752,58,0.011428571,0.314869193,0.137096774
22,6,0.9792943,45,0.006857143,0.241118095,0.102150538
23,16,1.507236,93,0.018285714,0.438183095,0.231182796
24,16,1.5898042,132,0.018285714,0.469003359,0.336021505
25,214,2.4279311,270,0.244571429,0.781851307,0.706989247
26,78,2.2820642,261,0.089142857,0.727403514,0.682795699
27,82,2.2867606,233,0.093714286,0.729156541,0.607526882
28,142,2.1385241,203,0.162285714,0.673824246,0.52688172
29,34,1.8443592,162,0.038857143,0.564021201,0.416666667
30,169,2.3647449,221,0.193142857,0.75826577,0.575268817
31,0,0.95710868,54,0,0.23283686,0.126344086
32,223,2.2786884,141,0.254857143,0.726143428,0.360215054
33,422,2.6382389,229,0.482285714,0.86035298,0.596774194
34,130,2.1802278,189,0.148571429,0.689391002,0.489247312
35,42,1.7704608,125,0.048,0.536437117,0.317204301
36,160,2.1429529,126,0.182857143,0.675477386,0.319892473
37,24,1.8975395,162,0.027428571,0.583871832,0.416666667
38,310,2.5682681,222,0.354285714,0.834234953,0.577956989
39,16,1.6543651,127,0.018285714,0.493102031,0.322580645
40,160,2.2063715,147,0.182857143,0.699149671,0.376344086
41,395,2.5899587,222,0.451428571,0.842331412,0.577956989
42,116,2.1681063,177,0.132571429,0.684866405,0.456989247
43,34,1.6100973,102,0.038857143,0.476578172,0.255376344
44,48,1.6071428,82,0.054857143,0.475475345,0.201612903
45,18,1.6581639,123,0.020571429,0.49452001,0.311827957
46,196,2.369031,202,0.224,0.759865644,0.524193548
47,0,1.3860333,102,0,0.392941717,0.255376344
48,0,0.58170414,18,0,0.092709464,0.029569892
49,14,1.1561403,45,0.016,0.307129469,0.102150538
50,14,1.390353,68,0.016,0.394554133,0.163978495
51,108,2.0257483,148,0.123428571,0.63172838,0.379032258
52,298,2.4195209,197,0.340571429,0.778712029,0.510752688
53,104,2.1428957,211,0.118857143,0.675456035,0.548387097
54,138,2.2292216,223,0.157714286,0.707678936,0.580645161
55,16,1.5627899,126,0.018285714,0.458919721,0.319892473
56,30,1.6100973,97,0.034285714,0.476578172,0.241935484
57,34,1.6597091,86,0.038857143,0.495096787,0.212365591
58,22,1.31797,50,0.025142857,0.367535703,0.115591398
59,0,0.33333334,9,0,0,0.005376344
60,4,0.72781962,19,0.004571429,0.147250045,0.032258065
61,10,1.1365665,43,0.011428571,0.299823149,0.096774194
62,52,1.6926663,105,0.059428571,0.507398734,0.26344086
63,53,1.8900454,89,0.060571429,0.581074506,0.220430108
64,123,2.1103904,116,0.140571429,0.663322769,0.293010753
65,215,2.3041551,177,0.245714286,0.735649392,0.456989247
66,18,1.6216003,116,0.020571429,0.480871901,0.293010753
67,28,1.5992693,94,0.032,0.4725364,0.233870968
68,24,1.5346701,79,0.027428571,0.448423432,0.193548387
69,0,0.78571427,36,0,0.168860403,0.077956989
70,37,1.9582232,143,0.042285714,0.60652326,0.365591398
71,40,1.7500782,147,0.045714286,0.528828896,0.376344086
72,71,2.1876149,184,0.081142857,0.692148387,0.475806452
73,100,2.2900689,196,0.114285714,0.730391431,0.508064516
74,10,1.4350866,108,0.011428571,0.411251861,0.271505376
75,6,0.8870222,38,0.006857143,0.206675653,0.083333333
76,6,0.84912294,16,0.006857143,0.192528981,0.024193548
77,6,0.84912294,14,0.006857143,0.192528981,0.018817204
78,6,0.84912294,15,0.006857143,0.192528981,0.021505376
79,6,0.8619656,18,0.006857143,0.197322766,0.029569892
80,8,1,26,0.009142857,0.248846919,0.051075269
81,48,1.8815688,126,0.054857143,0.577910443,0.319892473
82,10,1.3431821,81,0.011428571,0.376946633,0.198924731
83,30,1.4803609,65,0.034285714,0.428151416,0.155913978
84,73,1.9565217,59,0.083428571,0.60588814,0.139784946
85,28,1.4666082,50,0.032,0.423017941,0.115591398
86,8,1.0445806,33,0.009142857,0.265487537,0.069892473
87,6,0.8619656,20,0.006857143,0.197322766,0.034946237
88,6,0.84912294,15,0.006857143,0.192528981,0.021505376
89,6,0.84912294,15,0.006857143,0.192528981,0.021505376
90,6,0.8619656,18,0.006857143,0.197322766,0.029569892
91,8,1,26,0.009142857,0.248846919,0.051075269
92,32,1.7612134,125,0.036571429,0.532985336,0.317204301
93,6,1.0952908,59,0.006857143,0.284416153,0.139784946
94,4,1.0983083,62,0.004571429,0.285542496,0.147849462
95,22,1.7797406,128,0.025142857,0.539900991,0.325268817
96,18,1.6216003,113,0.020571429,0.480871901,0.284946237
97,15,1.7797406,128,0.017142857,0.539900991,0.325268817
98,99,2.3056171,181,0.113142857,0.736195114,0.467741935
99,24,1.5592874,100,0.027428571,0.457612341,0.25
100,6,1.0207884,46,0.006857143,0.256606613,0.10483871
101,4,0.8619656,30,0.004571429,0.197322766,0.061827957
102,6,1.1950141,76,0.006857143,0.321639907,0.185483871
103,30,1.9643579,150,0.034285714,0.608813162,0.384408602
104,18,1.7890326,129,0.020571429,0.54336942,0.327956989
105,4,1.1950141,76,0.004571429,0.321639907,0.185483871
106,25,1.8528867,144,0.028571429,0.567204264,0.36827957
107,15,1.4516129,86,0.017142857,0.417420639,0.212365591
108,13,1.5763751,118,0.014857143,0.463990673,0.298387097
109,46,1.7307693,83,0.052571429,0.521621455,0.204301075
110,8,1.2989333,44,0.009142857,0.360429867,0.099462366
111,3,1.1191936,39,0.003428571,0.29333836,0.086021505
112,34,1.6812503,45,0.038857143,0.503137479,0.102150538
113,5,1.2196002,53,0.005714286,0.33081717,0.123655914
114,36,1.6926663,80,0.041142857,0.507398734,0.196236559
115,14,1.40625,61,0.016,0.400488012,0.14516129
116,6,0.94787496,32,0.006857143,0.229390186,0.067204301
117,6,0.87255627,15,0.006857143,0.201275949,0.021505376
118,4,0.70398736,9,0.004571429,0.138354168,0.005376344
119,0,0.33333334,7,0,0,0
120,19,1.3057258,33,0.021714286,0.362965306,0.069892473
121,4,0.8619656,23,0.004571429,0.197322766,0.043010753
122,0,0.8619656,23,0,0.197322766,0.043010753
123,1,0.70398736,13,0.001142857,0.138354168,0.016129032
124,138,2.124928,67,0.157714286,0.668749224,0.161290323
125,14,1.31797,39,0.016,0.367535703,0.086021505
126,0,0.68232477,23,0,0.130268165,0.043010753
127,0,1.1981546,39,0,0.322812163,0.086021505
128,0,1.1981546,39,0,0.322812163,0.086021505
129,16,1.4135897,46,0.018285714,0.403227705,0.10483871
130,8,1.0952908,41,0.009142857,0.284416153,0.091397849
131,18,1.2552096,47,0.020571429,0.344109104,0.107526882
132,16,1.4028426,45,0.018285714,0.399216131,0.102150538
133,96,1.9862185,51,0.109714286,0.616973076,0.11827957
134,38,1.606352,54,0.043428571,0.475180162,0.126344086
135,24,1.8075906,139,0.027428571,0.550296572,0.35483871
136,8,1.3068799,82,0.009142857,0.363396097,0.201612903
137,2,0.84912294,20,0.002285714,0.192528981,0.034946237
138,1,0.70398736,12,0.001142857,0.138354168,0.01344086
139,2,0.84912294,20,0.002285714,0.192528981,0.034946237
140,15,1.2123377,33,0.017142857,0.328106294,0.069892473
141,0,0.90925324,48,0,0.214973841,0.110215054
142,0,0.82939059,39,0,0.18516348,0.086021505
143,10,1.1191936,34,0.011428571,0.29333836,0.072580645
144,4,0.72781962,17,0.004571429,0.147250045,0.02688172
145,0,0.33333334,9,0,0,0.005376344
146,12,1.3272201,57,0.013714286,0.370988491,0.134408602
147,0,0.62688404,26,0,0.109573782,0.051075269
148,16,1.4028426,43,0.018285714,0.399216131,0.096774194
149,6,0.9792943,29,0.006857143,0.241118095,0.059139785
150,6,0.87255627,16,0.006857143,0.201275949,0.024193548
151,4,0.70398736,9,0.004571429,0.138354168,0.005376344
152,0,0.33333334,7,0,0,0
153,18,1.2989333,38,0.020571429,0.360429867,0.083333333
154,10,1.1058542,28,0.011428571,0.288359157,0.056451613
155,10,1.1,24,0.011428571,0.286173958,0.045698925
156,0,0.8870222,24,0,0.206675653,0.045698925
157,18,1.2222222,21,0.020571429,0.331795885,0.037634409
158,6,0.84912294,15,0.006857143,0.192528981,0.021505376
159,0,0.42239243,10,0,0.033243121,0.008064516
160,0,0.33333334,8,0,0,0.002688172
161,8,0.98510355,16,0.009142857,0.243286516,0.024193548
162,4,0.69804502,12,0.004571429,0.136136068,0.01344086
163,330,2.4722333,232,0.377142857,0.798388006,0.60483871
164,26,1.5592874,97,0.029714286,0.457612341,0.241935484
165,8,1.0697098,42,0.009142857,0.274867523,0.094086022
166,8,0.98510355,19,0.009142857,0.243286516,0.032258065
167,10,1.1634083,12,0.011428571,0.309842398,0.01344086
168,0,0.52799052,9,0,0.07265976,0.005376344
169,0,0.52799052,9,0,0.07265976,0.005376344
170,22,1.7297633,128,0.025142857,0.521245945,0.325268817
171,34,1.6100973,89,0.038857143,0.476578172,0.220430108
172,89,1.9051077,75,0.101714286,0.586696817,0.182795699
173,15,1.4382962,62,0.017142857,0.41244991,0.147849462
174,31,1.5517242,72,0.035428571,0.454789223,0.174731183
175,18,1.5346701,89,0.020571429,0.448423432,0.220430108
176,117,2.0612876,144,0.133714286,0.644994148,0.36827957
177,165,2.2594883,135,0.188571429,0.718976599,0.344086022
178,172,2.2071013,146,0.196571429,0.699422083,0.373655914
179,160,2.2784922,201,0.182857143,0.726070192,0.521505376
180,18,1.6891669,112,0.020571429,0.506092512,0.282258065
181,25,1.5469,95,0.028571429,0.452988492,0.23655914
182,8,1.1460608,61,0.009142857,0.30336709,0.14516129
183,79,2.019321,143,0.090285714,0.629329259,0.365591398
184,27,1.6118186,85,0.030857143,0.477220682,0.209677419
185,14,1.3443909,55,0.016,0.377397842,0.129032258
186,97,1.9594067,80,0.110857143,0.606965025,0.196236559
187,36,1.6857162,90,0.041142857,0.504804468,0.22311828
188,15,1.4255327,73,0.017142857,0.407685673,0.177419355
189,18,1.3938289,63,0.020571429,0.395851583,0.150537634
190,8,1.3006579,53,0.009142857,0.361073609,0.123655914
191,19,1.6700469,108,0.021714286,0.498955582,0.271505376
192,6,1.390353,97,0.006857143,0.394554133,0.241935484
193,101,2.1570766,178,0.115428571,0.680749344,0.459677419
194,185,2.4445839,227,0.211428571,0.788067304,0.591397849
195,47,1.7963344,129,0.053714286,0.546094965,0.327956989
196,3,1.238816,45,0.003428571,0.337989859,0.102150538
197,7,1.238816,45,0.008,0.337989859,0.102150538
198,1,0.76619166,25,0.001142857,0.161573191,0.048387097
199,42,1.7265038,71,0.048,0.520029271,0.172043011
200,56,1.8962001,76,0.064,0.583371874,0.185483871
201,53,1.6794915,78,0.060571429,0.502480971,0.190860215
202,10,1.3592209,56,0.011428571,0.382933442,0.13172043
203,29,1.6812503,47,0.033142857,0.503137479,0.107526882
204,32,1.569167,43,0.036571429,0.461300103,0.096774194
205,6,1.1561403,45,0.006857143,0.307129469,0.102150538
206,17,1.4803609,57,0.019428571,0.428151416,0.134408602
207,12,1.2241485,37,0.013714286,0.332514916,0.080645161
208,18,1.2241485,48,0.020571429,0.332514916,0.110215054
209,8,1.1460608,56,0.009142857,0.30336709,0.13172043
210,20,1.6434549,110,0.022857143,0.489029576,0.27688172
211,12,1.2726263,51,0.013714286,0.350610243,0.11827957
212,8,1.2241485,39,0.009142857,0.332514916,0.086021505
213,21,1.3938289,53,0.024,0.395851583,0.123655914
214,6,1.2241485,40,0.006857143,0.332514916,0.088709677
215,10,1.1561403,43,0.011428571,0.307129469,0.096774194
216,6,0.8870222,29,0.006857143,0.206675653,0.059139785
217,6,1.0102814,45,0.006857143,0.252684661,0.102150538
218,18,1.5842677,87,0.020571429,0.466936747,0.215053763
219,294,2.505738,142,0.336,0.810894319,0.362903226
220,18,1.5842677,88,0.020571429,0.466936747,0.217741935
221,22,1.7195774,106,0.025142857,0.517443851,0.266129032
222,39,1.6118186,93,0.044571429,0.477220682,0.231182796
223,24,1.6434549,140,0.027428571,0.489029576,0.357526882
224,62,2.0223916,199,0.070857143,0.630475423,0.516129032
225,46,1.8017781,134,0.052571429,0.548126937,0.341397849
226,91,1.9876175,162,0.104,0.617495281,0.416666667
227,122,2.2159617,245,0.139428571,0.702729408,0.639784946
228,65,1.9798998,175,0.074285714,0.614614493,0.451612903
229,36,1.8649745,170,0.041142857,0.571716282,0.438172043
230,7,1.390353,90,0.008,0.394554133,0.22311828
231,33,1.7372102,104,0.037714286,0.524025653,0.260752688
232,125,2.2819183,174,0.142857143,0.727349054,0.448924731
233,31,1.7963344,118,0.035428571,0.546094965,0.298387097
234,15,1.4652896,85,0.017142857,0.422525746,0.209677419
235,8,1.1768752,60,0.009142857,0.314869193,0.142473118
236,19,1.5592874,115,0.021714286,0.457612341,0.290322581
237,59,1.9310595,117,0.067428571,0.596383855,0.295698925
238,310,2.5286107,208,0.354285714,0.81943202,0.540322581
239,37,1.7841618,107,0.042285714,0.541551294,0.268817204
240,6,1.2409762,65,0.006857143,0.338796198,0.155913978
241,4,1.1708162,60,0.004571429,0.312607548,0.142473118
242,0,1.5212561,105,0,0.443416383,0.26344086
243,0,1.5212561,105,0,0.443416383,0.26344086
244,23,1.7820429,105,0.026285714,0.540760372,0.26344086
245,0,1.3034559,86,0,0.362118019,0.212365591
246,7,1.4538981,108,0.008,0.418273637,0.271505376
247,80,2.0712798,182,0.091428571,0.64872394,0.470430108
248,4,1.3034559,86,0.004571429,0.362118019,0.212365591
249,248,2.4698408,265,0.283428571,0.797494957,0.693548387
250,9,1.7093985,153,0.010285714,0.513644369,0.392473118
251,60,2.1774147,206,0.068571429,0.688340955,0.534946237
252,346,2.6393981,298,0.395428571,0.860785675,0.782258065
253,602,2.7873898,379,0.688,0.916026594,1
254,75,2.211148,209,0.085714286,0.700932597,0.543010753
255,111,2.1475871,203,0.126857143,0.677207195,0.52688172
256,49,1.7852225,102,0.056,0.541947222,0.255376344
257,9,1.7500782,161,0.010285714,0.528828896,0.413978495
258,3,1.3272201,92,0.003428571,0.370988491,0.228494624
259,3,1.390353,94,0.003428571,0.394554133,0.233870968
260,14,1.4221928,101,0.016,0.406438987,0.252688172
261,8,1.0952908,47,0.009142857,0.284416153,0.107526882
262,0,1.785715,133,0,0.542131058,0.338709677
263,14,1.3270249,33,0.016,0.370915629,0.069892473
264,15,1.2123377,39,0.017142857,0.328106294,0.086021505
265,14,1.3304729,56,0.016,0.372202665,0.13172043
266,2,1.693624,161,0.002285714,0.507756215,0.413978495
267,274,2.5746148,266,0.313142857,0.836603988,0.696236559
268,3,1.5490618,131,0.003428571,0.453795427,0.333333333
269,1,0.9792943,51,0.001142857,0.241118095,0.11827957
270,20,1.6791822,136,0.022857143,0.502365519,0.346774194
271,20,1.5352089,119,0.022857143,0.44862455,0.301075269
272,13,1.2063863,29,0.014857143,0.325884812,0.059139785
273,6,0.98558021,25,0.006857143,0.243464439,0.048387097
274,10,1.1365665,51,0.011428571,0.299823149,0.11827957
275,136,2.3847063,143,0.155428571,0.76571677,0.365591398
276,124,2.2063491,179,0.141714286,0.699141309,0.462365591
277,11,1.2726263,49,0.012571429,0.350610243,0.112903226
278,5,1.0697098,39,0.005714286,0.274867523,0.086021505
279,12,1.3873683,44,0.013714286,0.393440033,0.099462366
280,38,1.606352,63,0.043428571,0.475180162,0.150537634
281,10,1.238816,45,0.011428571,0.337989859,0.102150538
282,12,1.31797,47,0.013714286,0.367535703,0.107526882
283,6,1.0445806,33,0.006857143,0.265487537,0.069892473
284,7,1,28,0.008,0.248846919,0.056451613
285,13,1.3006579,40,0.014857143,0.361073609,0.088709677
286,44,1.6734514,57,0.050285714,0.500226381,0.134408602
287,10,1.3088794,61,0.011428571,0.364142451,0.14516129
288,32,1.5598243,79,0.036571429,0.45781275,0.193548387
289,45,1.7372102,91,0.051428571,0.524025653,0.225806452
290,16,1.4028426,60,0.018285714,0.399216131,0.142473118
291,8,1.0445806,41,0.009142857,0.265487537,0.091397849
292,8,1.0697098,38,0.009142857,0.274867523,0.083333333
293,27,1.4666082,49,0.030857143,0.423017941,0.112903226
294,21,1.6132691,60,0.024,0.477762111,0.142473118
295,49,1.8,73,0.056,0.547463225,0.177419355
296,90,2.1103904,115,0.102857143,0.663322769,0.290322581
297,5,1.1365665,47,0.005714286,0.299823149,0.107526882
298,10,1.4666082,64,0.011428571,0.423017941,0.153225806
299,9,1.5212561,87,0.010285714,0.443416383,0.215053763
300,1,1.2829794,68,0.001142857,0.354474748,0.163978495
301,11,1.3076391,51,0.012571429,0.363679484,0.11827957
302,9,1.1365665,45,0.010285714,0.299823149,0.102150538
303,9,1.3592209,70,0.010285714,0.382933442,0.169354839
304,1,1.3592209,70,0.001142857,0.382933442,0.169354839
305,0,0.42239243,14,0,0.033243121,0.018817204
306,6,0.91666669,36,0.006857143,0.217741063,0.077956989
307,23,1.5226898,77,0.026285714,0.443951541,0.188172043
308,2,0.91666669,36,0.002285714,0.217741063,0.077956989
309,5,1.3815587,76,0.005714286,0.391271481,0.185483871
310,4,0.70398736,10,0.004571429,0.138354168,0.008064516
311,0,0.33333334,7,0,0,0
312,6,0.84912294,18,0.006857143,0.192528981,0.029569892
313,8,1.0207884,31,0.009142857,0.256606613,0.064516129
314,16,1.4028426,61,0.018285714,0.399216131,0.14516129
315,89,1.9345245,114,0.101714286,0.597677237,0.287634409
316,11,1.4382962,69,0.012571429,0.41244991,0.166666667
317,11,1.5346701,84,0.012571429,0.448423432,0.206989247
318,0,1.0983083,57,0,0.285542496,0.134408602
319,0,1.3034559,76,0,0.362118019,0.185483871
320,0,1.3034559,76,0,0.362118019,0.185483871
321,1,1.390353,76,0.001142857,0.394554133,0.185483871
322,27,1.8571436,119,0.030857143,0.568793239,0.301075269
323,0,1.5627899,101,0,0.458919721,0.252688172
324,2,1.1208336,55,0.002285714,0.293950523,0.129032258
325,137,2.1448686,168,0.156571429,0.67619246,0.432795699
326,36,1.9233313,154,0.041142857,0.593499147,0.39516129
327,292,2.3933642,190,0.333714286,0.768948507,0.491935484
328,44,1.7372102,100,0.050285714,0.524025653,0.25
329,8,1.1460608,53,0.009142857,0.30336709,0.123655914
330,6,0.8619656,30,0.006857143,0.197322766,0.061827957
331,6,1.0102814,44,0.006857143,0.252684661,0.099462366
332,18,1.5842677,87,0.020571429,0.466936747,0.215053763
333,112,2.019321,150,0.128,0.629329259,0.384408602
334,12,1.2726263,64,0.013714286,0.350610243,0.153225806
335,0,0.62688404,25,0,0.109573782,0.048387097
336,0,1.4538981,90,0,0.418273637,0.22311828
337,6,1.0405263,44,0.006857143,0.263974187,0.099462366
338,20,1.5992693,94,0.022857143,0.4725364,0.233870968
339,6,0.84912294,21,0.006857143,0.192528981,0.037634409
340,6,0.84912294,14,0.006857143,0.192528981,0.018817204
341,6,0.84912294,14,0.006857143,0.192528981,0.018817204
342,6,0.84912294,14,0.006857143,0.192528981,0.018817204
343,6,0.84912294,18,0.006857143,0.192528981,0.029569892
344,6,0.94787496,45,0.006857143,0.229390186,0.102150538
345,14,1.469555,86,0.016,0.424117894,0.212365591
346,134,2.2786884,155,0.153142857,0.726143428,0.397849462
347,104,2.3333955,190,0.118857143,0.746563968,0.491935484
348,48,2.1376264,139,0.054857143,0.673489161,0.35483871
349,402,2.7145495,148,0.459428571,0.888837467,0.379032258
350,26,1.8391043,105,0.029714286,0.562059702,0.26344086
351,26,1.6460875,121,0.029714286,0.490012248,0.306451613
352,4,1.2639573,71,0.004571429,0.347374362,0.172043011
353,0,1.226782,79,0,0.333497923,0.193548387
354,72,1.8416041,86,0.082285714,0.562992804,0.212365591
355,10,1.1561403,42,0.011428571,0.307129469,0.094086022
356,0,0.56608194,21,0,0.086878159,0.037634409
357,9,1.238816,44,0.010285714,0.337989859,0.099462366
358,3,1.0698866,58,0.003428571,0.274933517,0.137096774
359,16,1.6092162,103,0.018285714,0.476249283,0.258064516
360,9,1.4028426,65,0.010285714,0.399216131,0.155913978
361,9,1.4028426,65,0.010285714,0.399216131,0.155913978
362,10,1.5627899,115,0.011428571,0.458919721,0.290322581
363,8,1.5627899,115,0.009142857,0.458919721,0.290322581
364,183,2.3647449,219,0.209142857,0.75826577,0.569892473
365,10,1.2196002,53,0.011428571,0.33081717,0.123655914
366,63,1.8391043,109,0.072,0.562059702,0.274193548
367,1,1.5627899,112,0.001142857,0.458919721,0.282258065
368,7,1.3235294,82,0.008,0.369610862,0.201612903
369,6,0.8870222,27,0.006857143,0.206675653,0.053763441
370,6,0.84912294,16,0.006857143,0.192528981,0.024193548
371,6,0.84912294,13,0.006857143,0.192528981,0.016129032
372,6,0.87255627,11,0.006857143,0.201275949,0.010752688
373,4,0.70398736,9,0.004571429,0.138354168,0.005376344
374,0,0.33333334,7,0,0,0
375,315,2.5245073,188,0.36,0.817900342,0.48655914
376,14,1.6216003,107,0.016,0.480871901,0.268817204
377,0,1.5003179,103,0,0.435600773,0.258064516
378,16,1.3076391,49,0.018285714,0.363679484,0.112903226
379,12,1.2241485,44,0.013714286,0.332514916,0.099462366
380,14,1.3746208,68,0.016,0.388681769,0.163978495
381,12,1.2222222,29,0.013714286,0.331795885,0.059139785
382,6,0.84912294,17,0.006857143,0.192528981,0.02688172
383,0,0.42239243,12,0,0.033243121,0.01344086
384,9,1.3088794,74,0.010285714,0.364142451,0.180107527
385,4,1.0207884,39,0.004571429,0.256606613,0.086021505
386,9,1.3076391,72,0.010285714,0.363679484,0.174731183
387,42,1.8358343,141,0.048,0.560839108,0.360215054
388,12,1.4028426,81,0.013714286,0.399216131,0.198924731
389,25,1.8880572,114,0.028571429,0.58033237,0.287634409
390,0,1.632839,83,0,0.485066975,0.204301075
391,28,1.7841618,87,0.032,0.541551294,0.215053763
392,6,1.152335,52,0.006857143,0.305709063,0.120967742
393,6,0.84912294,25,0.006857143,0.192528981,0.048387097
394,6,0.84912294,14,0.006857143,0.192528981,0.018817204
395,6,0.84912294,16,0.006857143,0.192528981,0.024193548
396,6,0.8870222,20,0.006857143,0.206675653,0.034946237
397,10,1.1058542,32,0.011428571,0.288359157,0.067204301
398,36,1.4724894,58,0.041142857,0.425213218,0.137096774
399,0,0.80638385,28,0,0.176575745,0.056451613
400,24,1.7820429,88,0.027428571,0.540760372,0.217741935
401,0,1.632839,83,0,0.485066975,0.204301075
402,28,1.7820429,84,0.032,0.540760372,0.206989247
403,4,1.054376,47,0.004571429,0.26914387,0.107526882
404,0,0.33333334,18,0,0,0.029569892
405,0,1.632839,83,0,0.485066975,0.204301075
406,0,1.632839,83,0,0.485066975,0.204301075
407,28,1.7841618,87,0.032,0.541551294,0.215053763
408,6,1.152335,52,0.006857143,0.305709063,0.120967742
409,6,0.84912294,27,0.006857143,0.192528981,0.053763441
410,6,0.8870222,20,0.006857143,0.206675653,0.034946237
411,10,1.1058542,32,0.011428571,0.288359157,0.067204301
412,32,1.8140556,116,0.036571429,0.552709765,0.293010753
413,20,1.5352089,92,0.022857143,0.44862455,0.228494624
414,2,1.0697098,60,0.002285714,0.274867523,0.142473118
415,24,1.4255327,74,0.027428571,0.407685673,0.180107527
416,26,1.4803609,83,0.029714286,0.428151416,0.204301075
417,14,1.40625,74,0.016,0.400488012,0.180107527
418,41,1.6037242,66,0.046857143,0.474199282,0.158602151
419,11,1.4635203,53,0.012571429,0.421865319,0.123655914
420,19,1.4864661,43,0.021714286,0.430430307,0.096774194
421,13,1.3873683,42,0.014857143,0.393440033,0.094086022
422,10,1.2063863,32,0.011428571,0.325884812,0.067204301
423,0,0.63684219,22,0,0.113290865,0.040322581
424,40,1.606352,73,0.045714286,0.475180162,0.177419355
425,0,0.88468331,37,0,0.205802614,0.080645161
426,45,1.7777745,113,0.051428571,0.539167104,0.284946237
427,28,1.8188498,133,0.032,0.554499297,0.338709677
428,39,1.8,73,0.044571429,0.547463225,0.177419355
429,111,2.1507413,91,0.126857143,0.678384565,0.225806452
430,9,1.6211112,106,0.010285714,0.480689335,0.266129032
431,4,1.1768752,50,0.004571429,0.314869193,0.115591398
432,9,1.4644111,51,0.010285714,0.422197828,0.11827957
433,39,1.7669872,60,0.044571429,0.535140525,0.142473118
434,16,1.4382962,69,0.018285714,0.41244991,0.166666667
435,23,1.606352,64,0.026285714,0.475180162,0.153225806
436,17,1.606352,64,0.019428571,0.475180162,0.153225806
437,26,1.9244691,68,0.029714286,0.593923854,0.163978495
438,0,1.1561403,46,0,0.307129469,0.10483871
439,9,1.3304729,58,0.010285714,0.372202665,0.137096774
440,0,0.87048382,41,0,0.200502365,0.091397849
441,1,1.2186118,70,0.001142857,0.330448229,0.169354839
442,72,2.0183253,135,0.082285714,0.628957594,0.344086022
443,91,2.0398967,167,0.104,0.637009558,0.430107527
444,2,1.4931926,100,0.002285714,0.43294111,0.25
445,42,1.8993479,124,0.048,0.584546854,0.314516129
446,14,1.4791844,92,0.016,0.427712264,0.228494624
447,3,1.5992693,96,0.003428571,0.4725364,0.239247312
448,0,1.4538981,90,0,0.418273637,0.22311828
449,64,1.8839605,111,0.073142857,0.578803193,0.279569892
450,21,1.8950444,114,0.024,0.582940485,0.287634409
451,56,1.8337219,97,0.064,0.560050612,0.241935484
452,10,1.238816,54,0.011428571,0.337989859,0.126344086
453,3,1.0405263,53,0.003428571,0.263974187,0.123655914
454,13,1.5717616,85,0.014857143,0.46226859,0.209677419
455,67,1.9304764,100,0.076571429,0.596166201,0.25
456,1,1.3746208,75,0.001142857,0.388681769,0.182795699
457,0,1.3746208,75,0,0.388681769,0.182795699
458,3,1.3746208,75,0.003428571,0.388681769,0.182795699
459,6,1.0405263,46,0.006857143,0.263974187,0.10483871
460,8,0.98510355,24,0.009142857,0.243286516,0.045698925
461,10,1.1492875,18,0.011428571,0.304571522,0.029569892
462,2,0.98510355,18,0.002285714,0.243286516,0.029569892
463,12,1.1492875,17,0.013714286,0.304571522,0.02688172
464,8,1.0189475,15,0.009142857,0.25591946,0.021505376
465,4,0.69804502,12,0.004571429,0.136136068,0.01344086
466,0,0.33333334,8,0,0,0.002688172
467,4,0.98510355,18,0.004571429,0.243286516,0.029569892
468,16,1.5226898,103,0.018285714,0.443951541,0.258064516
469,68,2.1085443,202,0.077714286,0.662633674,0.524193548
470,642,2.8560605,346,0.733714286,0.941659332,0.911290323
471,148,2.2428508,234,0.169142857,0.712766313,0.610215054
472,29,1.9447519,181,0.033142857,0.601494822,0.467741935
473,61,1.975305,146,0.069714286,0.61289939,0.373655914
474,6,1.469555,99,0.006857143,0.424117894,0.247311828
475,45,1.8688198,133,0.051428571,0.573151618,0.338709677
476,234,2.3914368,220,0.267428571,0.768229066,0.572580645
477,0,1.2857143,97,0,0.355495605,0.241935484
478,14,1.4221928,98,0.016,0.406438987,0.244623656
479,4,0.80638385,34,0.004571429,0.176575745,0.072580645
480,0,0.33333334,11,0,0,0.010752688
481,43,1.8344153,113,0.049142857,0.560309438,0.284946237
482,22,1.7426945,115,0.025142857,0.526072779,0.290322581
483,8,1.4666082,74,0.009142857,0.423017941,0.180107527
484,0,1.2241485,57,0,0.332514916,0.134408602
485,1,1.2241485,57,0.001142857,0.332514916,0.134408602
486,18,1.7426945,113,0.020571429,0.526072779,0.284946237
487,117,2.2070389,172,0.133714286,0.699398791,0.443548387
488,106,1.9304764,104,0.121142857,0.596166201,0.260752688
489,58,1.9202406,124,0.066285714,0.59234548,0.314516129
490,12,1.2052853,38,0.013714286,0.325473842,0.083333333
491,10,1.3034559,69,0.011428571,0.362118019,0.166666667
492,16,1.3270249,25,0.018285714,0.370915629,0.048387097
493,18,1.2671746,20,0.020571429,0.348575284,0.034946237
494,0,0.63684219,16,0,0.113290865,0.024193548
495,6,0.84912294,16,0.006857143,0.192528981,0.024193548
496,0,0.42239243,10,0,0.033243121,0.008064516
497,12,1.2063863,27,0.013714286,0.325884812,0.053763441
498,8,1,26,0.009142857,0.248846919,0.051075269
499,8,1,29,0.009142857,0.248846919,0.059139785
500,12,1.2123377,34,0.013714286,0.328106294,0.072580645
501,10,1.3304729,52,0.011428571,0.372202665,0.120967742
502,0,0.62688404,22,0,0.109573782,0.040322581
503,12,1.238816,48,0.013714286,0.337989859,0.110215054
504,0,0.42239243,15,0,0.033243121,0.021505376
505,6,0.94787496,29,0.006857143,0.229390186,0.059139785
506,22,1.5364467,53,0.025142857,0.449086584,0.123655914
507,14,1.31797,49,0.016,0.367535703,0.112903226
508,4,0.80638385,24,0.004571429,0.176575745,0.045698925
509,0,0.33333334,11,0,0,0.010752688
510,0,1.4175341,111,0,0.404700033,0.279569892
511,3,1.4850357,111,0.003428571,0.429896381,0.279569892
512,5,1.3431821,88,0.005714286,0.376946633,0.217741935
513,0,0.42239243,16,0,0.033243121,0.024193548
514,6,0.9792943,40,0.006857143,0.241118095,0.088709677
515,25,1.6503496,94,0.028571429,0.491603163,0.233870968
516,5,1.0952908,44,0.005714286,0.284416153,0.099462366
517,31,1.6503496,95,0.035428571,0.491603163,0.23655914
518,7,1.0697098,43,0.008,0.274867523,0.096774194
519,18,1.5717616,94,0.020571429,0.46226859,0.233870968
520,4,0.88468331,38,0.004571429,0.205802614,0.083333333
521,0,0.33333334,13,0,0,0.016129032
522,15,1.5717616,95,0.017142857,0.46226859,0.23655914
523,4,0.9792943,41,0.004571429,0.241118095,0.091397849
524,5,0.84912294,21,0.005714286,0.192528981,0.037634409
525,12,1.6216003,131,0.013714286,0.480871901,0.333333333
526,135,2.1760879,237,0.154285714,0.6878457,0.61827957
527,42,1.8075906,157,0.048,0.550296572,0.403225806
528,125,2.1715031,152,0.142857143,0.68613433,0.389784946
529,46,1.9445313,136,0.052571429,0.601412479,0.346774194
530,116,2.1594694,133,0.132571429,0.681642506,0.338709677
531,37,1.8688198,153,0.042285714,0.573151618,0.392473118
532,54,1.8861139,119,0.061714286,0.579606994,0.301075269
533,33,1.7700537,125,0.037714286,0.536285159,0.317204301
534,1,1.3592209,81,0.001142857,0.382933442,0.198924731
535,24,1.6666666,83,0.027428571,0.497693816,0.204301075
536,36,1.6673985,87,0.041142857,0.497967013,0.215053763
537,18,1.5395753,74,0.020571429,0.450254398,0.180107527
538,8,1.4896638,86,0.009142857,0.431623913,0.212365591
539,9,1.5352089,121,0.010285714,0.44862455,0.306451613
540,27,1.6794915,97,0.030857143,0.502480971,0.241935484
541,78,2.0590754,132,0.089142857,0.644168399,0.336021505
542,10,1.4221928,84,0.011428571,0.406438987,0.206989247
543,24,1.5226898,87,0.027428571,0.443951541,0.215053763
544,6,1.0207884,39,0.006857143,0.256606613,0.086021505
545,3,1.0405263,51,0.003428571,0.263974187,0.11827957
546,17,1.6322472,99,0.019428571,0.484846074,0.247311828
547,315,2.5601723,190,0.36,0.831213031,0.491935484
548,213,2.3377178,223,0.243428571,0.748177354,0.580645161
549,183,2.3791223,257,0.209142857,0.763632428,0.672043011
550,25,2.0520608,234,0.028571429,0.641550057,0.610215054
551,3,1.6992515,120,0.003428571,0.509856794,0.303763441
552,91,1.9768722,148,0.104,0.613484379,0.379032258
553,14,1.3443909,64,0.016,0.377397842,0.153225806
554,32,1.9202406,142,0.036571429,0.59234548,0.362903226
555,8,1.2186118,69,0.009142857,0.330448229,0.166666667
556,6,0.9792943,49,0.006857143,0.241118095,0.112903226
557,8,1.1208336,61,0.009142857,0.293950523,0.14516129
558,6,1.0102814,51,0.006857143,0.252684661,0.11827957
559,16,1.5212561,105,0.018285714,0.443416383,0.26344086
560,14,1.469555,98,0.016,0.424117894,0.244623656
561,14,1.3088794,85,0.016,0.364142451,0.209677419
562,4,1.1208336,66,0.004571429,0.293950523,0.158602151
563,18,1.799947,179,0.020571429,0.547443442,0.462365591
564,20,1.6322472,98,0.022857143,0.484846074,0.244623656
565,4,0.9216888,45,0.004571429,0.219615668,0.102150538
566,0,0.33333334,14,0,0,0.018817204
567,20,1.8351884,184,0.022857143,0.560598013,0.475806452
568,102,2.2324619,227,0.116571429,0.708888444,0.591397849
569,213,2.4033334,261,0.243428571,0.772669714,0.682795699
570,48,1.820729,147,0.054857143,0.555200747,0.376344086
571,40,1.7429162,131,0.045714286,0.526155533,0.333333333
572,0,1.3860333,116,0,0.392941717,0.293010753
573,14,1.4028426,66,0.016,0.399216131,0.158602151
574,0,0.73918515,30,0,0.15149246,0.061827957
575,57,1.9577465,185,0.065142857,0.606345322,0.478494624
576,17,1.8800701,185,0.019428571,0.577351022,0.478494624
577,6,1.2123377,53,0.006857143,0.328106294,0.123655914
578,13,1.40625,91,0.014857143,0.400488012,0.225806452
579,2,1,39,0.002285714,0.248846919,0.086021505
580,65,1.9976608,180,0.074285714,0.621244148,0.465053763
581,0,1.2621337,82,0,0.346693666,0.201612903
582,39,1.903571,184,0.044571429,0.586123212,0.475806452
583,12,1.3088794,81,0.013714286,0.364142451,0.198924731
584,24,1.3988512,43,0.027428571,0.397726259,0.096774194
585,18,1.3873369,46,0.020571429,0.393428312,0.10483871
586,22,1.5448366,71,0.025142857,0.452218285,0.172043011
587,0,0.76619166,21,0,0.161573191,0.037634409
588,14,1.3270249,31,0.016,0.370915629,0.064516129
589,6,0.8619656,19,0.006857143,0.197322766,0.032258065
590,0,0.42239243,13,0,0.033243121,0.016129032
591,2,1.2196002,71,0.002285714,0.33081717,0.172043011
592,11,1.3455029,85,0.012571429,0.377812919,0.209677419
593,0,0.63684219,28,0,0.113290865,0.056451613
594,2,1.3746208,68,0.002285714,0.388681769,0.163978495
595,23,1.6531878,44,0.026285714,0.492662579,0.099462366
596,2,1.3746208,68,0.002285714,0.388681769,0.163978495
597,48,1.7909094,76,0.054857143,0.544069974,0.185483871
598,0,1.0697098,44,0,0.274867523,0.099462366
599,0,1.0697098,44,0,0.274867523,0.099462366
600,5,1.1058542,35,0.005714286,0.288359157,0.075268817
601,4,1.1981546,52,0.004571429,0.322812163,0.120967742
602,14,1.3746208,67,0.016,0.388681769,0.161290323
603,4,0.80638385,31,0.004571429,0.176575745,0.064516129
604,0,0.33333334,11,0,0,0.010752688
605,11,1.5226898,89,0.012571429,0.443951541,0.220430108
606,15,1.5226898,89,0.017142857,0.443951541,0.220430108
607,0,0.91666669,39,0,0.217741063,0.086021505
608,1,0.91666669,39,0.001142857,0.217741063,0.086021505
609,44,1.9445313,153,0.050285714,0.601412479,0.392473118
610,12,1.4896638,81,0.013714286,0.431623913,0.198924731
611,6,1.3304729,66,0.006857143,0.372202665,0.158602151
612,5,1.2241485,51,0.005714286,0.332514916,0.11827957
613,20,1.6249448,94,0.022857143,0.482120304,0.233870968
614,3,1.6322472,103,0.003428571,0.484846074,0.258064516
615,8,1.6322472,103,0.009142857,0.484846074,0.258064516
616,10,1.2621337,82,0.011428571,0.346693666,0.201612903
617,6,0.94787496,43,0.006857143,0.229390186,0.096774194
618,10,1.1981546,59,0.011428571,0.322812163,0.139784946
619,41,1.7963344,131,0.046857143,0.546094965,0.333333333
620,0,0.99097741,56,0,0.245479054,0.13172043
621,15,1.4652896,97,0.017142857,0.422525746,0.241935484
622,8,1.3304729,61,0.009142857,0.372202665,0.14516129
623,11,1.6211112,123,0.012571429,0.480689335,0.311827957
624,0,0.90925324,51,0,0.214973841,0.11827957
625,11,1.5490618,113,0.012571429,0.453795427,0.284946237
626,34,1.7288883,106,0.038857143,0.520919334,0.266129032
627,24,1.4724894,70,0.027428571,0.425213218,0.169354839
628,26,1.9487677,165,0.029714286,0.602993802,0.424731183
629,4,1.9523805,206,0.004571429,0.604342353,0.534946237
630,12,1.238816,60,0.013714286,0.337989859,0.142473118
631,10,1.2409762,84,0.011428571,0.338796198,0.206989247
632,29,1.8020762,161,0.033142857,0.548238209,0.413978495
633,22,1.5346701,97,0.025142857,0.448423432,0.241935484
634,13,1.3443909,63,0.014857143,0.377397842,0.150537634
635,35,1.6118186,82,0.04,0.477220682,0.201612903
636,18,1.2726263,66,0.020571429,0.350610243,0.158602151
637,14,1.4850357,111,0.016,0.429896381,0.279569892
638,0,0.63684219,22,0,0.113290865,0.040322581
639,52,1.8276744,145,0.059428571,0.557793259,0.370967742
640,8,1.0952908,54,0.009142857,0.284416153,0.126344086
641,0,0.49860358,19,0,0.061690486,0.032258065
642,8,1.0952908,54,0.009142857,0.284416153,0.126344086
643,98,1.9756846,119,0.112,0.613041083,0.301075269
644,0,1.1257849,54,0,0.295798697,0.126344086
645,98,2.1182647,191,0.112,0.666262012,0.494623656
646,328,2.4722333,191,0.374857143,0.798388006,0.494623656
647,21,1.5,84,0.024,0.435482111,0.206989247
648,10,1.1,34,0.011428571,0.286173958,0.072580645
649,3,0.98510355,20,0.003428571,0.243286516,0.034946237
650,10,1.2222222,34,0.011428571,0.331795885,0.072580645
651,4,0.98558021,33,0.004571429,0.243464439,0.069892473
652,6,1.3034559,83,0.006857143,0.362118019,0.204301075
653,0,0.58170414,16,0,0.092709464,0.024193548
654,82,2.0589156,141,0.093714286,0.64410875,0.360215054
655,54,1.8900454,109,0.061714286,0.581074506,0.274193548
656,4,1.238816,58,0.004571429,0.337989859,0.137096774
657,0,1.1768752,58,0,0.314869193,0.137096774
658,9,1.5365106,76,0.010285714,0.449110436,0.185483871
659,36,1.7572933,60,0.041142857,0.531522079,0.142473118
660,1,1.3592209,76,0.001142857,0.382933442,0.185483871
661,13,1.4724894,76,0.014857143,0.425213218,0.185483871
662,3,0.91666669,40,0.003428571,0.217741063,0.088709677
663,6,1.1058542,39,0.006857143,0.288359157,0.086021505
664,22,1.7195774,112,0.025142857,0.517443851,0.282258065
665,36,1.4896638,66,0.041142857,0.431623913,0.158602151
666,10,1.1058542,32,0.011428571,0.288359157,0.067204301
667,6,0.8870222,26,0.006857143,0.206675653,0.051075269
668,6,1.0102814,46,0.006857143,0.252684661,0.10483871
669,18,1.6092162,102,0.020571429,0.476249283,0.255376344
670,0,1.1257849,54,0,0.295798697,0.126344086
671,10,1.1191936,37,0.011428571,0.29333836,0.080645161
672,24,1.3988512,37,0.027428571,0.397726259,0.080645161
673,14,1.3006579,39,0.016,0.361073609,0.086021505
674,0,0.76619166,21,0,0.161573191,0.037634409
675,14,1.3270249,33,0.016,0.370915629,0.069892473
676,8,1,24,0.009142857,0.248846919,0.045698925
677,6,0.8870222,25,0.006857143,0.206675653,0.048387097
678,8,0.98558021,21,0.009142857,0.243464439,0.037634409
679,12,1.2671746,20,0.013714286,0.348575284,0.034946237
680,12,1.2671746,22,0.013714286,0.348575284,0.040322581
681,8,1.0207884,26,0.009142857,0.256606613,0.051075269
682,8,1.1492875,18,0.009142857,0.304571522,0.029569892
683,0,0.58170414,14,0,0.092709464,0.018817204
684,14,1.3304729,57,0.016,0.372202665,0.134408602
685,20,1.6771457,110,0.022857143,0.501605354,0.27688172
686,243,2.4304767,136,0.277714286,0.782801504,0.346774194
687,0,1.4831443,98,0,0.429190377,0.244623656
688,117,2.0986035,91,0.133714286,0.658923068,0.225806452
689,17,1.5364467,61,0.019428571,0.449086584,0.14516129
690,5,1.0952908,44,0.005714286,0.284416153,0.099462366
691,10,1.2726263,59,0.011428571,0.350610243,0.139784946
692,68,1.8839605,93,0.077714286,0.578803193,0.231182796
693,12,1.2726263,58,0.013714286,0.350610243,0.137096774
694,6,0.91666669,30,0.006857143,0.217741063,0.061827957
695,6,0.84912294,22,0.006857143,0.192528981,0.040322581
696,6,0.9792943,45,0.006857143,0.241118095,0.102150538
697,16,1.5490618,88,0.018285714,0.453795427,0.217741935
698,16,1.5352089,85,0.018285714,0.44862455,0.209677419
699,4,0.84615386,40,0.004571429,0.191420712,0.088709677
700,0,0.33333334,12,0,0,0.01344086
701,2,1.2552096,55,0.002285714,0.344109104,0.129032258
702,24,1.5592874,84,0.027428571,0.457612341,0.206989247
703,0,0.78571427,40,0,0.168860403,0.088709677
704,11,1.6100973,87,0.012571429,0.476578172,0.215053763
705,32,1.8135039,67,0.036571429,0.552503831,0.161290323
706,1,1.3304729,59,0.001142857,0.372202665,0.139784946
707,1,1.3304729,59,0.001142857,0.372202665,0.139784946
708,2,1.2241485,46,0.002285714,0.332514916,0.10483871
709,2,1.3304729,59,0.002285714,0.372202665,0.139784946
710,10,1.3304729,59,0.011428571,0.372202665,0.139784946
711,1,0.94787496,35,0.001142857,0.229390186,0.075268817
712,0,0.73918515,33,0,0.15149246,0.069892473
713,14,1.4791844,102,0.016,0.427712264,0.255376344
714,72,1.8518485,116,0.082285714,0.566816735,0.293010753
715,116,2.019321,114,0.132571429,0.629329259,0.287634409
716,10,1.2196002,53,0.011428571,0.33081717,0.123655914
717,6,0.8870222,26,0.006857143,0.206675653,0.051075269
718,6,0.84912294,16,0.006857143,0.192528981,0.024193548
719,6,0.84912294,14,0.006857143,0.192528981,0.018817204
720,6,0.84912294,14,0.006857143,0.192528981,0.018817204
721,6,0.84912294,14,0.006857143,0.192528981,0.018817204
722,6,0.84912294,15,0.006857143,0.192528981,0.021505376
723,6,0.8619656,18,0.006857143,0.197322766,0.029569892
724,8,0.98510355,18,0.009142857,0.243286516,0.029569892
725,10,1.1492875,22,0.011428571,0.304571522,0.040322581
726,0,0.84912294,20,0,0.192528981,0.034946237
727,10,1.1191936,38,0.011428571,0.29333836,0.083333333
728,16,1.4652896,71,0.018285714,0.422525746,0.172043011
729,154,2.1376264,123,0.176,0.673489161,0.311827957
730,52,1.8750838,118,0.059428571,0.575489784,0.298387097
731,17,1.6581639,112,0.019428571,0.49452001,0.282258065
732,211,2.3334377,113,0.241142857,0.74657972,0.284946237
733,14,1.5490618,89,0.016,0.453795427,0.220430108
734,13,1.4516129,72,0.014857143,0.417420639,0.174731183
735,124,2.0993643,82,0.141714286,0.659207052,0.201612903
736,38,1.6042534,63,0.043428571,0.474396817,0.150537634
737,10,1.2196002,55,0.011428571,0.33081717,0.129032258
738,14,1.3592209,63,0.016,0.382933442,0.150537634
739,16,1.632839,77,0.018285714,0.485066975,0.188172043
740,22,1.6037242,61,0.025142857,0.474199282,0.14516129
741,116,2.0876319,93,0.132571429,0.654827695,0.231182796
742,14,1.390353,68,0.016,0.394554133,0.163978495
743,8,1.1950141,57,0.009142857,0.321639907,0.134408602
744,0,1.1950141,56,0,0.321639907,0.13172043
745,6,1.4516129,68,0.006857143,0.417420639,0.163978495
746,31,1.5785179,77,0.035428571,0.464790517,0.188172043
747,21,1.5517242,68,0.024,0.454789223,0.163978495
748,4,0.94787496,35,0.004571429,0.229390186,0.075268817
749,3,1.31797,45,0.003428571,0.367535703,0.102150538
750,6,0.9792943,33,0.006857143,0.241118095,0.069892473
751,16,1.4028426,49,0.018285714,0.399216131,0.112903226
752,45,1.7081656,94,0.051428571,0.513184164,0.233870968
753,14,1.390353,66,0.016,0.394554133,0.158602151
754,8,1,34,0.009142857,0.248846919,0.072580645
755,6,0.8619656,25,0.006857143,0.197322766,0.048387097
756,38,1.7325417,79,0.043428571,0.52228304,0.193548387
757,168,2.4020925,73,0.192,0.772206523,0.177419355
758,8,1.4028426,51,0.009142857,0.399216131,0.11827957
759,0,0.84615386,31,0,0.191420712,0.064516129
760,6,1.4028426,51,0.006857143,0.399216131,0.11827957
761,8,1.4028426,51,0.009142857,0.399216131,0.11827957
762,2,0.84615386,31,0.002285714,0.191420712,0.064516129
763,6,1.4028426,51,0.006857143,0.399216131,0.11827957
764,17,1.6734514,63,0.019428571,0.500226381,0.150537634
765,5,1.3455029,67,0.005714286,0.377812919,0.161290323
766,57,1.7812788,94,0.065142857,0.540475156,0.233870968
767,1,1.3455029,67,0.001142857,0.377812919,0.161290323
768,4,1.3455029,67,0.004571429,0.377812919,0.161290323
769,34,1.7495173,63,0.038857143,0.528619529,0.150537634
770,21,1.5598243,77,0.024,0.45781275,0.188172043
771,1,1.1768752,52,0.001142857,0.314869193,0.120967742
772,22,1.4382962,66,0.025142857,0.41244991,0.158602151
773,42,1.7257152,69,0.048,0.51973491,0.166666667
774,4,1.2829794,64,0.004571429,0.354474748,0.153225806
775,26,1.5598243,77,0.029714286,0.45781275,0.188172043
776,5,1.0445806,38,0.005714286,0.265487537,0.083333333
777,6,1,34,0.006857143,0.248846919,0.072580645
778,0,0.56608194,23,0,0.086878159,0.043010753
779,10,1.2409762,55,0.011428571,0.338796198,0.129032258
780,30,1.5598243,67,0.034285714,0.45781275,0.161290323
781,22,1.3873369,48,0.025142857,0.393428312,0.110215054
782,8,1.0445806,34,0.009142857,0.265487537,0.072580645
783,4,1.0445806,37,0.004571429,0.265487537,0.080645161
784,4,1,29,0.004571429,0.248846919,0.059139785
785,22,1.3873683,41,0.025142857,0.393440033,0.091397849
786,21,1.3873369,44,0.024,0.393428312,0.099462366
787,25,1.4666082,46,0.028571429,0.423017941,0.10483871
788,26,1.3845592,40,0.029714286,0.392391479,0.088709677
789,8,1.0445806,32,0.009142857,0.265487537,0.067204301
790,18,1.2063863,27,0.020571429,0.325884812,0.053763441
791,0,0.63684219,16,0,0.113290865,0.024193548
792,8,0.98558021,21,0.009142857,0.243464439,0.037634409
793,6,0.8870222,22,0.006857143,0.206675653,0.040322581
794,8,1.0207884,29,0.009142857,0.256606613,0.059139785
795,26,1.3873683,39,0.029714286,0.393440033,0.086021505
796,31,1.550553,45,0.035428571,0.454352048,0.102150538
797,7,1.3006579,41,0.008,0.361073609,0.091397849
798,14,1.31797,51,0.016,0.367535703,0.11827957
799,14,1.4221928,71,0.016,0.406438987,0.172043011
800,8,1.0952908,46,0.009142857,0.284416153,0.10483871
801,12,1.3815587,71,0.013714286,0.391271481,0.172043011
802,130,2.0986729,125,0.148571429,0.658948973,0.317204301
803,240,2.3097954,149,0.274285714,0.737754749,0.38172043
804,94,1.9999412,148,0.107428571,0.622095354,0.379032258
805,14,1.3746208,76,0.016,0.388681769,0.185483871
806,4,0.80638385,29,0.004571429,0.176575745,0.059139785
807,0,0.33333334,11,0,0,0.010752688
808,0,1.0233698,49,0,0.257570173,0.112903226
809,0,1.2027932,62,0,0.324543615,0.147849462
810,12,1.3992285,88,0.013714286,0.397867094,0.217741935
811,0,1.3815587,79,0,0.391271481,0.193548387
812,10,1.4350866,111,0.011428571,0.411251861,0.279569892
813,86,2.1847315,173,0.098285714,0.6910721,0.446236559
814,875,3.0123565,227,1,1,0.591397849
815,47,2.1475871,166,0.053714286,0.677207195,0.427419355
816,0,1.1257849,65,0,0.295798697,0.155913978
817,0,1.1257849,65,0,0.295798697,0.155913978
818,7,1.4166186,88,0.008,0.404358303,0.217741935
819,50,2.0321984,150,0.057142857,0.634136011,0.384408602
820,12,1.3815587,80,0.013714286,0.391271481,0.196236559
821,8,0.98558021,35,0.009142857,0.243464439,0.075268817
822,6,0.84912294,16,0.006857143,0.192528981,0.024193548
823,4,0.70398736,10,0.004571429,0.138354168,0.008064516
824,0,0.33333334,7,0,0,0
825,70,2.1384616,150,0.08,0.673800916,0.384408602
826,65,2.1261039,169,0.074285714,0.669188153,0.435483871
827,0,1.1842105,88,0,0.317607243,0.217741935
828,644,2.8768764,212,0.736,0.949429291,0.551075269
829,32,1.9145788,136,0.036571429,0.590232098,0.346774194
830,10,1.3624066,74,0.011428571,0.38412257,0.180107527
831,36,1.5154221,45,0.041142857,0.441238724,0.102150538
832,10,1.1365665,45,0.011428571,0.299823149,0.102150538
833,10,1.3995763,92,0.011428571,0.397996918,0.228494624
834,26,2.0250261,154,0.029714286,0.631458804,0.39516129
835,118,2.2177286,176,0.134857143,0.70338894,0.454301075
836,10,1.4350866,101,0.011428571,0.411251861,0.252688172
837,10,1.1365665,45,0.011428571,0.299823149,0.102150538
838,10,1.1058542,25,0.011428571,0.288359157,0.048387097
839,6,0.91666669,25,0.006857143,0.217741063,0.048387097
840,8,1.0207884,40,0.009142857,0.256606613,0.088709677
841,26,1.5212561,96,0.029714286,0.443416383,0.239247312
842,6,0.8870222,34,0.006857143,0.206675653,0.072580645
843,0,0.42239243,12,0,0.033243121,0.01344086
844,6,0.9792943,37,0.006857143,0.241118095,0.080645161
845,18,1.5346701,82,0.020571429,0.448423432,0.201612903
846,4,0.70398736,15,0.004571429,0.138354168,0.021505376
847,0,0.33333334,7,0,0,0
848,1,1.4652896,79,0.001142857,0.422525746,0.193548387
849,73,2.2474272,177,0.083428571,0.714474548,0.456989247
850,8,1.4652896,79,0.009142857,0.422525746,0.193548387
851,0,1.3995763,95,0,0.397996918,0.23655914
852,10,1.3624066,90,0.011428571,0.38412257,0.22311828
853,4,0.72781962,31,0.004571429,0.147250045,0.064516129
854,0,0.33333334,9,0,0,0.005376344
855,0,1.8649745,146,0,0.571716282,0.373655914
856,8,1.0207884,31,0.009142857,0.256606613,0.064516129
857,6,0.8619656,25,0.006857143,0.197322766,0.048387097
858,22,1.6037242,55,0.025142857,0.474199282,0.129032258
859,6,1.0697098,40,0.006857143,0.274867523,0.088709677
860,64,1.9244691,55,0.073142857,0.593923854,0.129032258
861,11,1.5365106,53,0.012571429,0.449110436,0.123655914
862,10,1.3845592,45,0.011428571,0.392391479,0.102150538
863,33,1.7379411,57,0.037714286,0.524298476,0.134408602
864,3,1.1365665,40,0.003428571,0.299823149,0.088709677
865,8,1.0445806,38,0.009142857,0.265487537,0.083333333
866,6,0.9792943,37,0.006857143,0.241118095,0.080645161
867,14,1.3076391,44,0.016,0.363679484,0.099462366
868,32,2.0209444,134,0.036571429,0.629935226,0.341397849
869,6,1.4337122,93,0.006857143,0.410738838,0.231182796
870,127,2.136039,130,0.145142857,0.672896631,0.330645161
871,53,1.6794915,78,0.060571429,0.502480971,0.190860215
872,0,0.9216888,37,0,0.219615668,0.080645161
873,26,1.3938289,49,0.029714286,0.395851583,0.112903226
874,11,1.2241485,35,0.012571429,0.332514916,0.075268817
875,33,1.4644111,47,0.037714286,0.422197828,0.107526882
876,10,1.1058542,28,0.011428571,0.288359157,0.056451613
877,6,0.8870222,20,0.006857143,0.206675653,0.034946237
878,6,0.84912294,16,0.006857143,0.192528981,0.024193548
879,10,1.1561403,41,0.011428571,0.307129469,0.091397849
880,6,0.8870222,23,0.006857143,0.206675653,0.043010753
881,6,0.84912294,16,0.006857143,0.192528981,0.024193548
882,6,0.84912294,14,0.006857143,0.192528981,0.018817204
883,10,1.1,25,0.011428571,0.286173958,0.048387097
884,4,0.72781962,15,0.004571429,0.147250045,0.021505376
885,0,0.33333334,9,0,0,0.005376344
886,12,1.507236,78,0.013714286,0.438183095,0.190860215
887,8,1.0207884,29,0.009142857,0.256606613,0.059139785
888,6,0.8619656,20,0.006857143,0.197322766,0.034946237
889,6,0.8619656,18,0.006857143,0.197322766,0.029569892
890,8,0.98558021,19,0.009142857,0.243464439,0.032258065
891,18,1.2222222,21,0.020571429,0.331795885,0.037634409
892,8,0.98558021,18,0.009142857,0.243464439,0.029569892
893,6,0.84912294,14,0.006857143,0.192528981,0.018817204
894,4,0.70398736,10,0.004571429,0.138354168,0.008064516
895,0,0.33333334,7,0,0,0
896,8,0.98558021,19,0.009142857,0.243464439,0.032258065
897,6,0.8619656,16,0.006857143,0.197322766,0.024193548
898,6,0.87255627,12,0.006857143,0.201275949,0.01344086
899,4,0.70398736,9,0.004571429,0.138354168,0.005376344
900,0,0.33333334,7,0,0,0
901,165,2.3165717,94,0.188571429,0.740284141,0.233870968
902,9,1.1191936,38,0.010285714,0.29333836,0.083333333
903,8,1.1208336,50,0.009142857,0.293950523,0.115591398
904,22,1.6118186,71,0.025142857,0.477220682,0.172043011
905,23,1.8294003,54,0.026285714,0.558437487,0.126344086
906,21,1.6474625,52,0.024,0.490525494,0.120967742
907,21,1.6118186,71,0.024,0.477220682,0.172043011
908,5,1.2552096,52,0.005714286,0.344109104,0.120967742
909,29,1.6008096,43,0.033142857,0.473111349,0.096774194
910,2,1.4516129,69,0.002285714,0.417420639,0.166666667
911,22,1.6673985,71,0.025142857,0.497967013,0.172043011
912,6,1.1981546,52,0.006857143,0.322812163,0.120967742
913,20,1.5517242,69,0.022857143,0.454789223,0.166666667
914,2,0.94787496,38,0.002285714,0.229390186,0.083333333
915,7,1.390353,65,0.008,0.394554133,0.155913978
916,6,1.2552096,52,0.006857143,0.344109104,0.120967742
917,12,1.4028426,56,0.013714286,0.399216131,0.13172043
918,11,1.4791844,72,0.012571429,0.427712264,0.174731183
919,3,1.1191936,38,0.003428571,0.29333836,0.083333333
920,16,1.4791844,71,0.018285714,0.427712264,0.172043011
921,4,0.84615386,34,0.004571429,0.191420712,0.072580645
922,0,0.33333334,12,0,0,0.01344086
923,16,1.3938289,47,0.018285714,0.395851583,0.107526882
924,18,1.2241485,39,0.020571429,0.332514916,0.086021505
925,8,1,25,0.009142857,0.248846919,0.048387097
926,8,0.98558021,19,0.009142857,0.243464439,0.032258065
927,14,1.1492875,17,0.016,0.304571522,0.02688172
928,8,0.98558021,23,0.009142857,0.243464439,0.043010753
929,6,0.8619656,17,0.006857143,0.197322766,0.02688172
930,6,0.84912294,17,0.006857143,0.192528981,0.02688172
931,6,0.8870222,27,0.006857143,0.206675653,0.053763441
932,10,1.1768752,44,0.011428571,0.314869193,0.099462366
933,8,0.98510355,15,0.009142857,0.243286516,0.021505376
934,6,0.84912294,13,0.006857143,0.192528981,0.016129032
935,4,0.70398736,10,0.004571429,0.138354168,0.008064516
936,0,0.33333334,7,0,0,0
937,0,0.58170414,12,0,0.092709464,0.01344086
938,0,1.785715,126,0,0.542131058,0.319892473
939,0,1.785715,126,0,0.542131058,0.319892473
940,0,1.785715,126,0,0.542131058,0.319892473
941,0,1.785715,126,0,0.542131058,0.319892473
942,37,2.0398967,147,0.042285714,0.637009558,0.376344086
943,67,2.1222482,167,0.076571429,0.667748934,0.430107527
944,0,1.8649745,146,0,0.571716282,0.373655914
945,0,1.8649745,146,0,0.571716282,0.373655914
946,164,2.5715699,193,0.187428571,0.835467417,0.5
947,2,1.5879793,121,0.002285714,0.468322178,0.306451613
948,12,1.6018455,123,0.013714286,0.473498019,0.311827957
949,6,0.91666669,51,0.006857143,0.217741063,0.11827957
950,6,0.84912294,18,0.006857143,0.192528981,0.029569892
951,6,0.8619656,32,0.006857143,0.197322766,0.067204301
952,8,1.3274732,91,0.009142857,0.371082966,0.225806452
953,70,2.5080745,193,0.08,0.811766465,0.5
954,3,1.6543651,123,0.003428571,0.493102031,0.311827957
955,4,1.9261212,146,0.004571429,0.594540534,0.373655914
956,118,2.2214549,135,0.134857143,0.704779857,0.344086022
957,31,2.0209444,133,0.035428571,0.629935226,0.338709677
958,40,1.632839,78,0.045714286,0.485066975,0.190860215
959,10,1.1561403,61,0.011428571,0.307129469,0.14516129
960,8,1.3475152,85,0.009142857,0.378564051,0.209677419
961,74,2.0712798,155,0.084571429,0.64872394,0.397849462
962,6,1.3431821,72,0.006857143,0.376946633,0.174731183
963,2,1.3431821,72,0.002285714,0.376946633,0.174731183
964,1,0.72781962,32,0.001142857,0.147250045,0.067204301
965,0,1.3431821,72,0,0.376946633,0.174731183
966,8,1.0207884,40,0.009142857,0.256606613,0.088709677
967,0,0.49860358,17,0,0.061690486,0.02688172
968,8,1.2857143,72,0.009142857,0.355495605,0.174731183
969,0,0.33333334,8,0,0,0.002688172
970,4,0.69804502,26,0.004571429,0.136136068,0.051075269
971,18,1.875,111,0.020571429,0.575458504,0.279569892
972,13,1.9487677,165,0.014857143,0.602993802,0.424731183
973,15,1.9487677,165,0.017142857,0.602993802,0.424731183
974,12,1.8815688,165,0.013714286,0.577910443,0.424731183
975,0,1.8815688,165,0,0.577910443,0.424731183
976,2,1.4382962,108,0.002285714,0.41244991,0.271505376
977,0,0.49860358,19,0,0.061690486,0.032258065
978,16,1.4221928,99,0.018285714,0.406438987,0.247311828
979,3,1.4803609,86,0.003428571,0.428151416,0.212365591
980,2,1.4803609,86,0.002285714,0.428151416,0.212365591
981,11,1.4382962,79,0.012571429,0.41244991,0.193548387
982,30,1.632839,106,0.034285714,0.485066975,0.266129032
983,133,2.1570766,196,0.152,0.680749344,0.508064516
984,12,1.5763751,125,0.013714286,0.463990673,0.317204301
985,47,1.9523805,194,0.053714286,0.604342353,0.502688172
986,16,1.3443909,74,0.018285714,0.377397842,0.180107527
987,1,0.8619656,27,0.001142857,0.197322766,0.053763441
988,1,0.84912294,18,0.001142857,0.192528981,0.029569892
989,13,1.2222222,31,0.014857143,0.331795885,0.064516129
990,9,1.2196002,67,0.010285714,0.33081717,0.161290323
991,45,1.8614054,182,0.051428571,0.570384043,0.470430108
992,0,0.94593292,60,0,0.22866528,0.142473118
993,0,0.80638385,32,0,0.176575745,0.067204301
994,20,1.820729,139,0.022857143,0.555200747,0.35483871
995,8,1.1768752,58,0.009142857,0.314869193,0.137096774
996,0,0.58170414,22,0,0.092709464,0.040322581
997,4,1.4380959,104,0.004571429,0.412375143,0.260752688
998,20,1.9959557,206,0.022857143,0.620607684,0.534946237
999,10,1.390353,87,0.011428571,0.394554133,0.215053763
1000,102,2.1642892,174,0.116571429,0.683441594,0.448924731
1001,46,1.7001897,100,0.052571429,0.510206996,0.25
1002,22,1.5346701,91,0.025142857,0.448423432,0.225806452
1003,2,1.2186118,75,0.002285714,0.330448229,0.182795699
1004,2,0.91666669,38,0.002285714,0.217741063,0.083333333
1005,77,1.8855816,109,0.088,0.579408302,0.274193548
1006,30,1.4724894,62,0.034285714,0.425213218,0.147849462
1007,10,1.1365665,36,0.011428571,0.299823149,0.077956989
1008,10,1.1087778,24,0.011428571,0.28945045,0.045698925
1009,10,1.1492875,19,0.011428571,0.304571522,0.032258065
1010,0,0.84912294,17,0,0.192528981,0.02688172
1011,8,0.98510355,20,0.009142857,0.243286516,0.034946237
1012,6,0.91666669,28,0.006857143,0.217741063,0.056451613
1013,10,1.1561403,49,0.011428571,0.307129469,0.112903226
1014,13,1.4666082,63,0.014857143,0.423017941,0.150537634
1015,24,1.471094,46,0.027428571,0.424692357,0.10483871
1016,22,1.5154221,38,0.025142857,0.441238724,0.083333333
1017,1,1,33,0.001142857,0.248846919,0.069892473
1018,3,1.2052853,40,0.003428571,0.325473842,0.088709677
1019,16,1.4666082,63,0.018285714,0.423017941,0.150537634
1020,6,0.91666669,29,0.006857143,0.217741063,0.059139785
1021,0,0.42239243,13,0,0.033243121,0.016129032
1022,20,1.4244281,36,0.022857143,0.407273359,0.077956989
1023,0,0.98510355,22,0,0.243286516,0.040322581
1024,2,0.84912294,20,0.002285714,0.192528981,0.034946237
1025,8,1.2063863,31,0.009142857,0.325884812,0.064516129
1026,10,1.1365665,43,0.011428571,0.299823149,0.096774194
1027,12,1.3636364,72,0.013714286,0.384581617,0.174731183
1028,20,1.6992515,110,0.022857143,0.509856794,0.27688172
1029,57,1.8105773,51,0.065142857,0.551411418,0.11827957
1030,0,1,24,0,0.248846919,0.045698925
1031,0,1,24,0,0.248846919,0.045698925
1032,0,0.62688404,16,0,0.109573782,0.024193548
1033,12,1.2222222,24,0.013714286,0.331795885,0.045698925
1034,13,1.5003179,104,0.014857143,0.435600773,0.260752688
1035,4,1.0405263,50,0.004571429,0.263974187,0.115591398
1036,11,1.3270249,26,0.012571429,0.370915629,0.051075269
1037,0,1,24,0,0.248846919,0.045698925
1038,80,1.8815688,131,0.091428571,0.577910443,0.333333333
1039,0,1.1768752,58,0,0.314869193,0.137096774
1040,14,1.31797,64,0.016,0.367535703,0.153225806
1041,8,1.0952908,49,0.009142857,0.284416153,0.112903226
1042,14,1.40625,70,0.016,0.400488012,0.169354839
1043,134,2.1057987,112,0.153142857,0.661608823,0.282258065
1044,34,1.6037242,62,0.038857143,0.474199282,0.147849462
1045,10,1.3746208,62,0.011428571,0.388681769,0.147849462
1046,14,1.2063863,35,0.016,0.325884812,0.075268817
1047,0,0.84912294,20,0,0.192528981,0.034946237
1048,0,1.0207884,35,0,0.256606613,0.075268817
1049,10,1.4135897,60,0.011428571,0.403227705,0.142473118
1050,0,1.1365665,39,0,0.299823149,0.086021505
1051,62,1.7909094,70,0.070857143,0.544069974,0.169354839
1052,4,1.1365665,39,0.004571429,0.299823149,0.086021505
1053,0,0.88468331,35,0,0.205802614,0.075268817
1054,12,1.2552096,55,0.013714286,0.344109104,0.129032258
1055,8,1.241593,75,0.009142857,0.339026431,0.182795699
1056,33,1.8496778,133,0.037714286,0.566006477,0.338709677
1057,2,1.3812032,96,0.002285714,0.391138784,0.239247312
1058,92,2.2044523,189,0.105142857,0.69843329,0.489247312
1059,12,1.2552096,45,0.013714286,0.344109104,0.102150538
1060,8,1.0207884,29,0.009142857,0.256606613,0.059139785
1061,14,1.1492875,19,0.016,0.304571522,0.032258065
1062,0,0.58170414,12,0,0.092709464,0.01344086
1063,8,0.98510355,16,0.009142857,0.243286516,0.024193548
1064,6,0.8619656,16,0.006857143,0.197322766,0.024193548
1065,6,0.84912294,15,0.006857143,0.192528981,0.021505376
1066,6,0.84912294,14,0.006857143,0.192528981,0.018817204
1067,6,0.84912294,19,0.006857143,0.192528981,0.032258065
1068,6,0.9792943,51,0.006857143,0.241118095,0.11827957
1069,16,1.6418091,124,0.018285714,0.488415248,0.314516129
1070,164,2.2496166,157,0.187428571,0.715291786,0.403225806
1071,76,2.0231106,126,0.086857143,0.630743804,0.319892473
1072,32,1.8362781,96,0.036571429,0.561004766,0.239247312
1073,34,1.6211112,82,0.038857143,0.480689335,0.201612903
1074,53,1.7379411,65,0.060571429,0.524298476,0.155913978
1075,19,1.5405476,55,0.021714286,0.450617329,0.129032258
1076,12,1.3006579,41,0.013714286,0.361073609,0.091397849
1077,4,1.2063863,32,0.004571429,0.325884812,0.067204301
1078,6,1.2063863,32,0.006857143,0.325884812,0.067204301
1079,7,1.2222222,36,0.008,0.331795885,0.077956989
1080,28,1.4864661,42,0.032,0.430430307,0.094086022
1081,0,0.98558021,26,0,0.243464439,0.051075269
1082,4,1.1634083,17,0.004571429,0.309842398,0.02688172
1083,1,0.98558021,26,0.001142857,0.243464439,0.051075269
1084,3,0.98558021,26,0.003428571,0.243464439,0.051075269
1085,22,1.3006579,52,0.025142857,0.361073609,0.120967742
1086,18,1.2552096,43,0.020571429,0.344109104,0.096774194
1087,0,0.63684219,21,0,0.113290865,0.037634409
1088,0,0.68957245,20,0,0.132973509,0.034946237
1089,20,1.5365106,57,0.022857143,0.449110436,0.134408602
1090,117,2.062937,75,0.133714286,0.64560982,0.182795699
1091,26,1.7307693,63,0.029714286,0.521621455,0.150537634
1092,54,1.6981779,47,0.061714286,0.509456051,0.107526882
1093,14,1.3057258,43,0.016,0.362965306,0.096774194
1094,6,1.2027932,71,0.006857143,0.324543615,0.172043011
1095,24,1.7890326,134,0.027428571,0.54336942,0.341397849
1096,2,0.98510355,20,0.002285714,0.243286516,0.034946237
1097,2,1.2222222,30,0.002285714,0.331795885,0.061827957
1098,0,1,30,0,0.248846919,0.061827957
1099,5,1.2222222,30,0.005714286,0.331795885,0.061827957
1100,1,1.2222222,30,0.001142857,0.331795885,0.061827957
1101,8,1.4644111,51,0.009142857,0.422197828,0.11827957
1102,20,1.606352,57,0.022857143,0.475180162,0.134408602
1103,2,1.1257849,50,0.002285714,0.295798697,0.115591398
1104,184,2.4037166,90,0.210285714,0.772812752,0.22311828
1105,38,1.9174613,72,0.043428571,0.59130805,0.174731183
1106,0,1.0453717,49,0,0.265782831,0.112903226
1107,0,1.4028426,55,0,0.399216131,0.129032258
1108,0,1.4028426,55,0,0.399216131,0.129032258
1109,7,1.7852225,72,0.008,0.541947222,0.174731183
1110,4,1.7852225,72,0.004571429,0.541947222,0.174731183
1111,2,1.7852225,72,0.002285714,0.541947222,0.174731183
1112,14,1.606352,57,0.016,0.475180162,0.134408602
1113,3,1.1257849,50,0.003428571,0.295798697,0.115591398
1114,15,1.4644111,51,0.017142857,0.422197828,0.11827957
1115,8,1.2186118,62,0.009142857,0.330448229,0.147849462
1116,0,0.49860358,25,0,0.061690486,0.048387097
1117,23,1.507236,92,0.026285714,0.438183095,0.228494624
1118,3,1.0207884,39,0.003428571,0.256606613,0.086021505
1119,11,1.1492875,21,0.012571429,0.304571522,0.037634409
1120,3,1.0207884,39,0.003428571,0.256606613,0.086021505
1121,6,0.8619656,17,0.006857143,0.197322766,0.02688172
1122,8,0.98510355,18,0.009142857,0.243286516,0.029569892
1123,6,0.84912294,16,0.006857143,0.192528981,0.024193548
1124,6,0.8619656,21,0.006857143,0.197322766,0.037634409
1125,8,1.0697098,43,0.009142857,0.274867523,0.096774194
1126,22,1.31797,50,0.025142857,0.367535703,0.115591398
1127,34,1.6322472,100,0.038857143,0.484846074,0.25
1128,8,1,26,0.009142857,0.248846919,0.051075269
1129,6,0.8619656,18,0.006857143,0.197322766,0.029569892
1130,6,0.8619656,19,0.006857143,0.197322766,0.032258065
1131,10,1.1191936,30,0.011428571,0.29333836,0.061827957
1132,18,1.2063863,27,0.020571429,0.325884812,0.053763441
1133,8,0.98558021,20,0.009142857,0.243464439,0.034946237
1134,8,1.0207884,26,0.009142857,0.256606613,0.051075269
1135,10,1.1058542,27,0.011428571,0.288359157,0.053763441
1136,27,1.4244281,37,0.030857143,0.407273359,0.080645161
1137,3,1.1058542,27,0.003428571,0.288359157,0.053763441
1138,12,1.3088794,59,0.013714286,0.364142451,0.139784946
1139,41,1.7555087,91,0.046857143,0.530855941,0.225806452
1140,203,2.2908418,133,0.232,0.730679932,0.338709677
1141,16,1.5627899,103,0.018285714,0.458919721,0.258064516
1142,52,1.6981779,59,0.059428571,0.509456051,0.139784946
1143,12,1.2241485,41,0.013714286,0.332514916,0.091397849
1144,8,1.1460608,49,0.009142857,0.30336709,0.112903226
1145,26,1.5517242,73,0.029714286,0.454789223,0.177419355
1146,0,0.94787496,29,0,0.229390186,0.059139785
1147,0,1.3006579,36,0,0.361073609,0.077956989
1148,60,1.8828143,39,0.068571429,0.578375351,0.086021505
1149,20,1.3057258,30,0.022857143,0.362965306,0.061827957
1150,0,0.76619166,22,0,0.161573191,0.040322581
1151,0,0.76619166,22,0,0.161573191,0.040322581
1152,14,1.3076391,38,0.016,0.363679484,0.083333333
1153,0,0.9792943,30,0,0.241118095,0.061827957
1154,43,1.6071428,65,0.049142857,0.475475345,0.155913978
1155,22,1.2989333,37,0.025142857,0.360429867,0.080645161
1156,8,0.98558021,20,0.009142857,0.243464439,0.034946237
1157,4,0.69804502,13,0.004571429,0.136136068,0.016129032
1158,0,0.33333334,8,0,0,0.002688172
1159,98,1.9916508,87,0.112,0.619000793,0.215053763
1160,14,1.5,65,0.016,0.435482111,0.155913978
1161,13,1.4791844,75,0.014857143,0.427712264,0.182795699
1162,22,1.6249448,76,0.025142857,0.482120304,0.185483871
1163,6,0.9792943,39,0.006857143,0.241118095,0.086021505
1164,0,0.42239243,16,0,0.033243121,0.024193548
1165,15,1.4666082,56,0.017142857,0.423017941,0.13172043
1166,3,0.91666669,32,0.003428571,0.217741063,0.067204301
1167,2,1.2552096,53,0.002285714,0.344109104,0.123655914
1168,10,1.4135897,57,0.011428571,0.403227705,0.134408602
1169,25,1.4244281,35,0.028571429,0.407273359,0.075268817
1170,0,0.76619166,21,0,0.161573191,0.037634409
1171,8,0.98510355,21,0.009142857,0.243286516,0.037634409
1172,0,0.49860358,13,0,0.061690486,0.016129032
1173,16,1.5365106,57,0.018285714,0.449110436,0.134408602
1174,6,1.507236,80,0.006857143,0.438183095,0.196236559
1175,3,1.0102814,44,0.003428571,0.252684661,0.099462366
1176,8,1.1191936,36,0.009142857,0.29333836,0.077956989
1177,0,0.68957245,19,0,0.132973509,0.032258065
1178,0,0.87048382,39,0,0.200502365,0.086021505
1179,38,1.6413553,82,0.043428571,0.488245857,0.201612903
1180,18,1.3076391,47,0.020571429,0.363679484,0.107526882
1181,6,1.1058542,29,0.006857143,0.288359157,0.059139785
1182,4,0.98558021,26,0.004571429,0.243464439,0.051075269
1183,4,0.98558021,21,0.004571429,0.243464439,0.037634409
1184,18,1.375,26,0.020571429,0.388823313,0.051075269
1185,18,1.2123377,36,0.020571429,0.328106294,0.077956989
1186,14,1.3443909,64,0.016,0.377397842,0.153225806
1187,0,0.63684219,18,0,0.113290865,0.029569892
1188,0,1.0405263,56,0,0.263974187,0.13172043
1189,8,1.0952908,56,0.009142857,0.284416153,0.13172043
1190,18,1.2222222,27,0.020571429,0.331795885,0.053763441
1191,22,1.3057258,28,0.025142857,0.362965306,0.056451613
1192,8,1,21,0.009142857,0.248846919,0.037634409
1193,10,1.1191936,28,0.011428571,0.29333836,0.056451613
1194,12,1.2222222,24,0.013714286,0.331795885,0.045698925
1195,12,1.2063863,27,0.013714286,0.325884812,0.053763441
1196,8,0.98558021,20,0.009142857,0.243464439,0.034946237
1197,6,0.84912294,16,0.006857143,0.192528981,0.024193548
1198,4,0.70398736,10,0.004571429,0.138354168,0.008064516
1199,0,0.33333334,7,0,0,0
1200,0,0.63684219,15,0,0.113290865,0.021505376
1201,6,0.84912294,15,0.006857143,0.192528981,0.021505376
1202,4,0.70398736,10,0.004571429,0.138354168,0.008064516
1203,0,0.33333334,7,0,0,0
1204,12,1.2222222,23,0.013714286,0.331795885,0.043010753
1205,8,0.98510355,18,0.009142857,0.243286516,0.029569892
1206,4,0.69804502,14,0.004571429,0.136136068,0.018817204
1207,0,0.33333334,8,0,0,0.002688172
1208,15,1.2063863,26,0.017142857,0.325884812,0.051075269
1209,5,1.1058542,27,0.005714286,0.288359157,0.053763441
1210,18,1.4783703,22,0.020571429,0.427408384,0.040322581
1211,4,0.98510355,18,0.004571429,0.243286516,0.029569892
1212,2,0.87255627,14,0.002285714,0.201275949,0.018817204
1213,2,0.87255627,14,0.002285714,0.201275949,0.018817204
1214,4,0.98510355,18,0.004571429,0.243286516,0.029569892
1215,50,1.6734514,51,0.057142857,0.500226381,0.11827957
1216,0,1.1981546,39,0,0.322812163,0.086021505
1217,12,1.2241485,33,0.013714286,0.332514916,0.069892473
1218,42,1.6531878,26,0.048,0.492662579,0.051075269
1219,22,1.3270249,22,0.025142857,0.370915629,0.040322581
1220,0,0.68957245,17,0,0.132973509,0.02688172
1221,6,0.8619656,17,0.006857143,0.197322766,0.02688172
1222,0,0.42239243,11,0,0.033243121,0.010752688
1223,8,1,21,0.009142857,0.248846919,0.037634409
1224,8,1,21,0.009142857,0.248846919,0.037634409
1225,0,0.49860358,14,0,0.061690486,0.018817204
1226,0,0.49860358,14,0,0.061690486,0.018817204
1227,2,1.0445806,32,0.002285714,0.265487537,0.067204301
1228,2,1.2241485,35,0.002285714,0.332514916,0.075268817
1229,0,1.0952908,35,0,0.284416153,0.075268817
1230,12,1.2241485,35,0.013714286,0.332514916,0.075268817
1231,0,0.62688404,21,0,0.109573782,0.037634409
1232,12,1.2552096,44,0.013714286,0.344109104,0.099462366
1233,13,1.2052853,37,0.014857143,0.325473842,0.080645161
1234,16,1.3270249,37,0.018285714,0.370915629,0.080645161
1235,8,1.2989333,33,0.009142857,0.360429867,0.069892473
1236,17,1.3270249,30,0.019428571,0.370915629,0.061827957
1237,10,1.2989333,33,0.011428571,0.360429867,0.069892473
1238,18,1.2052853,35,0.020571429,0.325473842,0.075268817
1239,12,1.2552096,42,0.013714286,0.344109104,0.094086022
1240,0,0.63684219,19,0,0.113290865,0.032258065
1241,12,1.4337122,93,0.013714286,0.410738838,0.231182796
1242,4,0.76619166,32,0.004571429,0.161573191,0.067204301
1243,0,0.33333334,10,0,0,0.008064516
1244,0,1.5872986,108,0,0.468068092,0.271505376
1245,16,1.6992515,108,0.018285714,0.509856794,0.271505376
1246,12,1.2123377,51,0.013714286,0.328106294,0.11827957
1247,9,1.2123377,51,0.010285714,0.328106294,0.11827957
1248,3,1.6659329,108,0.003428571,0.497419948,0.271505376
1249,11,1.6659329,108,0.012571429,0.497419948,0.271505376
1250,0,0.63684219,22,0,0.113290865,0.040322581
1251,22,1.9041096,156,0.025142857,0.586324256,0.400537634
1252,16,1.7500782,144,0.018285714,0.528828896,0.36827957
1253,4,0.70398736,9,0.004571429,0.138354168,0.005376344
1254,6,0.87255627,14,0.006857143,0.201275949,0.018817204
1255,6,0.91666669,34,0.006857143,0.217741063,0.072580645
1256,12,1.3815587,86,0.013714286,0.391271481,0.212365591
1257,0,0.33333334,7,0,0,0
1258,0,1.226782,83,0,0.333497923,0.204301075
1259,8,1.3636364,85,0.009142857,0.384581617,0.209677419
1260,4,1.0697098,50,0.004571429,0.274867523,0.115591398
1261,64,1.9040805,115,0.073142857,0.586313393,0.290322581
1262,17,1.6883124,110,0.019428571,0.505773552,0.27688172
1263,5,1.0102814,50,0.005714286,0.252684661,0.115591398
1264,6,0.87255627,19,0.006857143,0.201275949,0.032258065
1265,5,1.0102814,50,0.005714286,0.252684661,0.115591398
1266,17,1.6883124,110,0.019428571,0.505773552,0.27688172
1267,6,1.1492875,27,0.006857143,0.304571522,0.053763441
1268,4,0.98510355,27,0.004571429,0.243286516,0.053763441
1269,6,1.1981546,58,0.006857143,0.322812163,0.137096774
1270,12,1.31797,58,0.013714286,0.367535703,0.137096774
1271,2,1.5302317,116,0.002285714,0.446766709,0.293010753
1272,0,0.8619656,27,0,0.197322766,0.053763441
1273,76,1.8489804,79,0.086857143,0.565746158,0.193548387
1274,80,1.9174613,79,0.091428571,0.59130805,0.193548387
1275,27,1.8020762,141,0.030857143,0.548238209,0.360215054
1276,3,0.8870222,27,0.003428571,0.206675653,0.053763441
1277,16,1.6994165,140,0.018285714,0.509918384,0.357526882
1278,12,1.2123377,52,0.013714286,0.328106294,0.120967742
1279,8,1.2063863,35,0.009142857,0.325884812,0.075268817
1280,10,1.31797,48,0.011428571,0.367535703,0.110215054
1281,6,1.2063863,35,0.006857143,0.325884812,0.075268817
1282,8,1.31797,48,0.009142857,0.367535703,0.110215054
1283,12,1.238816,44,0.013714286,0.337989859,0.099462366
1284,4,0.76619166,21,0.004571429,0.161573191,0.037634409
1285,0,0.33333334,10,0,0,0.008064516
1286,24,1.3873369,46,0.027428571,0.393428312,0.10483871
1287,1,0.8870222,27,0.001142857,0.206675653,0.053763441
1288,0,0.70398736,14,0,0.138354168,0.018817204
1289,0,1.0698866,44,0,0.274933517,0.099462366
1290,0,1.0207884,43,0,0.256606613,0.096774194
1291,25,1.5395753,69,0.028571429,0.450254398,0.166666667
1292,8,1.2906152,70,0.009142857,0.357324966,0.169354839
1293,19,1.7399356,119,0.021714286,0.525042964,0.301075269
1294,66,1.8077145,108,0.075428571,0.55034282,0.271505376
1295,0,0.99097741,49,0,0.245479054,0.112903226
1296,0,0.99097741,49,0,0.245479054,0.112903226
1297,8,1.0952908,49,0.009142857,0.284416153,0.112903226
1298,0,0.49860358,18,0,0.061690486,0.029569892
1299,5,0.8619656,22,0.005714286,0.197322766,0.040322581
1300,7,1.3636364,80,0.008,0.384581617,0.196236559
1301,19,1.5110798,82,0.021714286,0.439617872,0.201612903
1302,3,0.91666669,35,0.003428571,0.217741063,0.075268817
1303,7,1.0207884,37,0.008,0.256606613,0.080645161
1304,6,1.0445806,41,0.006857143,0.265487537,0.091397849
1305,27,1.5785179,87,0.030857143,0.464790517,0.215053763
1306,8,1.2726263,74,0.009142857,0.350610243,0.180107527
1307,11,1.4516129,73,0.012571429,0.417420639,0.177419355
1308,21,1.5517242,73,0.024,0.454789223,0.177419355
1309,2,0.94787496,34,0.002285714,0.229390186,0.072580645
1310,0,0.82939059,34,0,0.18516348,0.072580645
1311,0,1.3636364,73,0,0.384581617,0.177419355
1312,0,1.3636364,73,0,0.384581617,0.177419355
1313,0,1.3636364,73,0,0.384581617,0.177419355
