Ref,Choice R3,Integration [HH] R3,Total Connectivity R3,Choice normal,Integration normal,Total Connectivity normal
0,54,1.9233313,160,0.023076923,0.526191228,0.208446866
1,430,2.6100259,319,0.183760684,0.753444775,0.42506812
2,246,2.4330468,276,0.105128205,0.694875612,0.366485014
3,42,1.7429162,132,0.017948718,0.466484961,0.170299728
4,448,2.7567978,472,0.191452991,0.802017219,0.633514986
5,489,2.6393981,294,0.208974359,0.763165161,0.391008174
6,53,1.8815688,163,0.022649573,0.512370418,0.21253406
7,22,1.3006579,36,0.009401709,0.320124749,0.039509537
8,10,1.1768752,40,0.004273504,0.279160313,0.044959128
9,73,1.7841618,88,0.031196581,0.48013471,0.110354223
10,42,1.7001897,94,0.017948718,0.452345126,0.11852861
11,27,1.4724894,58,0.011538462,0.376990375,0.069482289
12,95,1.9768722,105,0.040598291,0.543909963,0.133514986
13,16,1.4652896,75,0.006837607,0.374607685,0.092643052
14,34,1.4666082,56,0.014529915,0.37504406,0.066757493
15,0,0.80638385,26,0,0.156550534,0.025885559
16,44,1.6597091,106,0.018803419,0.438948545,0.134877384
17,114,2.1570766,175,0.048717949,0.603546502,0.228882834
18,105,1.975305,106,0.044871795,0.543391317,0.134877384
19,86,1.8900454,79,0.036752137,0.515175649,0.098092643
20,65,1.8421876,125,0.027777778,0.49933767,0.160762943
21,56,1.7257152,74,0.023931624,0.460792491,0.091280654
22,14,1.390353,62,0.005982906,0.349808294,0.07493188
23,46,1.6071428,63,0.01965812,0.421552342,0.076294278
24,0,0.88468331,32,0,0.182462824,0.034059946
25,10,1.2196002,59,0.004273504,0.293299652,0.070844687
26,8,1.0445806,40,0.003418803,0.235378962,0.044959128
27,22,1.3592209,70,0.009401709,0.339505489,0.085831063
28,122,2.4252028,410,0.052136752,0.692279732,0.549046322
29,12,1.3088794,58,0.005128205,0.322845559,0.069482289
30,6,0.9792943,57,0.002564103,0.213773225,0.068119891
31,10,1.4690225,151,0.004273504,0.375843045,0.196185286
32,18,1.5226898,69,0.007692308,0.39360361,0.084468665
33,73,1.8369439,79,0.031196581,0.497602329,0.098092643
34,14,1.5003179,90,0.005982906,0.386199891,0.113079019
35,54,1.8950444,108,0.023076923,0.51683001,0.13760218
36,57,1.7269484,74,0.024358974,0.461200605,0.091280654
37,14,1.3304729,46,0.005982906,0.329991675,0.053133515
38,22,1.2989333,30,0.009401709,0.319554013,0.03133515
39,18,1.2222222,23,0.007692308,0.294167372,0.021798365
40,0,0.63684219,15,0,0.100442704,0.010899183
41,0,0.42239243,11,0,0.029473064,0.005449591
42,6,0.8619656,19,0.002564103,0.174944664,0.016348774
43,135,2.2131045,188,0.057692308,0.62208828,0.246594005
44,14,1.4538981,109,0.005982906,0.370837801,0.138964578
45,8,1.1708162,75,0.003418803,0.277155157,0.092643052
46,20,1.5887082,99,0.008547009,0.415451627,0.125340599
47,150,2.2438865,159,0.064102564,0.632275223,0.207084469
48,198,2.2104614,133,0.084615385,0.621213577,0.171662125
49,34,1.5688319,81,0.014529915,0.408873798,0.100817439
50,10,1.3624066,93,0.004273504,0.34055976,0.117166213
51,30,1.9090347,172,0.012820513,0.521459936,0.22479564
52,350,2.5860887,230,0.14957265,0.745523038,0.303814714
53,101,1.9851656,82,0.043162393,0.546654567,0.102179837
54,77,1.975305,101,0.032905983,0.543391317,0.128065395
55,11,1.4990026,105,0.004700855,0.385764608,0.133514986
56,42,1.6042534,59,0.017948718,0.420596129,0.070844687
57,66,1.9329244,91,0.028205128,0.529365953,0.114441417
58,8,1.4831443,99,0.003418803,0.380516489,0.125340599
59,0,1.0405263,44,0,0.234037239,0.050408719
60,0,1.1460608,50,0,0.268962647,0.058583106
61,75,1.8344153,92,0.032051282,0.496765518,0.115803815
62,26,1.5469,85,0.011111111,0.401615692,0.10626703
63,23,1.785715,107,0.00982906,0.480648724,0.136239782
64,108,1.9805739,89,0.046153846,0.545134997,0.111716621
65,34,1.5517242,67,0.014529915,0.403212205,0.081743869
66,10,1.2409762,69,0.004273504,0.300373789,0.084468665
67,22,1.3746208,79,0.009401709,0.344601906,0.098092643
68,8,1.0207884,36,0.003418803,0.227505212,0.039509537
69,8,1.0697098,36,0.003418803,0.243695177,0.039509537
70,30,1.4724894,58,0.012820513,0.376990375,0.069482289
71,8,1.1208336,52,0.003418803,0.260614001,0.061307902
72,6,0.8619656,25,0.002564103,0.174944664,0.024523161
73,6,0.8870222,25,0.002564103,0.183236852,0.024523161
74,10,1.1561403,42,0.004273504,0.27229834,0.047683924
75,14,1.4850357,99,0.005982906,0.381142426,0.125340599
76,0,0.78571427,40,0,0.149710178,0.044959128
77,24,1.5592874,102,0.01025641,0.405715158,0.129427793
78,123,2.171875,160,0.052564103,0.608443859,0.208446866
79,12,1.3992285,87,0.005128205,0.352745537,0.108991826
80,16,1.5627899,121,0.006837607,0.406874269,0.155313351
81,6,0.9792943,48,0.002564103,0.213773225,0.055858311
82,6,0.91666669,41,0.002564103,0.19304735,0.046321526
83,32,1.5365106,53,0.013675214,0.398177442,0.0626703
84,10,1.2552096,42,0.004273504,0.305084166,0.047683924
85,58,1.7288883,70,0.024786325,0.461842592,0.085831063
86,46,1.7426945,75,0.01965812,0.466411592,0.092643052
87,22,1.5,76,0.009401709,0.386094686,0.09400545
88,32,1.5365106,51,0.013675214,0.398177442,0.059945504
89,36,1.4635203,45,0.015384615,0.374022156,0.051771117
90,30,1.5405476,58,0.012820513,0.39951344,0.069482289
91,245,2.5661633,444,0.104700855,0.73892896,0.595367847
92,241,2.6522486,505,0.102991453,0.767417884,0.678474114
93,448,2.6052599,289,0.191452991,0.751867523,0.384196185
94,18,1.469555,87,0.007692308,0.376019269,0.108991826
95,28,1.820729,134,0.011965812,0.492236197,0.173024523
96,259,2.5609143,373,0.110683761,0.737191865,0.498637602
97,190,2.4054189,255,0.081196581,0.685732481,0.337874659
98,94,2.0231106,142,0.04017094,0.559212021,0.183923706
99,33,1.5448366,68,0.014102564,0.400932834,0.083106267
100,16,1.5110798,86,0.006837607,0.389761416,0.107629428
101,16,1.5469,78,0.006837607,0.401615692,0.096730245
102,10,1.3272201,68,0.004273504,0.328915199,0.083106267
103,21,2.0183821,218,0.008974359,0.557647179,0.28746594
104,6,2.0183821,218,0.002564103,0.557647179,0.28746594
105,430,2.6441123,165,0.183760684,0.76472527,0.215258856
106,30,1.6581639,129,0.012820513,0.438437179,0.166212534
107,223,2.5450079,399,0.095299145,0.731927828,0.534059946
108,67,2.1161878,241,0.028632479,0.590014832,0.31880109
109,206,2.4832485,389,0.088034188,0.711489277,0.520435967
110,59,2.110646,234,0.025213675,0.588180838,0.309264305
111,2340,3.3505712,741,1,0.998519581,1
112,0,0.80638385,25,0,0.156550534,0.024523161
113,0,0.80638385,25,0,0.156550534,0.024523161
114,51,1.6794915,79,0.021794872,0.445495299,0.098092643
115,1,1.2621337,63,0.00042735,0.307375616,0.076294278
116,34,1.4635203,60,0.014529915,0.374022156,0.072207084
117,22,1.4635203,51,0.009401709,0.374022156,0.059945504
118,0,0.80638385,26,0,0.156550534,0.025885559
119,200,2.3399084,185,0.085470085,0.664052547,0.242506812
120,70,1.8518485,118,0.02991453,0.502534832,0.151226158
121,34,1.9384046,163,0.014529915,0.531179561,0.21253406
122,149,2.2601235,254,0.063675214,0.637648668,0.336512262
123,91,2.1565294,241,0.038888889,0.603365412,0.31880109
124,24,1.7081656,115,0.01025641,0.454984657,0.147138965
125,52,1.8020762,141,0.022222222,0.486063271,0.182561308
126,3,1.4516129,86,0.001282051,0.370081541,0.107629428
127,12,1.6322472,123,0.005128205,0.42986035,0.158038147
128,12,1.469555,104,0.005128205,0.376019269,0.132152589
129,94,2.1385241,204,0.04017094,0.597406769,0.268392371
130,247,2.4698408,239,0.105555556,0.707052156,0.316076294
131,12,1.3746208,85,0.005128205,0.344601906,0.10626703
132,51,1.9596733,192,0.021794872,0.538218188,0.252043597
133,128,2.369031,238,0.054700855,0.673690331,0.314713896
134,8,0.98558021,18,0.003418803,0.215853473,0.014986376
135,6,0.84912294,14,0.002564103,0.170694536,0.009536785
136,4,0.70398736,10,0.001709402,0.122663613,0.004087193
137,0,0.33333334,7,0,0,0
138,251,2.5229068,110,0.107264957,0.724613728,0.140326975
139,114,2.063493,108,0.048717949,0.572576104,0.13760218
140,44,1.7164973,101,0.018803419,0.457741935,0.128065395
141,24,1.5992693,89,0.01025641,0.4189467,0.111716621
142,105,2.0201983,100,0.044871795,0.558248229,0.126702997
143,16,1.4652896,71,0.006837607,0.374607685,0.08719346
144,8,1.0445806,43,0.003418803,0.235378962,0.049046322
145,8,1.0952908,40,0.003418803,0.25216091,0.044959128
146,132,2.0789747,91,0.056410256,0.577699591,0.114441417
147,14,1.3746208,61,0.005982906,0.344601906,0.073569482
148,6,0.9792943,37,0.002564103,0.213773225,0.040871935
149,21,1.4382962,67,0.008974359,0.365674535,0.081743869
150,8,1.0207884,40,0.003418803,0.227505212,0.044959128
151,6,0.9792943,39,0.002564103,0.213773225,0.04359673
152,12,1.3272201,62,0.005128205,0.328915199,0.07493188
153,10,1.1,29,0.004273504,0.253719364,0.029972752
154,26,1.3873683,38,0.011111111,0.348820542,0.042234332
155,14,1.3304729,58,0.005982906,0.329991675,0.069482289
156,0,1,25,0,0.220625534,0.024523161
157,16,1.3270249,28,0.006837607,0.3288506,0.028610354
158,18,1.2063863,27,0.007692308,0.288926666,0.027247956
159,0,0.63684219,18,0,0.100442704,0.014986376
160,10,1.1191936,28,0.004273504,0.260071262,0.028610354
161,22,1.3057258,27,0.009401709,0.321801912,0.027247956
162,22,1.5887082,84,0.009401709,0.415451627,0.104904632
163,18,1.3006579,46,0.007692308,0.320124749,0.053133515
164,6,1.1058542,31,0.002564103,0.255656743,0.032697548
165,4,0.98558021,22,0.001709402,0.215853473,0.020435967
166,4,0.98558021,27,0.001709402,0.215853473,0.027247956
167,18,1.3270249,26,0.007692308,0.3288506,0.025885559
168,92,2.3144312,267,0.039316239,0.655621166,0.354223433
169,65,2.0144928,219,0.027777778,0.556360061,0.288828338
170,11,1.4652896,106,0.004700855,0.374607685,0.134877384
171,9,1.4652896,106,0.003846154,0.374607685,0.134877384
172,11,1.4803609,82,0.004700855,0.379595356,0.102179837
173,13,1.7257152,82,0.005555556,0.460792491,0.102179837
174,143,2.2177286,209,0.061111111,0.623618572,0.27520436
175,78,1.9363272,114,0.033333333,0.53049207,0.145776567
176,13,1.4803609,82,0.005555556,0.379595356,0.102179837
177,44,1.7081656,104,0.018803419,0.454984657,0.132152589
178,37,1.6413553,91,0.015811966,0.432874569,0.114441417
179,9,1.1768752,46,0.003846154,0.279160313,0.053133515
180,16,1.2052853,35,0.006837607,0.288562303,0.038147139
181,11,1.3443909,48,0.004700855,0.334597674,0.055858311
182,6,0.84912294,18,0.002564103,0.170694536,0.014986376
183,0,0.42239243,10,0,0.029473064,0.004087193
184,7,1.1768752,43,0.002991453,0.279160313,0.049046322
185,1,0.72781962,22,0.00042735,0.130550621,0.020435967
186,1,1.1768752,43,0.00042735,0.279160313,0.049046322
187,10,1.2621337,56,0.004273504,0.307375616,0.066757493
188,22,1.3873683,42,0.009401709,0.348820542,0.047683924
189,4,1,25,0.001709402,0.220625534,0.024523161
190,4,1,27,0.001709402,0.220625534,0.027247956
191,18,1.3873683,38,0.007692308,0.348820542,0.042234332
192,10,1.3443909,51,0.004273504,0.334597674,0.059945504
193,80,1.8489804,70,0.034188034,0.501585668,0.085831063
194,68,1.8861139,82,0.029059829,0.513874565,0.102179837
195,4,1.4791844,77,0.001709402,0.379206007,0.095367847
196,63,1.9304764,92,0.026923077,0.528555816,0.115803815
197,12,1.4255327,55,0.005128205,0.361450604,0.065395095
198,40,1.6474625,43,0.017094017,0.434895676,0.049046322
199,6,0.9792943,34,0.002564103,0.213773225,0.036784741
200,12,1.238816,46,0.005128205,0.299658896,0.053133515
201,10,1.1191936,33,0.004273504,0.260071262,0.035422343
202,34,1.550553,39,0.014529915,0.40282461,0.04359673
203,10,1.1058542,27,0.004273504,0.255656743,0.027247956
204,4,0.72781962,18,0.001709402,0.130550621,0.014986376
205,0,0.33333334,9,0,0,0.002724796
206,40,1.606352,48,0.017094017,0.421290636,0.055858311
207,16,1.3845592,38,0.006837607,0.347890903,0.042234332
208,10,1.1365665,34,0.004273504,0.26582062,0.036784741
209,6,0.91666669,29,0.002564103,0.19304735,0.029972752
210,8,1.0207884,30,0.003418803,0.227505212,0.03133515
211,34,1.5365106,48,0.014529915,0.398177442,0.055858311
212,24,1.4744722,31,0.01025641,0.377646559,0.032697548
213,10,1.1191936,32,0.004273504,0.260071262,0.034059946
214,10,1.1561403,38,0.004273504,0.27229834,0.042234332
215,36,1.5405476,49,0.015384615,0.39951344,0.057220708
216,8,1.0697098,36,0.003418803,0.243695177,0.039509537
217,6,0.8619656,24,0.002564103,0.174944664,0.023160763
218,12,1.2552096,48,0.005128205,0.305084166,0.055858311
219,12,1.2552096,46,0.005128205,0.305084166,0.053133515
220,6,0.91666669,27,0.002564103,0.19304735,0.027247956
221,6,0.9792943,36,0.002564103,0.213773225,0.039509537
222,10,1.1365665,37,0.004273504,0.26582062,0.040871935
223,54,1.8900454,88,0.023076923,0.515175649,0.110354223
224,14,1.3746208,64,0.005982906,0.344601906,0.077656676
225,14,1.3006579,44,0.005982906,0.320124749,0.050408719
226,14,1.3057258,34,0.005982906,0.321801912,0.036784741
227,10,1.1365665,34,0.004273504,0.26582062,0.036784741
228,14,1.3006579,41,0.005982906,0.320124749,0.046321526
229,14,1.3076391,50,0.005982906,0.322435096,0.058583106
230,12,1.3636364,70,0.005128205,0.340966747,0.085831063
231,22,1.31797,54,0.009401709,0.325853986,0.064032698
232,0,0.68957245,27,0,0.117893167,0.027247956
233,0,0.68957245,27,0,0.117893167,0.027247956
234,10,1.1981546,54,0.004273504,0.286202481,0.064032698
235,0,0.56608194,26,0,0.077025427,0.025885559
236,0,1.2857143,100,0,0.31517934,0.126702997
237,8,1.3636364,100,0.003418803,0.340966747,0.126702997
238,1,1.3995763,122,0.00042735,0.352860637,0.156675749
239,18,1.5346701,86,0.007692308,0.39756835,0.107629428
240,115,1.9775612,102,0.049145299,0.54413798,0.129427793
241,60,1.7288883,91,0.025641026,0.461842592,0.114441417
242,27,1.6741856,74,0.011538462,0.443739373,0.091280654
243,8,1.4255327,62,0.003418803,0.361450604,0.07493188
244,55,1.9565217,72,0.023504274,0.537175203,0.088555858
245,93,2.1294835,120,0.03974359,0.594414888,0.153950954
246,0,0.68957245,28,0,0.117893167,0.028610354
247,17,1.3076391,50,0.007264957,0.322435096,0.058583106
248,5,1.4028426,62,0.002136752,0.353941581,0.07493188
249,31,1.7257152,110,0.013247863,0.460792491,0.140326975
250,0,1.7389672,182,0,0.465178086,0.238419619
251,59,1.9976608,201,0.025213675,0.550789707,0.264305177
252,4,1.238816,51,0.001709402,0.299658896,0.059945504
253,33,1.7217885,61,0.014102564,0.459492996,0.073569482
254,2,1.0445806,39,0.000854701,0.235378962,0.04359673
255,3,1.4635203,61,0.001282051,0.374022156,0.073569482
256,0,1.2196002,61,0,0.293299652,0.073569482
257,20,1.6857162,85,0.008547009,0.44755529,0.10626703
258,0,1.1460608,50,0,0.268962647,0.058583106
259,282,2.5942967,243,0.120512821,0.74823938,0.321525886
260,339,2.5887299,310,0.144871795,0.746397113,0.41280654
261,119,2.283149,289,0.050854701,0.645268688,0.384196185
262,149,2.1876149,213,0.063675214,0.613652795,0.280653951
263,169,2.28496,249,0.072222222,0.645868017,0.329700272
264,398,2.6838112,463,0.17008547,0.777863157,0.621253406
265,904,2.9651899,630,0.386324786,0.870982147,0.848773842
266,657,2.93313,534,0.280769231,0.860372298,0.717983651
267,257,2.6063502,406,0.10982906,0.752228345,0.54359673
268,152,2.4233918,199,0.064957265,0.691680402,0.261580381
269,293,2.6435792,297,0.125213675,0.764548847,0.395095368
270,1,1.7001897,123,0.00042735,0.452345126,0.158038147
271,172,2.4629173,174,0.073504274,0.704760904,0.227520436
272,73,2.1424189,221,0.031196581,0.598695707,0.291553134
273,5,1.5352089,129,0.002136752,0.39774666,0.166212534
274,63,1.8518485,147,0.026923077,0.502534832,0.190735695
275,5,1.1561403,63,0.002136752,0.27229834,0.076294278
276,4,1.6030675,142,0.001709402,0.42020367,0.183923706
277,3,1.5352089,129,0.001282051,0.39774666,0.166212534
278,1,1.7001897,123,0.00042735,0.452345126,0.158038147
279,0,1.7001897,123,0,0.452345126,0.158038147
280,39,1.9851656,126,0.016666667,0.546654567,0.162125341
281,41,2.0980964,163,0.017521368,0.584027694,0.21253406
282,6,1.4380959,96,0.002564103,0.365608248,0.121253406
283,6,1.5226898,108,0.002564103,0.39360361,0.13760218
284,10,1.6857162,121,0.004273504,0.44755529,0.155313351
285,16,1.8276744,150,0.006837607,0.494534696,0.194822888
286,40,1.9040805,168,0.017094017,0.519820401,0.219346049
287,0,1.6700469,103,0,0.442369719,0.130790191
288,1,1.7001897,123,0.00042735,0.452345126,0.158038147
289,2,1.6700469,103,0.000854701,0.442369719,0.130790191
290,5,1.241593,95,0.002136752,0.300577912,0.119891008
291,12,1.6418091,188,0.005128205,0.433024749,0.246594005
292,33,1.8276744,163,0.014102564,0.494534696,0.21253406
293,49,1.9090347,190,0.020940171,0.521459936,0.249318801
294,291,2.6565461,397,0.124358974,0.768840091,0.53133515
295,21,1.4028426,77,0.008974359,0.353941581,0.095367847
296,5,1.1460608,65,0.002136752,0.268962647,0.079019074
297,18,1.6883124,161,0.007692308,0.448414472,0.209809264
298,8,1.0207884,33,0.003418803,0.227505212,0.035422343
299,6,0.91666669,34,0.002564103,0.19304735,0.036784741
300,10,1.2196002,69,0.004273504,0.293299652,0.084468665
301,52,1.8628219,163,0.022222222,0.50616635,0.21253406
302,6,1.40625,97,0.002564103,0.35506922,0.122615804
303,15,1.8273257,184,0.006410256,0.494419298,0.241144414
304,2,1.6338958,156,0.000854701,0.430405935,0.202997275
305,1,1.6338958,156,0.00042735,0.430405935,0.202997275
306,190,2.4023979,135,0.081196581,0.684732717,0.174386921
307,40,1.9202406,166,0.017094017,0.525168397,0.216621253
308,14,1.7626089,130,0.005982906,0.47300203,0.167574932
309,36,1.632839,106,0.015384615,0.430056199,0.134877384
310,12,1.6413553,106,0.005128205,0.432874569,0.134877384
311,49,1.8750838,154,0.020940171,0.510224283,0.20027248
312,45,1.8344153,106,0.019230769,0.496765518,0.134877384
313,96,2.0595157,139,0.041025641,0.571259863,0.179836512
314,152,2.1723499,176,0.064957265,0.608601022,0.230245232
315,34,1.5887082,92,0.014529915,0.415451627,0.115803815
316,35,1.6673985,92,0.014957265,0.441493262,0.115803815
317,0,0.9216888,42,0,0.194709358,0.047683924
318,3,1.2829794,75,0.001282051,0.314274257,0.092643052
319,19,1.4803609,75,0.008119658,0.379595356,0.092643052
320,22,1.6211112,111,0.009401709,0.426175021,0.141689373
321,23,1.7325417,105,0.00982906,0.463051642,0.133514986
322,29,1.7257152,95,0.012393162,0.460792491,0.119891008
323,50,2.1456218,118,0.021367521,0.59975567,0.151226158
324,27,1.6178579,92,0.011538462,0.42509838,0.115803815
325,3,1.3592209,80,0.001282051,0.339505489,0.099455041
326,0,0.88468331,50,0,0.182462824,0.058583106
327,0,0.95710868,41,0,0.206431153,0.046321526
328,0,0.95710868,41,0,0.206431153,0.046321526
329,22,1.875,85,0.009401709,0.51019655,0.10626703
330,0,1.0233698,58,0,0.228359496,0.069482289
331,32,1.8597906,91,0.013675214,0.505163177,0.114441417
332,21,1.8962001,103,0.008974359,0.517212475,0.130790191
333,24,1.8362781,110,0.01025641,0.49738199,0.140326975
334,15,1.7269484,91,0.006410256,0.461200605,0.114441417
335,9,1.6042534,87,0.003846154,0.420596129,0.108991826
336,19,1.7379411,81,0.008119658,0.46483851,0.100817439
337,144,2.1876149,229,0.061538462,0.613652795,0.302452316
338,74,1.9768722,146,0.031623932,0.543909963,0.189373297
339,12,1.4505,121,0.005128205,0.36971324,0.155313351
340,8,1.0445806,47,0.003418803,0.235378962,0.054495913
341,12,1.2671746,26,0.005128205,0.309043843,0.025885559
342,6,1.2222222,27,0.002564103,0.294167372,0.027247956
343,6,1.2123377,35,0.002564103,0.290896212,0.038147139
344,44,1.6132691,54,0.018803419,0.42357977,0.064032698
345,8,1.2123377,35,0.003418803,0.290896212,0.038147139
346,8,1.2222222,27,0.003418803,0.294167372,0.027247956
347,10,1.1365665,35,0.004273504,0.26582062,0.038147139
348,6,0.91666669,26,0.002564103,0.19304735,0.025885559
349,8,1,32,0.003418803,0.220625534,0.034059946
350,20,1.3304729,62,0.008547009,0.329991675,0.07493188
351,26,1.7612134,149,0.011111111,0.472540206,0.19346049
352,6,1.1058542,32,0.002564103,0.255656743,0.034059946
353,14,1.2241485,46,0.005982906,0.294804858,0.053133515
354,14,1.4791844,92,0.005982906,0.379206007,0.115803815
355,54,1.7307693,70,0.023076923,0.462465087,0.085831063
356,10,1.1981546,48,0.004273504,0.286202481,0.055858311
357,8,1.0207884,34,0.003418803,0.227505212,0.036784741
358,22,1.6926663,115,0.009401709,0.449855345,0.147138965
359,17,1.550553,56,0.007264957,0.40282461,0.066757493
360,26,1.6700469,107,0.011111111,0.442369719,0.136239782
361,16,1.4666082,59,0.006837607,0.37504406,0.070844687
362,4,1.2241485,51,0.001709402,0.294804858,0.059945504
363,4,1.5517242,101,0.001709402,0.403212205,0.128065395
364,2,1,34,0.000854701,0.220625534,0.036784741
365,7,1.2241485,50,0.002991453,0.294804858,0.058583106
366,16,1.3592209,69,0.006837607,0.339505489,0.084468665
367,12,1.3443909,65,0.005128205,0.334597674,0.079019074
368,10,1.40625,88,0.004273504,0.35506922,0.110354223
369,4,1.0445806,44,0.001709402,0.235378962,0.050408719
370,14,1.5346701,110,0.005982906,0.39756835,0.140326975
371,15,1.4652896,113,0.006410256,0.374607685,0.144414169
372,18,1.4382962,103,0.007692308,0.365674535,0.130790191
373,16,1.2989333,50,0.006837607,0.319554013,0.058583106
374,12,1.2726263,70,0.005128205,0.310848019,0.085831063
375,20,1.6771457,153,0.008547009,0.444718984,0.198910082
376,284,2.4998574,343,0.121367521,0.716985798,0.457765668
377,35,1.9887408,250,0.014957265,0.547837737,0.33106267
378,6,1.9283267,244,0.002564103,0.527844398,0.322888283
379,27,2.0946865,213,0.011538462,0.582899228,0.280653951
380,331,2.5666354,360,0.141452991,0.739085196,0.480926431
381,304,2.6317604,382,0.12991453,0.760637553,0.510899183
382,87,2.5202513,470,0.037179487,0.723734921,0.630790191
383,176,2.3519452,345,0.075213675,0.668035986,0.460490463
384,26,2.3177571,403,0.011111111,0.656721834,0.539509537
385,48,2.1161878,250,0.020512821,0.590014832,0.33106267
386,556,2.7865698,452,0.237606838,0.811869914,0.60626703
387,1856,3.3550446,710,0.793162393,1,0.957765668
388,91,2.3738937,388,0.038888889,0.675299585,0.519073569
389,78,2.0729513,262,0.033333333,0.575706218,0.347411444
390,210,2.4198058,340,0.08974359,0.690493658,0.453678474
391,52,2.1333411,268,0.022222222,0.595691516,0.355585831
392,81,2.2081959,283,0.034615385,0.620463836,0.376021798
393,99,2.3961761,312,0.042307692,0.682673685,0.415531335
394,19,1.951013,245,0.008119658,0.535352163,0.324250681
395,16,1.5592874,120,0.006837607,0.405715158,0.153950954
396,18,1.5,114,0.007692308,0.386094686,0.145776567
397,39,2.0473592,245,0.016666667,0.567236811,0.324250681
398,2,1.4221928,119,0.000854701,0.360345303,0.152588556
399,0,1.4221928,119,0,0.360345303,0.152588556
400,78,2.2874444,289,0.033333333,0.6466902,0.384196185
401,182,2.593091,452,0.077777778,0.747840368,0.60626703
402,101,2.3456216,396,0.043162393,0.665943264,0.529972752
403,322,2.7922814,499,0.137606838,0.813760101,0.670299728
404,0,1.8122568,228,0,0.489432422,0.301089918
405,64,1.8489804,90,0.027350427,0.501585668,0.113079019
406,8,1.3076391,53,0.003418803,0.322435096,0.0626703
407,21,1.4931926,95,0.008974359,0.383841857,0.119891008
408,12,1.2906152,66,0.005128205,0.316801235,0.080381471
409,83,2.1505446,211,0.035470085,0.601384813,0.277929155
410,7,1.2123377,47,0.002991453,0.290896212,0.054495913
411,6,1.1365665,49,0.002564103,0.26582062,0.057220708
412,1,1.2123377,47,0.00042735,0.290896212,0.054495913
413,19,1.6926663,104,0.008119658,0.449855345,0.132152589
414,12,1.5212561,102,0.005128205,0.393129144,0.129427793
415,16,1.2552096,55,0.006837607,0.305084166,0.065395095
416,14,1.3873369,53,0.005982906,0.348810151,0.0626703
417,8,0.98558021,27,0.003418803,0.215853473,0.027247956
418,6,0.8619656,17,0.002564103,0.174944664,0.013623978
419,6,0.84912294,19,0.002564103,0.170694536,0.016348774
420,6,0.94787496,40,0.002564103,0.203375362,0.044959128
421,14,1.469555,100,0.005982906,0.376019269,0.126702997
422,4,1.4538981,90,0.001709402,0.370837801,0.113079019
423,60,1.8649745,184,0.025641026,0.506878728,0.241144414
424,10,1.2621337,79,0.004273504,0.307375616,0.098092643
425,12,1.3815587,85,0.005128205,0.346897923,0.10626703
426,121,2.0655131,174,0.051709402,0.573244632,0.227520436
427,12,1.2123377,44,0.005128205,0.290896212,0.050408719
428,12,1.2552096,48,0.005128205,0.305084166,0.055858311
429,54,1.6857162,92,0.023076923,0.44755529,0.115803815
430,10,1.1561403,47,0.004273504,0.27229834,0.054495913
431,6,1.0698866,65,0.002564103,0.243753687,0.079019074
432,18,1.7051717,179,0.007692308,0.45399386,0.234332425
433,18,1.7051717,177,0.007692308,0.45399386,0.231607629
434,6,1.0102814,56,0.002564103,0.224028043,0.066757493
435,6,0.84912294,20,0.002564103,0.170694536,0.017711172
436,6,0.84912294,16,0.002564103,0.170694536,0.01226158
437,6,0.8870222,26,0.002564103,0.183236852,0.025885559
438,10,1.1981546,62,0.004273504,0.286202481,0.07493188
439,14,1.4221928,78,0.005982906,0.360345303,0.096730245
440,18,1.2241485,46,0.007692308,0.294804858,0.053133515
441,38,1.7802029,178,0.016239316,0.478824559,0.232970027
442,304,2.6193171,416,0.12991453,0.756519589,0.557220708
443,44,2.1496761,296,0.018803419,0.601097393,0.39373297
444,10,1.1981546,65,0.004273504,0.286202481,0.079019074
445,6,0.8619656,17,0.002564103,0.174944664,0.013623978
446,8,0.98558021,23,0.003418803,0.215853473,0.021798365
447,6,0.84912294,15,0.002564103,0.170694536,0.010899183
448,6,0.84912294,15,0.002564103,0.170694536,0.010899183
449,6,0.8619656,22,0.002564103,0.174944664,0.020435967
450,8,1.0952908,58,0.003418803,0.25216091,0.069482289
451,10,1.4850357,113,0.004273504,0.381142426,0.144414169
452,32,1.7901133,187,0.013675214,0.482104289,0.245231608
453,8,1.2621337,83,0.003418803,0.307375616,0.103542234
454,22,1.5364467,70,0.009401709,0.398156295,0.085831063
455,57,1.8855816,144,0.024358974,0.513698407,0.186648501
456,91,2.2231505,255,0.038888889,0.625412886,0.337874659
457,13,1.7777745,157,0.005555556,0.478020908,0.204359673
458,0,0.49860358,19,0,0.054694253,0.016348774
459,8,1.0445806,42,0.003418803,0.235378962,0.047683924
460,32,1.6828449,81,0.013675214,0.446605067,0.100817439
461,17,1.4635203,66,0.007264957,0.374022156,0.080381471
462,2,1.5967636,143,0.000854701,0.418117468,0.185286104
463,18,1.7251066,147,0.007692308,0.460591082,0.190735695
464,18,1.9432633,241,0.007692308,0.532787491,0.31880109
465,20,1.6322472,142,0.008547009,0.42986035,0.183923706
466,4,1.6322472,142,0.001709402,0.42986035,0.183923706
467,1,0.94787496,50,0.00042735,0.203375362,0.058583106
468,67,2.1720436,277,0.028632479,0.608499655,0.367847411
469,2,0.94787496,52,0.000854701,0.203375362,0.061307902
470,10,1.40625,132,0.004273504,0.35506922,0.170299728
471,6,1.3235294,104,0.002564103,0.327693805,0.132152589
472,15,1.7702218,197,0.006410256,0.47552143,0.258855586
473,32,2.1902361,311,0.013675214,0.61452025,0.414168937
474,193,2.381089,324,0.082478632,0.677680785,0.431880109
475,30,1.9669616,253,0.012820513,0.540630166,0.335149864
476,6,1.226782,119,0.002564103,0.295676384,0.152588556
477,10,1.5909802,182,0.004273504,0.416203519,0.238419619
478,30,1.9669616,251,0.012820513,0.540630166,0.332425068
479,6,1.1779915,87,0.002564103,0.279529739,0.108991826
480,6,0.8619656,34,0.002564103,0.174944664,0.036784741
481,8,1.0952908,73,0.003418803,0.25216091,0.089918256
482,38,1.9282428,262,0.016239316,0.527816632,0.347411444
483,8,1.0697098,70,0.003418803,0.243695177,0.085831063
484,4,0.69804502,17,0.001709402,0.120697065,0.013623978
485,0,0.33333334,8,0,0,0.001362398
486,216,2.4884956,370,0.092307692,0.713225743,0.494550409
487,14,1.6144457,149,0.005982906,0.423969152,0.19346049
488,14,1.3304729,76,0.005982906,0.329991675,0.09400545
489,36,1.6700469,98,0.015384615,0.442369719,0.123978202
490,5,1.2123377,48,0.002136752,0.290896212,0.055858311
491,4,1.3443909,74,0.001709402,0.334597674,0.091280654
492,83,2.0209444,146,0.035470085,0.558495142,0.189373297
493,323,2.6244519,290,0.138034188,0.758218891,0.385558583
494,17,1.2123377,32,0.007264957,0.290896212,0.034059946
495,8,0.98558021,25,0.003418803,0.215853473,0.024523161
496,6,0.91666669,32,0.002564103,0.19304735,0.034059946
497,10,1.2621337,83,0.004273504,0.307375616,0.103542234
498,71,2.0161357,225,0.03034188,0.556903759,0.297002725
499,9,1.3592209,84,0.003846154,0.339505489,0.104904632
500,9,1.5346701,134,0.003846154,0.39756835,0.173024523
501,9,1.4516129,96,0.003846154,0.370081541,0.121253406
502,85,2.1185658,210,0.036324786,0.590801803,0.276566757
503,32,1.7164973,112,0.013675214,0.457741935,0.143051771
504,97,1.9341822,79,0.041452991,0.529782207,0.098092643
505,14,1.31797,53,0.005982906,0.325853986,0.0626703
506,6,1.25,82,0.002564103,0.30336011,0.102179837
507,28,1.896242,194,0.011965812,0.517226341,0.254768392
508,756,2.8566723,451,0.323076923,0.835069516,0.604904632
509,14,1.3938289,44,0.005982906,0.350958602,0.050408719
510,14,1.31797,42,0.005982906,0.325853986,0.047683924
511,6,0.94787496,27,0.002564103,0.203375362,0.027247956
512,6,0.84912294,29,0.002564103,0.170694536,0.029972752
513,6,1.152335,69,0.002564103,0.27103902,0.084468665
514,28,1.896242,190,0.011965812,0.517226341,0.249318801
515,14,1.4850357,97,0.005982906,0.381142426,0.122615804
516,28,1.9276668,203,0.011965812,0.527626011,0.267029973
517,7,0.98510355,21,0.002991453,0.215695728,0.019073569
518,4,0.94787496,28,0.001709402,0.203375362,0.028610354
519,11,1.3076391,40,0.004700855,0.322435096,0.044959128
520,15,1.507236,101,0.006410256,0.388489356,0.128065395
521,15,1.6701162,138,0.006410256,0.442392653,0.178474114
522,5,1.0102814,62,0.002136752,0.224028043,0.07493188
523,8,1,41,0.003418803,0.220625534,0.046321526
524,3,1.9378124,198,0.001282051,0.530983579,0.260217984
525,11,1.9378124,198,0.004700855,0.530983579,0.260217984
526,4,1.9378124,198,0.001709402,0.530983579,0.260217984
527,16,1.6546941,123,0.006837607,0.437288889,0.158038147
528,218,2.3907311,272,0.093162393,0.680871726,0.361035422
529,14,1.6819378,156,0.005982906,0.446304873,0.202997275
530,25,1.9777361,181,0.010683761,0.544195861,0.237057221
531,13,1.8614054,169,0.005555556,0.505697576,0.220708447
532,36,1.7777745,151,0.015384615,0.478020908,0.196185286
533,46,1.896242,192,0.01965812,0.517226341,0.252043597
534,267,2.5325277,238,0.114102564,0.727797652,0.314713896
535,127,2.206125,173,0.054273504,0.619778496,0.226158038
536,12,1.4221928,98,0.005128205,0.360345303,0.123978202
537,4,0.94787496,47,0.001709402,0.203375362,0.054495913
538,6,1.1708162,77,0.002564103,0.277155157,0.095367847
539,26,2.2673125,326,0.011111111,0.640027783,0.434604905
540,35,1.9525653,259,0.014957265,0.535865879,0.343324251
541,14,1.3873369,83,0.005982906,0.348810151,0.103542234
542,18,1.31797,83,0.007692308,0.325853986,0.103542234
543,8,1.0697098,59,0.003418803,0.243695177,0.070844687
544,12,1.5594513,140,0.005128205,0.405769398,0.18119891
545,13,1.5872986,142,0.005555556,0.414985137,0.183923706
546,9,1.3443909,89,0.003846154,0.334597674,0.111716621
547,14,1.8712084,259,0.005982906,0.508941764,0.343324251
548,30,1.632839,113,0.012820513,0.430056199,0.144414169
549,19,1.4666082,73,0.008119658,0.37504406,0.089918256
550,10,1.1768752,52,0.004273504,0.279160313,0.061307902
551,14,1.3304729,69,0.005982906,0.329991675,0.084468665
552,43,1.7963344,133,0.018376068,0.48416309,0.171662125
553,6,1.238816,61,0.002564103,0.299658896,0.073569482
554,1,1.40625,98,0.00042735,0.35506922,0.123978202
555,95,2.1876149,238,0.040598291,0.613652795,0.314713896
556,27,1.9161526,199,0.011538462,0.523815522,0.261580381
557,26,1.8571436,154,0.011111111,0.504287183,0.20027248
558,9,1.7251066,143,0.003846154,0.460591082,0.185286104
559,173,2.3329358,247,0.073931624,0.661745047,0.326975477
560,3,1.8614054,199,0.001282051,0.505697576,0.261580381
561,37,2.0531514,216,0.015811966,0.569153672,0.284741144
562,121,2.2398014,215,0.051709402,0.630923307,0.283378747
563,150,2.5374596,409,0.064102564,0.729429807,0.547683924
564,6,1.5738505,172,0.002564103,0.410534645,0.22479564
565,6,1.5594513,170,0.002564103,0.405769398,0.222070845
566,154,2.5450079,426,0.065811966,0.731927828,0.570844687
567,26,1.7520223,166,0.011111111,0.469498519,0.216621253
568,8,1.678477,195,0.003418803,0.445159562,0.25613079
569,2,1.4791844,94,0.000854701,0.379206007,0.11852861
570,16,1.8783784,212,0.006837607,0.511314592,0.279291553
571,14,1.8276744,149,0.005982906,0.494534696,0.19346049
572,132,2.2819183,193,0.056410256,0.644861402,0.253405995
573,8,1.9450908,216,0.003418803,0.533392281,0.284741144
574,5,1.5992693,116,0.002136752,0.4189467,0.148501362
575,72,1.9768722,153,0.030769231,0.543909963,0.198910082
576,9,1.4538981,111,0.003846154,0.370837801,0.141689373
577,0,1.2196002,75,0,0.293299652,0.092643052
578,7,1.2196002,75,0.002991453,0.293299652,0.092643052
579,2,1.4221928,92,0.000854701,0.360345303,0.115803815
580,4,1.6216003,148,0.001709402,0.426336883,0.192098093
581,5,1.5171889,168,0.002136752,0.391783151,0.219346049
582,27,2.2132738,374,0.011538462,0.622144308,0.5
583,16,1.7849092,223,0.006837607,0.480382053,0.294277929
584,13,1.7297633,160,0.005555556,0.462132163,0.208446866
585,13,1.7601773,202,0.005555556,0.47219732,0.265667575
586,140,2.4996169,447,0.05982906,0.716906208,0.599455041
587,12,1.6771457,185,0.005128205,0.444718984,0.242506812
588,11,1.7213885,181,0.004700855,0.459360621,0.237057221
589,0,1.2726263,90,0,0.310848019,0.113079019
590,1,1.6994165,192,0.00042735,0.452089244,0.252043597
591,13,1.8805417,224,0.005555556,0.512030511,0.295640327
592,26,2.024497,260,0.011111111,0.559670834,0.344686649
593,133,2.2900689,287,0.056837607,0.647558748,0.38147139
594,52,2.4314725,362,0.022222222,0.694354615,0.483651226
595,112,2.377975,377,0.047863248,0.676650244,0.504087193
596,26,1.7081656,149,0.011111111,0.454984657,0.19346049
597,6,1.2552096,64,0.002564103,0.305084166,0.077656676
598,14,1.5592874,141,0.005982906,0.405715158,0.182561308
599,6,1.5688319,117,0.002564103,0.408873798,0.14986376
600,14,2.1843705,352,0.005982906,0.612579099,0.470027248
601,42,2.237165,355,0.017948718,0.630050821,0.474114441
602,18,1.5688319,118,0.007692308,0.408873798,0.151226158
603,9,1.3995763,139,0.003846154,0.352860637,0.179836512
604,11,1.6322472,149,0.004700855,0.42986035,0.19346049
605,161,2.4484758,379,0.068803419,0.699981659,0.506811989
606,10,1.5302317,149,0.004273504,0.396099513,0.19346049
607,36,1.6413553,137,0.015384615,0.432874569,0.177111717
608,8,1.1208336,49,0.003418803,0.260614001,0.057220708
609,8,0.98558021,36,0.003418803,0.215853473,0.039509537
610,14,1.2829794,89,0.005982906,0.314274257,0.111716621
611,0,0.58170414,24,0,0.082195411,0.023160763
612,32,1.9980253,252,0.013675214,0.550910334,0.333787466
613,9,2.1496761,333,0.003846154,0.601097393,0.444141689
614,6,1.1460608,71,0.002564103,0.268962647,0.08719346
615,40,2.0943713,240,0.017094017,0.582794916,0.317438692
616,119,2.2422245,193,0.050854701,0.631725203,0.253405995
617,189,2.3628564,248,0.080769231,0.67164692,0.328337875
618,18,1.6503496,115,0.007692308,0.435851128,0.147138965
619,18,1.7297633,137,0.007692308,0.462132163,0.177111717
620,18,1.6178579,93,0.007692308,0.42509838,0.117166213
621,75,1.8962001,93,0.032051282,0.517212475,0.117166213
622,37,1.7938285,146,0.015811966,0.483333791,0.189373297
623,32,1.7938285,144,0.013675214,0.483333791,0.186648501
624,61,1.8017781,136,0.026068376,0.485964619,0.175749319
625,10,1.31797,66,0.004273504,0.325853986,0.080381471
626,14,1.3304729,72,0.005982906,0.329991675,0.088555858
627,8,1.4166186,95,0.003418803,0.358500587,0.119891008
628,82,2.1475871,207,0.035042735,0.600406063,0.272479564
629,9,1.3812032,96,0.003846154,0.346780274,0.121253406
630,7,1.1561403,55,0.002991453,0.27229834,0.065395095
631,25,1.606352,76,0.010683761,0.421290636,0.09400545
632,19,1.7251066,126,0.008119658,0.460591082,0.162125341
633,53,1.8950444,137,0.022649573,0.51683001,0.177111717
634,22,1.4255327,72,0.009401709,0.361450604,0.088555858
635,8,1.0207884,36,0.003418803,0.227505212,0.039509537
636,6,0.8870222,30,0.002564103,0.183236852,0.03133515
637,8,1.0952908,52,0.003418803,0.25216091,0.061307902
638,25,1.6249448,105,0.010683761,0.427443706,0.133514986
639,30,1.8815688,151,0.012820513,0.512370418,0.196185286
640,34,1.9161526,169,0.014529915,0.523815522,0.220708447
641,133,2.3036129,214,0.056837607,0.652040976,0.282016349
642,64,2.0712798,175,0.027350427,0.575153054,0.228882834
643,18,1.6322472,129,0.007692308,0.42986035,0.166212534
644,33,1.6741856,116,0.014102564,0.443739373,0.148501362
645,21,1.6216003,139,0.008974359,0.426336883,0.179836512
646,19,1.3938289,69,0.008119658,0.350958602,0.084468665
647,7,1.1208336,57,0.002991453,0.260614001,0.068119891
648,14,1.507236,127,0.005982906,0.388489356,0.163487738
649,76,2.2365911,277,0.032478632,0.629860895,0.367847411
650,192,2.3553197,327,0.082051282,0.669152737,0.435967302
651,107,2.1608374,287,0.045726496,0.604791094,0.38147139
652,65,2.0682282,216,0.027777778,0.574143163,0.284741144
653,52,1.7852225,91,0.022222222,0.480485736,0.114441417
654,10,1.2726263,54,0.004273504,0.310848019,0.064032698
655,6,1.0445806,40,0.002564103,0.235378962,0.044959128
656,19,1.31797,53,0.008119658,0.325853986,0.0626703
657,24,1.6249448,118,0.01025641,0.427443706,0.151226158
658,8,1.238816,53,0.003418803,0.299658896,0.0626703
659,38,1.6741856,88,0.016239316,0.443739373,0.110354223
660,23,1.7251066,146,0.00982906,0.460591082,0.189373297
661,19,1.6100973,136,0.008119658,0.4225301,0.175749319
662,18,1.6992515,144,0.007692308,0.452034639,0.186648501
663,29,1.4666082,69,0.012393162,0.37504406,0.084468665
664,24,1.6211112,109,0.01025641,0.426175021,0.138964578
665,30,1.9596733,210,0.012820513,0.538218188,0.276566757
666,11,1.40625,112,0.004700855,0.35506922,0.143051771
667,7,1.3304729,56,0.002991453,0.329991675,0.066757493
668,10,1.6771457,130,0.004273504,0.444718984,0.167574932
669,726,2.9368606,324,0.31025641,0.861606896,0.431880109
670,4,1.896242,178,0.001709402,0.517226341,0.232970027
671,18,1.632839,113,0.007692308,0.430056199,0.144414169
672,6,1.2726263,64,0.002564103,0.310848019,0.077656676
673,5,1.5627899,128,0.002136752,0.406874269,0.164850136
674,43,1.7963344,131,0.018376068,0.48416309,0.16893733
675,21,1.9512056,178,0.008974359,0.535415902,0.232970027
676,2,1.6338958,135,0.000854701,0.430405935,0.174386921
677,33,2.0416565,208,0.014102564,0.56534957,0.273841962
678,23,2.0531514,196,0.00982906,0.569153672,0.257493188
679,36,2.1118128,189,0.015384615,0.588566976,0.247956403
680,1,1.6092162,129,0.00042735,0.42223851,0.166212534
681,0,1.8783784,180,0,0.511314592,0.235694823
682,33,2.0360241,189,0.014102564,0.563485593,0.247956403
683,61,1.8391043,126,0.026068376,0.498317288,0.162125341
684,9,1.3088794,71,0.003846154,0.322845559,0.08719346
685,13,1.31797,58,0.005555556,0.325853986,0.069482289
686,39,2.0250261,184,0.016666667,0.559845933,0.241144414
687,19,1.9305556,169,0.008119658,0.528582026,0.220708447
688,15,1.7641696,160,0.006410256,0.473518525,0.208446866
689,4,1.2409762,75,0.001709402,0.300373789,0.092643052
690,36,1.6741856,100,0.015384615,0.443739373,0.126702997
691,6,1.2409762,75,0.002564103,0.300373789,0.092643052
692,15,1.7641696,160,0.006410256,0.473518525,0.208446866
693,496,2.7747409,334,0.211965812,0.807955278,0.445504087
694,18,1.7500782,166,0.007692308,0.468855141,0.216621253
695,20,1.7093985,152,0.008547009,0.45539267,0.197547684
696,51,1.9304764,141,0.021794872,0.528555816,0.182561308
697,31,1.9161526,185,0.013247863,0.523815522,0.242506812
698,24,2.0099213,203,0.01025641,0.554847176,0.267029973
699,33,2.0781591,218,0.014102564,0.577429678,0.28746594
700,173,2.1739249,231,0.073931624,0.609122249,0.305177112
701,79,1.9916406,219,0.033760684,0.548797392,0.288828338
702,24,1.9201292,199,0.01025641,0.525131531,0.261580381
703,15,1.8260332,185,0.006410256,0.49399156,0.242506812
704,327,2.604677,406,0.13974359,0.751674619,0.54359673
705,25,1.5226898,102,0.010683761,0.39360361,0.129427793
706,8,1.5003179,126,0.003418803,0.386199891,0.162125341
707,158,2.3055882,308,0.067521368,0.652694679,0.410081744
708,23,1.9315701,258,0.00982906,0.528917763,0.341961853
709,5,0.87255627,13,0.002136752,0.178449522,0.008174387
710,5,0.84912294,15,0.002136752,0.170694536,0.010899183
711,4,0.84912294,15,0.001709402,0.170694536,0.010899183
712,5,0.98510355,17,0.002136752,0.215695728,0.013623978
713,15,1.2671746,19,0.006410256,0.309043843,0.016348774
714,6,0.98510355,17,0.002564103,0.215695728,0.013623978
715,8,0.98558021,20,0.003418803,0.215853473,0.017711172
716,6,0.8870222,25,0.002564103,0.183236852,0.024523161
717,8,1.0445806,47,0.003418803,0.235378962,0.054495913
718,18,1.5717616,133,0.007692308,0.409843348,0.171662125
719,20,1.7849092,170,0.008547009,0.480382053,0.222070845
720,8,1.2639573,90,0.003418803,0.307979115,0.113079019
721,22,1.6249448,104,0.009401709,0.427443706,0.132152589
722,117,2.1681063,228,0.05,0.607196652,0.301089918
723,72,1.8344558,110,0.030769231,0.496778921,0.140326975
724,12,1.2552096,53,0.005128205,0.305084166,0.0626703
725,6,1.0405263,62,0.002564103,0.234037239,0.07493188
726,14,1.5872986,164,0.005982906,0.414985137,0.213896458
727,0,1.0405263,45,0,0.234037239,0.051771117
728,0,1.3154316,134,0,0.325013933,0.173024523
729,1366,3.1851494,636,0.583760684,0.943775171,0.856948229
730,194,2.4768422,414,0.082905983,0.709369187,0.554495913
731,48,2.1172049,329,0.020512821,0.590351429,0.438692098
732,71,2.4278162,408,0.03034188,0.693144606,0.546321526
733,374,2.8372538,566,0.15982906,0.828643191,0.761580381
734,62,2.1351473,303,0.026495726,0.596289256,0.403269755
735,140,2.4198058,342,0.05982906,0.690493658,0.45640327
736,280,2.5485778,353,0.11965812,0.733109245,0.471389646
737,101,2.0655131,186,0.043162393,0.573244632,0.24386921
738,34,1.6883124,158,0.014529915,0.448414472,0.205722071
739,10,1.3455029,111,0.004273504,0.334965678,0.141689373
740,25,1.3938289,62,0.010683761,0.350958602,0.07493188
741,21,1.3304729,82,0.008974359,0.329991675,0.102179837
742,16,1.8328506,233,0.006837607,0.496247699,0.307901907
743,8,1.0207884,35,0.003418803,0.227505212,0.038147139
744,8,1.0952908,55,0.003418803,0.25216091,0.065395095
745,24,1.5226898,88,0.01025641,0.39360361,0.110354223
746,1,0.91666669,36,0.00042735,0.19304735,0.039509537
747,4,1.2621337,75,0.001709402,0.307375616,0.092643052
748,38,1.7700537,171,0.016239316,0.475465799,0.223433243
749,14,1.31797,64,0.005982906,0.325853986,0.077656676
750,14,1.3938289,74,0.005982906,0.350958602,0.091280654
751,18,1.4803609,83,0.007692308,0.379595356,0.103542234
752,61,2.0257483,175,0.026068376,0.560084937,0.228882834
753,10,1.6581639,158,0.004273504,0.438437179,0.205722071
754,11,1.7297633,180,0.004700855,0.462132163,0.235694823
755,8,1.0207884,35,0.003418803,0.227505212,0.038147139
756,5,1.5,90,0.002136752,0.386094686,0.113079019
757,8,1,35,0.003418803,0.220625534,0.038147139
758,12,1.2552096,70,0.005128205,0.305084166,0.085831063
759,24,1.7093985,152,0.01025641,0.45539267,0.197547684
760,10,1.3592209,81,0.004273504,0.339505489,0.100817439
761,51,1.9582232,196,0.021794872,0.537738295,0.257493188
762,9,2.1229281,305,0.003846154,0.592245455,0.40599455
763,1,1.5898042,148,0.00042735,0.415814336,0.192098093
764,19,1.6434549,124,0.008119658,0.433569407,0.159400545
765,42,1.8571436,157,0.017948718,0.504287183,0.204359673
766,262,2.4722362,323,0.111965812,0.707844885,0.430517711
767,31,1.7777745,155,0.013247863,0.478020908,0.201634877
768,15,1.5967636,120,0.006410256,0.418117468,0.153950954
769,55,2.0647817,223,0.023504274,0.573002584,0.294277929
770,8,1.2857143,91,0.003418803,0.31517934,0.114441417
771,8,1.0207884,40,0.003418803,0.227505212,0.044959128
772,17,1.3057258,43,0.007264957,0.321801912,0.049046322
773,18,1.3592209,71,0.007692308,0.339505489,0.08719346
774,3,1,38,0.001282051,0.220625534,0.042234332
775,14,1.238816,45,0.005982906,0.299658896,0.051771117
776,18,1.5226898,83,0.007692308,0.39360361,0.103542234
777,31,1.8017781,142,0.013247863,0.485964619,0.183923706
778,14,1.6322472,142,0.005982906,0.42986035,0.183923706
779,1,1.6503496,132,0.00042735,0.435851128,0.170299728
780,50,2.2050905,309,0.021367521,0.61943614,0.411444142
781,24,1.8344153,134,0.01025641,0.496765518,0.173024523
782,62,2.2249563,313,0.026495726,0.626010494,0.416893733
783,2,1.4221928,116,0.000854701,0.360345303,0.148501362
784,20,1.6261337,75,0.008547009,0.427837159,0.092643052
785,0,1.6211112,134,0,0.426175021,0.173024523
786,0,1.6211112,134,0,0.426175021,0.173024523
787,4,1.6211112,134,0.001709402,0.426175021,0.173024523
788,21,1.8260332,161,0.008974359,0.49399156,0.209809264
789,56,1.7555087,108,0.023931624,0.470652302,0.13760218
790,207,2.5114014,207,0.088461538,0.72080615,0.272479564
791,20,1.6434549,98,0.008547009,0.433569407,0.123978202
792,22,1.7601773,148,0.009401709,0.47219732,0.192098093
793,22,1.4538981,90,0.009401709,0.370837801,0.113079019
794,38,1.6249448,80,0.016239316,0.427443706,0.099455041
795,208,2.3619857,165,0.088888889,0.671358772,0.215258856
796,45,1.8470125,122,0.019230769,0.500934414,0.156675749
797,116,2.317255,70,0.04957265,0.65655567,0.085831063
798,23,1.6503496,94,0.00982906,0.435851128,0.11852861
799,17,1.5448366,70,0.007264957,0.400932834,0.085831063
800,9,1.3636364,69,0.003846154,0.340966747,0.084468665
801,69,1.8344153,90,0.029487179,0.496765518,0.113079019
802,20,1.5110798,70,0.008547009,0.389761416,0.085831063
803,8,1.5364467,51,0.003418803,0.398156295,0.059945504
804,39,1.7379411,62,0.016666667,0.46483851,0.07493188
805,12,1.3304729,54,0.005128205,0.329991675,0.064032698
806,8,1.1981546,48,0.003418803,0.286202481,0.055858311
807,3,0.8870222,29,0.001282051,0.183236852,0.029972752
808,5,0.98558021,30,0.002136752,0.215853473,0.03133515
809,1,0.94787496,35,0.00042735,0.203375362,0.038147139
810,8,1.31797,45,0.003418803,0.325853986,0.051771117
811,64,2.0180571,153,0.027350427,0.557539624,0.198910082
812,50,2.1043818,279,0.021367521,0.586107774,0.370572207
813,48,2.0102956,242,0.020512821,0.554971046,0.320163488
814,10,1.5627899,139,0.004273504,0.406874269,0.179836512
815,52,1.8855816,139,0.022222222,0.513698407,0.179836512
816,21,1.606352,75,0.008974359,0.421290636,0.092643052
817,64,1.8,77,0.027350427,0.485376177,0.095367847
818,11,1.40625,82,0.004700855,0.35506922,0.102179837
819,5,2.0473592,201,0.002136752,0.567236811,0.264305177
820,26,2.0473592,201,0.011111111,0.567236811,0.264305177
821,4,1.3845592,60,0.001709402,0.347890903,0.072207084
822,4,1.3845592,60,0.001709402,0.347890903,0.072207084
823,0,1.3845592,60,0,0.347890903,0.072207084
824,41,2.2449141,336,0.017521368,0.632615295,0.448228883
825,33,1.7704608,170,0.014102564,0.475600524,0.222070845
826,0,0.9216888,57,0,0.194709358,0.068119891
827,5,1.4382962,90,0.002136752,0.365674535,0.113079019
828,10,1.1768752,68,0.004273504,0.279160313,0.083106267
829,14,1.4990026,149,0.005982906,0.385764608,0.19346049
830,29,2.2056556,355,0.012393162,0.619623154,0.474114441
831,21,1.8528867,195,0.008974359,0.502878412,0.25613079
832,0,2.1324449,350,0,0.595394929,0.467302452
833,8,1.0952908,48,0.003418803,0.25216091,0.055858311
834,8,1.0207884,33,0.003418803,0.227505212,0.035422343
835,14,1.3006579,54,0.005982906,0.320124749,0.064032698
836,22,1.6092162,149,0.009401709,0.42223851,0.19346049
837,53,2.3435915,325,0.022649573,0.665271426,0.433242507
838,1,1.2222222,46,0.00042735,0.294167372,0.053133515
839,1,1.2222222,46,0.00042735,0.294167372,0.053133515
840,32,1.6693437,126,0.013675214,0.442137003,0.162125341
841,10,1.5212561,119,0.004273504,0.393129144,0.152588556
842,2,1.1087778,43,0.000854701,0.256624275,0.049046322
843,4,1.2222222,46,0.001709402,0.294167372,0.053133515
844,30,1.4644111,76,0.012820513,0.374316956,0.09400545
845,10,1.1191936,34,0.004273504,0.260071262,0.036784741
846,12,1.2671746,21,0.005128205,0.309043843,0.019073569
847,8,1.0207884,28,0.003418803,0.227505212,0.028610354
848,12,1.3791449,17,0.005128205,0.346099104,0.013623978
849,6,0.84912294,15,0.002564103,0.170694536,0.010899183
850,0,0.42239243,12,0,0.029473064,0.006811989
851,8,1.1492875,17,0.003418803,0.270030486,0.013623978
852,0,0.58170414,14,0,0.082195411,0.009536785
853,12,1.5145565,127,0.005128205,0.390911989,0.163487738
854,90,2.3115051,330,0.038461538,0.654652808,0.440054496
855,0,0.42239243,28,0,0.029473064,0.028610354
856,6,1.3154316,111,0.002564103,0.325013933,0.141689373
857,8,2.2170944,317,0.003418803,0.623408691,0.422343324
858,1,1.2162162,104,0.00042735,0.292179756,0.132152589
859,30,2.2170944,317,0.012820513,0.623408691,0.422343324
860,40,2.2170944,317,0.017094017,0.623408691,0.422343324
861,0,1.1538461,103,0,0.271539101,0.130790191
862,0,2.1821795,317,0,0.611854013,0.422343324
863,85,2.3692019,329,0.036324786,0.673746889,0.438692098
864,9,1.4990026,126,0.003846154,0.385764608,0.162125341
865,2,1.1191936,57,0.000854701,0.260071262,0.068119891
866,37,1.6771457,143,0.015811966,0.444718984,0.185286104
867,113,2.4520409,347,0.048290598,0.701161487,0.463215259
868,2,1.1191936,57,0.000854701,0.260071262,0.068119891
869,25,1.9432633,233,0.010683761,0.532787491,0.307901907
870,85,2.3843083,339,0.036324786,0.678746175,0.452316076
871,22,1.7429162,161,0.009401709,0.466484961,0.209809264
872,5,1.5763751,168,0.002136752,0.411370132,0.219346049
873,8,1.6791822,168,0.003418803,0.445392939,0.219346049
874,1,1.3988512,81,0.00042735,0.352620674,0.100817439
875,5,1.5302317,151,0.002136752,0.396099513,0.196185286
876,10,1.1191936,53,0.004273504,0.260071262,0.0626703
877,156,2.1755097,215,0.066666667,0.609646721,0.283378747
878,63,1.9378124,200,0.026923077,0.530983579,0.262942779
879,0,1.0233698,64,0,0.228359496,0.077656676
880,12,1.4221928,83,0.005128205,0.360345303,0.103542234
881,6,1.3068799,116,0.002564103,0.322183848,0.148501362
882,39,2.1167736,301,0.016666667,0.590208695,0.400544959
883,3,1.2829794,103,0.001282051,0.314274257,0.130790191
884,50,2.1299543,299,0.021367521,0.594570694,0.397820163
885,3,1.6534998,189,0.001282051,0.436893649,0.247956403
886,2,1.1950141,99,0.000854701,0.285163169,0.125340599
887,21,2.0545578,299,0.008974359,0.569619104,0.397820163
888,6,0.8870222,27,0.002564103,0.183236852,0.027247956
889,6,0.9792943,55,0.002564103,0.213773225,0.065395095
890,16,1.6543651,165,0.006837607,0.43718001,0.215258856
891,24,1.7777745,134,0.01025641,0.478020908,0.173024523
892,33,1.6118186,96,0.014102564,0.423099744,0.121253406
893,8,1.5346701,103,0.003418803,0.39756835,0.130790191
894,3,1.1561403,58,0.001282051,0.27229834,0.069482289
895,86,2.0987535,162,0.036752137,0.584245154,0.211171662
896,144,2.2396266,186,0.061538462,0.630865459,0.24386921
897,97,2.0180571,145,0.041452991,0.557539624,0.188010899
898,127,2.1739249,176,0.054273504,0.609122249,0.230245232
899,28,2.0579145,172,0.011965812,0.570729964,0.22479564
900,179,2.4233918,169,0.076495726,0.691680402,0.220708447
901,96,2.1774147,174,0.041025641,0.610277158,0.227520436
902,0,0.63684219,32,0,0.100442704,0.034059946
903,10,1.3636364,93,0.004273504,0.340966747,0.117166213
904,10,1.7938285,130,0.004273504,0.483333791,0.167574932
905,323,2.5434186,193,0.138034188,0.731401868,0.253405995
906,43,1.872734,156,0.018376068,0.509446644,0.202997275
907,73,1.8993479,125,0.031196581,0.518254203,0.160762943
908,10,1.40625,86,0.004273504,0.35506922,0.107629428
909,22,1.3270249,26,0.009401709,0.3288506,0.025885559
910,6,0.8619656,17,0.002564103,0.174944664,0.013623978
911,0,0.42239243,11,0,0.029473064,0.005449591
912,8,1.0207884,26,0.003418803,0.227505212,0.025885559
913,8,1,24,0.003418803,0.220625534,0.023160763
914,12,1.2671746,22,0.005128205,0.309043843,0.020435967
915,8,1.1492875,19,0.003418803,0.270030486,0.016348774
916,12,1.2222222,24,0.005128205,0.294167372,0.023160763
917,10,1.1191936,29,0.004273504,0.260071262,0.029972752
918,0,0.58170414,14,0,0.082195411,0.009536785
919,12,1.238816,52,0.005128205,0.299658896,0.061307902
920,12,1.2241485,40,0.005128205,0.294804858,0.044959128
921,35,1.5405476,54,0.014957265,0.39951344,0.064032698
922,12,1.40625,75,0.005128205,0.35506922,0.092643052
923,47,1.6741856,84,0.02008547,0.443739373,0.104904632
924,6,1.1561403,46,0.002564103,0.27229834,0.053133515
925,56,1.9582232,134,0.023931624,0.537738295,0.173024523
926,40,1.6118186,79,0.017094017,0.423099744,0.098092643
927,6,1.1365665,42,0.002564103,0.26582062,0.047683924
928,19,1.3873369,47,0.008119658,0.348810151,0.054495913
929,6,0.8619656,19,0.002564103,0.174944664,0.016348774
930,8,1,24,0.003418803,0.220625534,0.023160763
931,16,1.3057258,30,0.006837607,0.321801912,0.03133515
932,12,1.2552096,49,0.005128205,0.305084166,0.057220708
933,18,1.2123377,36,0.007692308,0.290896212,0.039509537
934,10,1.1365665,35,0.004273504,0.26582062,0.038147139
935,8,0.98558021,22,0.003418803,0.215853473,0.020435967
936,6,0.8619656,17,0.002564103,0.174944664,0.013623978
937,6,0.84912294,16,0.002564103,0.170694536,0.01226158
938,0,0.68957245,21,0,0.117893167,0.019073569
939,17,1.2989333,40,0.007264957,0.319554013,0.044959128
940,0,1.0207884,32,0,0.227505212,0.034059946
941,6,1.1365665,51,0.002564103,0.26582062,0.059945504
942,6,1.2409762,66,0.002564103,0.300373789,0.080381471
943,0,1.3034559,63,0,0.321050715,0.076294278
944,44,2.2720313,324,0.018803419,0.641589415,0.431880109
945,18,1.4505,114,0.007692308,0.36971324,0.145776567
946,0,0.33333334,7,0,0,0
947,4,0.70398736,9,0.001709402,0.122663613,0.002724796
948,6,0.87255627,12,0.002564103,0.178449522,0.006811989
949,6,0.8619656,16,0.002564103,0.174944664,0.01226158
950,8,0.98558021,36,0.003418803,0.215853473,0.039509537
951,0,0.42239243,10,0,0.029473064,0.004087193
952,6,0.84912294,32,0.002564103,0.170694536,0.034059946
953,10,1.6290734,147,0.004273504,0.428810018,0.190735695
954,36,1.6474625,61,0.015384615,0.434895676,0.073569482
955,26,1.550553,41,0.011111111,0.40282461,0.046321526
956,13,1.5872986,144,0.005555556,0.414985137,0.186648501
957,20,1.31797,60,0.008547009,0.325853986,0.072207084
958,0,0.42239243,11,0,0.029473064,0.005449591
959,6,0.8619656,23,0.002564103,0.174944664,0.021798365
960,20,1.3873683,35,0.008547009,0.348820542,0.038147139
961,19,1.2989333,35,0.008119658,0.319554013,0.038147139
962,7,1.1365665,35,0.002991453,0.26582062,0.038147139
963,20,1.3873369,61,0.008547009,0.348810151,0.073569482
964,10,1.5872986,145,0.004273504,0.414985137,0.188010899
965,6,1.1191936,34,0.002564103,0.260071262,0.036784741
966,4,1.0207884,29,0.001709402,0.227505212,0.029972752
967,14,1.4380959,87,0.005982906,0.365608248,0.108991826
968,8,1.0697098,41,0.003418803,0.243695177,0.046321526
969,12,1.2222222,37,0.005128205,0.294167372,0.040871935
970,12,1.3272201,65,0.005128205,0.328915199,0.079019074
971,28,1.8140556,127,0.011965812,0.490027714,0.163487738
972,12,1.2222222,34,0.005128205,0.294167372,0.036784741
973,8,1.3068799,95,0.003418803,0.322183848,0.119891008
974,8,1,37,0.003418803,0.220625534,0.040871935
975,28,1.6178579,86,0.011965812,0.42509838,0.107629428
976,6,1.1981546,67,0.002564103,0.286202481,0.081743869
977,4,1.0952908,44,0.001709402,0.25216091,0.050408719
978,17,1.3938289,72,0.007264957,0.350958602,0.088555858
979,8,1.6009859,151,0.003418803,0.419514788,0.196185286
980,11,1.2989333,59,0.004700855,0.319554013,0.070844687
981,17,1.6581639,151,0.007264957,0.438437179,0.196185286
982,11,1.238816,68,0.004700855,0.299658896,0.083106267
983,13,1.4652896,84,0.005555556,0.374607685,0.104904632
984,34,1.5365106,55,0.014529915,0.398177442,0.065395095
985,8,1.0697098,37,0.003418803,0.243695177,0.040871935
986,6,0.94787496,28,0.002564103,0.203375362,0.028610354
987,0,0.42239243,14,0,0.029473064,0.009536785
988,6,1.0102814,37,0.002564103,0.224028043,0.040871935
989,16,1.3938289,48,0.006837607,0.350958602,0.055858311
990,111,2.1428571,64,0.047435897,0.598840724,0.077656676
991,27,1.6261337,47,0.011538462,0.427837159,0.054495913
992,12,1.238816,41,0.005128205,0.299658896,0.046321526
993,8,0.98558021,27,0.003418803,0.215853473,0.027247956
994,6,0.8619656,19,0.002564103,0.174944664,0.016348774
995,6,0.84912294,15,0.002564103,0.170694536,0.010899183
996,6,0.84912294,14,0.002564103,0.170694536,0.009536785
997,6,0.84912294,15,0.002564103,0.170694536,0.010899183
998,6,0.8619656,18,0.002564103,0.174944664,0.014986376
999,8,1,27,0.003418803,0.220625534,0.027247956
1000,22,1.3304729,47,0.009401709,0.329991675,0.054495913
1001,8,1,27,0.003418803,0.220625534,0.027247956
1002,6,0.8619656,18,0.002564103,0.174944664,0.014986376
1003,6,0.84912294,16,0.002564103,0.170694536,0.01226158
1004,6,0.8619656,16,0.002564103,0.174944664,0.01226158
1005,8,0.98510355,18,0.003418803,0.215695728,0.014986376
1006,14,1.1,23,0.005982906,0.253719364,0.021798365
1007,0,0.58170414,14,0,0.082195411,0.009536785
1008,3,1.4635203,48,0.001282051,0.374022156,0.055858311
1009,8,1.4635203,48,0.003418803,0.374022156,0.055858311
1010,24,1.4644111,43,0.01025641,0.374316956,0.049046322
1011,12,1.2052853,33,0.005128205,0.288562303,0.035422343
1012,14,1.471094,42,0.005982906,0.376528583,0.047683924
1013,9,1.3076391,41,0.003846154,0.322435096,0.046321526
1014,8,1.4644111,45,0.003418803,0.374316956,0.051771117
1015,8,1.0445806,30,0.003418803,0.235378962,0.03133515
1016,10,1.1191936,30,0.004273504,0.260071262,0.03133515
1017,36,1.471094,43,0.015384615,0.376528583,0.049046322
1018,14,1.3746208,57,0.005982906,0.344601906,0.068119891
1019,10,1.1191936,29,0.004273504,0.260071262,0.029972752
1020,8,1.0207884,25,0.003418803,0.227505212,0.024523161
1021,18,1.2222222,24,0.007692308,0.294167372,0.023160763
1022,8,0.98558021,21,0.003418803,0.215853473,0.019073569
1023,6,0.91666669,23,0.002564103,0.19304735,0.021798365
1024,10,1.1058542,27,0.004273504,0.255656743,0.027247956
1025,8,1,27,0.003418803,0.220625534,0.027247956
1026,8,1.0697098,51,0.003418803,0.243695177,0.059945504
1027,22,1.5592874,87,0.009401709,0.405715158,0.108991826
1028,93,2.2425838,132,0.03974359,0.631844109,0.170299728
1029,56,2.1938319,132,0.023931624,0.615710238,0.170299728
1030,13,1.9756846,128,0.005555556,0.543516941,0.164850136
1031,155,2.4037166,96,0.066239316,0.685169125,0.121253406
1032,0,1.3592209,67,0,0.339505489,0.081743869
1033,12,1.6693437,114,0.005128205,0.442137003,0.145776567
1034,32,2.0186343,128,0.013675214,0.557730642,0.164850136
1035,4,1.5395753,69,0.001709402,0.399191669,0.084468665
1036,3,1.2829794,71,0.001282051,0.314274257,0.08719346
1037,5,1.7555087,119,0.002136752,0.470652302,0.152588556
1038,12,1.4221928,78,0.005128205,0.360345303,0.096730245
1039,13,1.5448366,71,0.005555556,0.400932834,0.08719346
1040,0,1.7429162,126,0,0.466484961,0.162125341
1041,22,1.7555087,119,0.009401709,0.470652302,0.152588556
1042,4,1.1950141,67,0.001709402,0.285163169,0.081743869
1043,18,1.5110798,69,0.007692308,0.389761416,0.084468665
1044,6,1.1365665,40,0.002564103,0.26582062,0.044959128
1045,2,1,35,0.000854701,0.220625534,0.038147139
1046,8,1.3443909,54,0.003418803,0.334597674,0.064032698
1047,62,1.8416041,70,0.026495726,0.499144568,0.085831063
1048,152,2.2275536,80,0.064957265,0.626870041,0.099455041
1049,24,1.6503496,75,0.01025641,0.435851128,0.092643052
1050,42,1.6794915,70,0.017948718,0.445495299,0.085831063
1051,22,1.4028426,50,0.009401709,0.353941581,0.058583106
1052,10,1.1058542,31,0.004273504,0.255656743,0.032697548
1053,10,1.0189475,16,0.004273504,0.226895987,0.01226158
1054,0,0.52799052,10,0,0.064419517,0.004087193
1055,0,0.52799052,10,0,0.064419517,0.004087193
1056,98,1.9174613,69,0.041880342,0.524248621,0.084468665
1057,0,1.2409762,50,0,0.300373789,0.058583106
1058,4,1.0952908,42,0.001709402,0.25216091,0.047683924
1059,12,1.4135897,52,0.005128205,0.357498208,0.061307902
1060,63,1.7841618,76,0.026923077,0.48013471,0.09400545
1061,20,1.5887082,74,0.008547009,0.415451627,0.091280654
1062,16,1.4028426,50,0.006837607,0.353941581,0.058583106
1063,8,1.0952908,35,0.003418803,0.25216091,0.038147139
1064,18,1.2222222,28,0.007692308,0.294167372,0.028610354
1065,8,1,24,0.003418803,0.220625534,0.023160763
1066,8,1.0207884,31,0.003418803,0.227505212,0.032697548
1067,14,1.31797,49,0.005982906,0.325853986,0.057220708
1068,1,0.8619656,24,0.00042735,0.174944664,0.023160763
1069,6,1.0952908,44,0.002564103,0.25216091,0.050408719
1070,20,1.5517242,64,0.008547009,0.403212205,0.077656676
1071,8,1,28,0.003418803,0.220625534,0.028610354
1072,8,1.0952908,40,0.003418803,0.25216091,0.044959128
1073,14,1.3443909,50,0.005982906,0.334597674,0.058583106
1074,0,0.68232477,27,0,0.115494632,0.027247956
1075,0,0.42239243,11,0,0.029473064,0.005449591
1076,6,0.8619656,25,0.002564103,0.174944664,0.024523161
1077,32,1.5517242,65,0.013675214,0.403212205,0.079019074
1078,3,0.94787496,33,0.001282051,0.203375362,0.035422343
1079,0,0.70398736,16,0,0.122663613,0.01226158
1080,1,0.94787496,33,0.00042735,0.203375362,0.035422343
1081,1,1.4166186,83,0.00042735,0.358500587,0.103542234
1082,32,1.7909094,77,0.013675214,0.482367749,0.095367847
1083,7,1.4166186,83,0.002991453,0.358500587,0.103542234
1084,8,1.6546941,128,0.003418803,0.437288889,0.164850136
1085,76,2.1370347,171,0.032478632,0.596913869,0.223433243
1086,17,1.6693437,122,0.007264957,0.442137003,0.156675749
1087,2,1.1460608,74,0.000854701,0.268962647,0.091280654
1088,10,1.5212561,108,0.004273504,0.393129144,0.13760218
1089,10,1.4652896,96,0.004273504,0.374607685,0.121253406
1090,4,1.2196002,78,0.001709402,0.293299652,0.096730245
1091,7,1.6211112,104,0.002991453,0.426175021,0.132152589
1092,55,1.7841618,114,0.023504274,0.48013471,0.145776567
1093,1,1.5226898,94,0.00042735,0.39360361,0.11852861
1094,93,1.9851656,109,0.03974359,0.546654567,0.138964578
1095,0,1.4516129,89,0,0.370081541,0.111716621
1096,3,1.4516129,89,0.001282051,0.370081541,0.111716621
1097,5,1.4516129,89,0.002136752,0.370081541,0.111716621
1098,1,1.5226898,94,0.00042735,0.39360361,0.11852861
1099,106,2.1716397,160,0.045299145,0.608365989,0.208446866
1100,5,1.5226898,94,0.002136752,0.39360361,0.11852861
1101,14,1.507236,106,0.005982906,0.388489356,0.134877384
1102,17,1.4652896,94,0.007264957,0.374607685,0.11852861
1103,6,1.1087778,35,0.002564103,0.256624275,0.038147139
1104,0,1.2409762,73,0,0.300373789,0.089918256
1105,4,1.2409762,73,0.001709402,0.300373789,0.089918256
1106,9,1.4382962,92,0.003846154,0.365674535,0.115803815
1107,10,1.4382962,92,0.004273504,0.365674535,0.115803815
1108,1,0.8870222,38,0.00042735,0.183236852,0.042234332
1109,2,1.5110798,98,0.000854701,0.389761416,0.123978202
1110,0,1.1981546,45,0,0.286202481,0.051771117
1111,0,0.95710868,48,0,0.206431153,0.055858311
1112,0,0.87048382,35,0,0.177763669,0.038147139
1113,0,0.82939059,33,0,0.164164345,0.035422343
1114,12,1.238816,51,0.005128205,0.299658896,0.059945504
1115,25,1.569167,49,0.010683761,0.408984696,0.057220708
1116,11,1.3006579,53,0.004700855,0.320124749,0.0626703
1117,11,1.507236,110,0.004700855,0.388489356,0.140326975
1118,2,1.1,32,0.000854701,0.253719364,0.034059946
1119,15,1.471094,56,0.006410256,0.376528583,0.066757493
1120,10,1.5469,110,0.004273504,0.401615692,0.140326975
1121,18,1.5448366,85,0.007692308,0.400932834,0.10626703
1122,36,1.8276744,136,0.015384615,0.494534696,0.175749319
1123,2,1.1768752,57,0.000854701,0.279160313,0.068119891
1124,17,1.7195774,133,0.007264957,0.458761258,0.171662125
1125,8,1.238816,57,0.003418803,0.299658896,0.068119891
1126,5,1.1058542,43,0.002136752,0.255656743,0.049046322
1127,20,1.5469,105,0.008547009,0.401615692,0.133514986
1128,55,1.9976608,212,0.023504274,0.550789707,0.279291553
1129,0,1.2829794,81,0,0.314274257,0.100817439
1130,4,1.4516129,86,0.001709402,0.370081541,0.107629428
1131,23,1.6249448,94,0.00982906,0.427443706,0.11852861
1132,32,1.7257152,93,0.013675214,0.460792491,0.117166213
1133,14,1.4516129,79,0.005982906,0.370081541,0.098092643
1134,10,1.5688319,104,0.004273504,0.408873798,0.132152589
1135,43,1.9323636,129,0.018376068,0.529180363,0.166212534
1136,0,1.3636364,101,0,0.340966747,0.128065395
1137,1,1.3636364,101,0.00042735,0.340966747,0.128065395
1138,41,1.7669872,75,0.017521368,0.474450977,0.092643052
1139,13,1.3443909,73,0.005555556,0.334597674,0.089918256
1140,30,1.8140556,129,0.012820513,0.490027714,0.166212534
1141,0,1.5592309,124,0,0.40569646,0.159400545
1142,0,0.9807294,63,0,0.214248154,0.076294278
1143,0,1.1365665,49,0,0.26582062,0.057220708
1144,42,1.7938285,135,0.017948718,0.483333791,0.174386921
1145,4,1.0952908,51,0.001709402,0.25216091,0.059945504
1146,2,0.87255627,20,0.000854701,0.178449522,0.017711172
1147,2,0.87255627,20,0.000854701,0.178449522,0.017711172
1148,4,1.0952908,51,0.001709402,0.25216091,0.059945504
1149,18,1.6338958,133,0.007692308,0.430405935,0.171662125
1150,10,1.5517242,86,0.004273504,0.403212205,0.107629428
1151,2,1.238816,66,0.000854701,0.299658896,0.080381471
1152,11,1.5967636,123,0.004700855,0.418117468,0.158038147
1153,106,2.1023719,60,0.045299145,0.585442621,0.072207084
1154,14,1.3443909,47,0.005982906,0.334597674,0.054495913
1155,26,1.5365106,49,0.011111111,0.398177442,0.057220708
1156,0,0.63684219,20,0,0.100442704,0.017711172
1157,14,1.2123377,37,0.005982906,0.290896212,0.040871935
1158,22,1.3845592,41,0.009401709,0.347890903,0.046321526
1159,3,1.0445806,35,0.001282051,0.235378962,0.038147139
1160,12,1.4028426,46,0.005128205,0.353941581,0.053133515
1161,13,1.3873369,43,0.005555556,0.348810151,0.049046322
1162,3,1.238816,43,0.001282051,0.299658896,0.049046322
1163,7,1.3938289,58,0.002991453,0.350958602,0.069482289
1164,14,1.7257152,78,0.005982906,0.460792491,0.096730245
1165,8,1.3938289,58,0.003418803,0.350958602,0.069482289
1166,0,1.1768752,52,0,0.279160313,0.061307902
1167,10,1.7144747,183,0.004273504,0.457072579,0.239782016
1168,9,1.3272201,86,0.003846154,0.328915199,0.107629428
1169,0,1.0952908,37,0,0.25216091,0.040871935
1170,12,1.2241485,37,0.005128205,0.294804858,0.040871935
1171,0,0.62688404,20,0,0.097147171,0.017711172
1172,12,1.3076391,39,0.005128205,0.322435096,0.04359673
1173,4,0.91666669,25,0.001709402,0.19304735,0.024523161
1174,12,1.3076391,39,0.005128205,0.322435096,0.04359673
1175,4,0.91666669,25,0.001709402,0.19304735,0.024523161
1176,4,0.87255627,16,0.001709402,0.178449522,0.01226158
1177,8,1.0697098,38,0.003418803,0.243695177,0.042234332
1178,0,0.49860358,17,0,0.054694253,0.013623978
1179,25,1.6857162,97,0.010683761,0.44755529,0.122615804
1180,0,0.90925324,51,0,0.190593955,0.059945504
1181,52,1.9304764,109,0.022222222,0.528555816,0.138964578
1182,56,1.8489804,80,0.023931624,0.501585668,0.099455041
1183,7,1.7001897,101,0.002991453,0.452345126,0.128065395
1184,19,1.5395753,67,0.008119658,0.399191669,0.081743869
1185,8,1.0445806,39,0.003418803,0.235378962,0.04359673
1186,20,1.7914909,103,0.008547009,0.48256019,0.130790191
1187,14,1.4666082,63,0.005982906,0.37504406,0.076294278
1188,5,1.0207884,37,0.002136752,0.227505212,0.040871935
1189,5,0.8619656,25,0.002136752,0.174944664,0.024523161
1190,14,1.3076391,53,0.005982906,0.322435096,0.0626703
1191,6,1.0102814,41,0.002564103,0.224028043,0.046321526
1192,10,1.1768752,63,0.004273504,0.279160313,0.076294278
1193,10,1.1365665,33,0.004273504,0.26582062,0.035422343
1194,18,1.2063863,26,0.007692308,0.288926666,0.025885559
1195,8,0.98558021,20,0.003418803,0.215853473,0.017711172
1196,6,0.8619656,17,0.002564103,0.174944664,0.013623978
1197,8,0.98558021,20,0.003418803,0.215853473,0.017711172
1198,6,0.8619656,17,0.002564103,0.174944664,0.013623978
1199,6,0.84912294,15,0.002564103,0.170694536,0.010899183
1200,6,0.84912294,17,0.002564103,0.170694536,0.013623978
1201,6,0.91666669,27,0.002564103,0.19304735,0.027247956
1202,12,1.2552096,45,0.005128205,0.305084166,0.051771117
1203,6,0.94787496,31,0.002564103,0.203375362,0.032697548
1204,6,0.84912294,18,0.002564103,0.170694536,0.014986376
1205,6,0.84912294,15,0.002564103,0.170694536,0.010899183
1206,6,0.8619656,17,0.002564103,0.174944664,0.013623978
1207,8,0.98558021,20,0.003418803,0.215853473,0.017711172
1208,18,1.2063863,23,0.007692308,0.288926666,0.021798365
1209,8,0.98558021,20,0.003418803,0.215853473,0.017711172
1210,6,0.8619656,17,0.002564103,0.174944664,0.013623978
1211,6,0.84912294,15,0.002564103,0.170694536,0.010899183
1212,6,0.84912294,14,0.002564103,0.170694536,0.009536785
1213,6,0.84912294,14,0.002564103,0.170694536,0.009536785
1214,6,0.84912294,15,0.002564103,0.170694536,0.010899183
1215,14,1.3443909,47,0.005982906,0.334597674,0.054495913
1216,6,0.94787496,31,0.002564103,0.203375362,0.032697548
1217,6,0.84912294,18,0.002564103,0.170694536,0.014986376
1218,6,0.84912294,14,0.002564103,0.170694536,0.009536785
1219,6,0.84912294,14,0.002564103,0.170694536,0.009536785
1220,6,0.84912294,14,0.002564103,0.170694536,0.009536785
1221,6,0.84912294,14,0.002564103,0.170694536,0.009536785
1222,6,0.84912294,13,0.002564103,0.170694536,0.008174387
1223,6,0.87255627,11,0.002564103,0.178449522,0.005449591
1224,4,0.70398736,9,0.001709402,0.122663613,0.002724796
1225,0,0.33333334,7,0,0,0
1226,10,1.1087778,21,0.004273504,0.256624275,0.019073569
1227,37,2.2,23,0.015811966,0.617751499,0.021798365
1228,0,0.56608194,17,0,0.077025427,0.013623978
1229,0,0.98558021,21,0,0.215853473,0.019073569
1230,0,0.98558021,21,0,0.215853473,0.019073569
1231,5,1.1087778,21,0.002136752,0.256624275,0.019073569
1232,3,0.8870222,22,0.001282051,0.183236852,0.020435967
1233,19,1.4744722,26,0.008119658,0.377646559,0.025885559
1234,8,1.0445806,28,0.003418803,0.235378962,0.028610354
1235,8,0.98558021,23,0.003418803,0.215853473,0.021798365
1236,14,1.1087778,20,0.005982906,0.256624275,0.017711172
1237,10,1.1,21,0.004273504,0.253719364,0.019073569
1238,0,0.58170414,13,0,0.082195411,0.008174387
1239,47,1.8614054,186,0.02008547,0.505697576,0.24386921
1240,94,1.9812206,140,0.04017094,0.545349015,0.18119891
1241,99,2.1118128,176,0.042307692,0.588566976,0.230245232
1242,16,1.6030675,152,0.006837607,0.42020367,0.197547684
1243,4,1.1561403,62,0.001709402,0.27229834,0.07493188
1244,0,0.73918515,43,0,0.13431191,0.049046322
1245,27,1.6042534,73,0.011538462,0.420596129,0.089918256
1246,0,1.3636364,94,0,0.340966747,0.11852861
1247,132,2.2465236,172,0.056410256,0.63314794,0.22479564
1248,44,1.8188498,134,0.018803419,0.491614298,0.173024523
1249,38,1.8993479,124,0.016239316,0.518254203,0.159400545
1250,24,1.7164973,93,0.01025641,0.457741935,0.117166213
1251,6,1.0983083,49,0.002564103,0.253159516,0.057220708
1252,6,0.84912294,22,0.002564103,0.170694536,0.020435967
1253,14,1.5003179,97,0.005982906,0.386199891,0.122615804
1254,11,1.3006579,45,0.004700855,0.320124749,0.051771117
1255,16,1.2989333,37,0.006837607,0.319554013,0.040871935
1256,12,1.238816,40,0.005128205,0.299658896,0.044959128
1257,42,1.5364467,56,0.017948718,0.398156295,0.066757493
1258,70,1.8839605,109,0.02991453,0.513161923,0.138964578
1259,23,1.471094,54,0.00982906,0.376528583,0.064032698
1260,10,1.4538981,91,0.004273504,0.370837801,0.114441417
1261,1,1.1,30,0.00042735,0.253719364,0.03133515
1262,6,1.2063863,34,0.002564103,0.288926666,0.036784741
1263,10,1.1191936,33,0.004273504,0.260071262,0.035422343
1264,12,1.2726263,62,0.005128205,0.310848019,0.07493188
1265,6,0.9792943,36,0.002564103,0.213773225,0.039509537
1266,37,1.9582232,156,0.015811966,0.537738295,0.202997275
1267,30,1.6794915,97,0.012820513,0.445495299,0.122615804
1268,13,1.4724894,73,0.005555556,0.376990375,0.089918256
1269,2,1.1561403,58,0.000854701,0.27229834,0.069482289
1270,15,1.5887082,97,0.006410256,0.415451627,0.122615804
1271,13,1.4724894,73,0.005555556,0.376990375,0.089918256
1272,0,1.6857162,96,0,0.44755529,0.121253406
1273,2,1.6992515,135,0.000854701,0.452034639,0.174386921
1274,18,1.8276744,143,0.007692308,0.494534696,0.185286104
1275,41,1.9812206,147,0.017521368,0.545349015,0.190735695
1276,15,1.5,80,0.006410256,0.386094686,0.099455041
1277,24,1.7164973,114,0.01025641,0.457741935,0.145776567
1278,41,1.6037242,70,0.017521368,0.420420997,0.085831063
1279,10,1.31797,58,0.004273504,0.325853986,0.069482289
1280,31,1.5517242,79,0.013247863,0.403212205,0.098092643
1281,9,1.8020762,145,0.003846154,0.486063271,0.188010899
1282,50,1.8470125,102,0.021367521,0.500934414,0.129427793
1283,8,1.3992285,88,0.003418803,0.352745537,0.110354223
1284,8,1.1950141,55,0.003418803,0.285163169,0.065395095
1285,6,0.8619656,28,0.002564103,0.174944664,0.028610354
1286,6,0.8870222,23,0.002564103,0.183236852,0.021798365
1287,10,1.1365665,41,0.004273504,0.26582062,0.046321526
1288,6,0.87255627,11,0.002564103,0.178449522,0.005449591
1289,4,0.70398736,9,0.001709402,0.122663613,0.002724796
1290,0,0.33333334,7,0,0,0
1291,10,1.1365665,54,0.004273504,0.26582062,0.064032698
1292,8,1.241593,61,0.003418803,0.300577912,0.073569482
1293,54,1.8470125,102,0.023076923,0.500934414,0.129427793
1294,8,1.2639573,66,0.003418803,0.307979115,0.080381471
1295,12,1.2726263,60,0.005128205,0.310848019,0.072207084
1296,24,1.7081656,91,0.01025641,0.454984657,0.114441417
1297,5,1.0983083,53,0.002136752,0.253159516,0.0626703
1298,5,1.0207884,38,0.002136752,0.227505212,0.042234332
1299,5,1.2186118,63,0.002136752,0.292972552,0.076294278
1300,38,1.7914909,91,0.016239316,0.48256019,0.114441417
1301,6,1.2409762,54,0.002564103,0.300373789,0.064032698
1302,18,1.3592209,57,0.007692308,0.339505489,0.068119891
1303,8,1.0207884,35,0.003418803,0.227505212,0.038147139
1304,17,1.2222222,25,0.007264957,0.294167372,0.024523161
1305,8,1,24,0.003418803,0.220625534,0.023160763
1306,10,1.1191936,28,0.004273504,0.260071262,0.028610354
1307,5,0.98510355,18,0.002136752,0.215695728,0.014986376
1308,2,0.8619656,20,0.000854701,0.174944664,0.017711172
1309,5,1,24,0.002136752,0.220625534,0.023160763
1310,25,1.3873683,35,0.010683761,0.348820542,0.038147139
1311,45,1.8391043,93,0.019230769,0.498317288,0.117166213
1312,2,1.0983083,50,0.000854701,0.253159516,0.058583106
1313,3,1.6597091,89,0.001282051,0.438948545,0.111716621
1314,22,1.6597091,89,0.009401709,0.438948545,0.111716621
1315,0,0.86595547,42,0,0.176265064,0.047683924
1316,10,1.1365665,53,0.004273504,0.26582062,0.0626703
1317,10,1.1,27,0.004273504,0.253719364,0.027247956
1318,0,0.8619656,20,0,0.174944664,0.017711172
1319,14,1.2222222,25,0.005982906,0.294167372,0.024523161
1320,22,1.3057258,32,0.009401709,0.321801912,0.034059946
1321,8,1,25,0.003418803,0.220625534,0.024523161
1322,6,0.8870222,21,0.002564103,0.183236852,0.019073569
1323,8,0.98510355,20,0.003418803,0.215695728,0.017711172
1324,11,1.1087778,24,0.004700855,0.256624275,0.023160763
1325,5,1.1058542,28,0.002136752,0.255656743,0.028610354
1326,3,1.1058542,28,0.001282051,0.255656743,0.028610354
1327,25,1.5154221,34,0.010683761,0.39119845,0.036784741
1328,10,1.1981546,50,0.004273504,0.286202481,0.058583106
1329,50,1.8882366,143,0.021367521,0.514577048,0.185286104
1330,34,1.5688319,83,0.014529915,0.408873798,0.103542234
1331,34,1.550553,49,0.014529915,0.40282461,0.057220708
1332,16,1.3988512,35,0.006837607,0.352620674,0.038147139
1333,8,1.0445806,31,0.003418803,0.235378962,0.032697548
1334,8,1.0207884,31,0.003418803,0.227505212,0.032697548
1335,22,1.3006579,35,0.009401709,0.320124749,0.038147139
1336,10,1.1191936,28,0.004273504,0.260071262,0.028610354
1337,18,1.2063863,26,0.007692308,0.288926666,0.025885559
1338,22,1.3057258,28,0.009401709,0.321801912,0.028610354
1339,8,1.0207884,25,0.003418803,0.227505212,0.024523161
1340,8,1,24,0.003418803,0.220625534,0.023160763
1341,18,1.2063863,30,0.007692308,0.288926666,0.03133515
1342,10,1.1768752,40,0.004273504,0.279160313,0.044959128
1343,0,0.63684219,16,0,0.100442704,0.01226158
1344,14,1.3592209,57,0.005982906,0.339505489,0.068119891
1345,8,1,23,0.003418803,0.220625534,0.021798365
1346,8,1,23,0.003418803,0.220625534,0.021798365
1347,10,1.1191936,26,0.004273504,0.260071262,0.025885559
1348,18,1.2063863,30,0.007692308,0.288926666,0.03133515
1349,8,1.0697098,36,0.003418803,0.243695177,0.039509537
1350,22,1.3873683,32,0.009401709,0.348820542,0.034059946
1351,8,1.2123377,30,0.003418803,0.290896212,0.03133515
1352,32,1.5154221,33,0.013675214,0.39119845,0.035422343
1353,0,0.80638385,22,0,0.156550534,0.020435967
1354,0,0.84615386,27,0,0.169711953,0.027247956
1355,0,0.68957245,20,0,0.117893167,0.017711172
1356,18,1.3057258,27,0.007692308,0.321801912,0.027247956
1357,22,1.4744722,26,0.009401709,0.377646559,0.025885559
1358,0,0.73918515,20,0,0.13431191,0.017711172
1359,12,1.238816,44,0.005128205,0.299658896,0.050408719
1360,25,1.6828449,74,0.010683761,0.446605067,0.091280654
1361,18,1.3938289,53,0.007692308,0.350958602,0.0626703
1362,13,1.3845592,49,0.005555556,0.347890903,0.057220708
1363,4,1.3006579,46,0.001709402,0.320124749,0.053133515
1364,12,1.4028426,69,0.005128205,0.353941581,0.084468665
1365,21,1.606352,72,0.008974359,0.421290636,0.088555858
1366,10,1.238816,50,0.004273504,0.299658896,0.058583106
1367,7,1.3443909,70,0.002991453,0.334597674,0.085831063
1368,7,1.2123377,41,0.002991453,0.290896212,0.046321526
1369,48,1.6700469,68,0.020512821,0.442369719,0.083106267
1370,14,1.5110798,67,0.005982906,0.389761416,0.081743869
1371,10,1.1365665,39,0.004273504,0.26582062,0.04359673
1372,4,0.72781962,18,0.001709402,0.130550621,0.014986376
1373,0,0.33333334,9,0,0,0.002724796
1374,7,1.1365665,40,0.002991453,0.26582062,0.044959128
1375,3,0.8870222,23,0.001282051,0.183236852,0.021798365
1376,6,1,29,0.002564103,0.220625534,0.029972752
1377,25,1.4028426,55,0.010683761,0.353941581,0.065395095
1378,0,0.73918515,27,0,0.13431191,0.027247956
1379,35,1.6684235,60,0.014957265,0.441832473,0.072207084
1380,0,0.88468331,36,0,0.182462824,0.039509537
1381,5,1.3057258,38,0.002136752,0.321801912,0.042234332
1382,24,1.5668709,38,0.01025641,0.408224828,0.042234332
1383,0,0.80638385,25,0,0.156550534,0.024523161
1384,9,1.2671746,25,0.003846154,0.309043843,0.024523161
1385,1,1.2671746,25,0.00042735,0.309043843,0.024523161
1386,1,0.84912294,20,0.00042735,0.170694536,0.017711172
1387,4,0.98510355,24,0.001709402,0.215695728,0.023160763
1388,9,1.3057258,37,0.003846154,0.321801912,0.040871935
1389,6,1.3088794,57,0.002564103,0.322845559,0.068119891
1390,3,0.98558021,26,0.001282051,0.215853473,0.025885559
1391,9,1.2989333,38,0.003846154,0.319554013,0.042234332
1392,14,1.2989333,38,0.005982906,0.319554013,0.042234332
1393,6,0.8619656,23,0.002564103,0.174944664,0.021798365
1394,0,0.42239243,13,0,0.029473064,0.008174387
1395,9,1.2123377,40,0.003846154,0.290896212,0.044959128
1396,6,1.0207884,35,0.002564103,0.227505212,0.038147139
1397,17,1.3304729,57,0.007264957,0.329991675,0.068119891
1398,43,1.787379,88,0.018376068,0.481199405,0.110354223
1399,7,1.3746208,64,0.002991453,0.344601906,0.077656676
1400,7,1.2123377,40,0.002991453,0.290896212,0.044959128
1401,4,1.0207884,35,0.001709402,0.227505212,0.038147139
1402,23,1.6794915,82,0.00982906,0.445495299,0.102179837
1403,0,0.90925324,46,0,0.190593955,0.053133515
1404,32,1.5405476,56,0.013675214,0.39951344,0.066757493
1405,3,1.5887082,82,0.001282051,0.415451627,0.102179837
1406,10,1.1191936,36,0.004273504,0.260071262,0.039509537
1407,6,0.8619656,20,0.002564103,0.174944664,0.017711172
1408,4,0.70398736,11,0.001709402,0.122663613,0.005449591
1409,0,0.33333334,7,0,0,0
1410,0,0.76619166,19,0,0.143249398,0.016348774
1411,34,1.7812788,82,0.014529915,0.479180615,0.102179837
1412,0,1.4380959,78,0,0.365608248,0.096730245
1413,6,0.8619656,18,0.002564103,0.174944664,0.014986376
1414,0,0.42239243,11,0,0.029473064,0.005449591
1415,34,1.6071428,64,0.014529915,0.421552342,0.077656676
1416,14,1.2123377,36,0.005982906,0.290896212,0.039509537
1417,0,0.84912294,20,0,0.170694536,0.017711172
1418,2,0.70398736,12,0.000854701,0.122663613,0.006811989
1419,4,0.84912294,20,0.001709402,0.170694536,0.017711172
1420,0,1.1950141,56,0,0.285163169,0.066757493
1421,4,1.1460608,51,0.001709402,0.268962647,0.059945504
1422,10,1.2726263,58,0.004273504,0.310848019,0.069482289
1423,66,1.8833622,90,0.028205128,0.512963922,0.113079019
1424,5,1.1768752,52,0.002136752,0.279160313,0.061307902
1425,2,1.1768752,48,0.000854701,0.279160313,0.055858311
1426,0,0.62688404,24,0,0.097147171,0.023160763
1427,12,1.2906152,56,0.005128205,0.316801235,0.066757493
1428,0,0.8870222,32,0,0.183236852,0.034059946
1429,3,1.2621337,63,0.001282051,0.307375616,0.076294278
1430,51,1.7555087,123,0.021794872,0.470652302,0.158038147
1431,11,1.507236,102,0.004700855,0.388489356,0.129427793
1432,0,0.95710868,51,0,0.206431153,0.059945504
1433,0,0.49860358,18,0,0.054694253,0.014986376
1434,8,1.0697098,51,0.003418803,0.243695177,0.059945504
1435,0,1.5627899,125,0,0.406874269,0.160762943
1436,32,1.7297633,134,0.013675214,0.462132163,0.173024523
1437,26,1.4255327,73,0.011111111,0.361450604,0.089918256
1438,8,1.0207884,31,0.003418803,0.227505212,0.032697548
1439,6,0.8619656,21,0.002564103,0.174944664,0.019073569
1440,10,1.2196002,58,0.004273504,0.293299652,0.069482289
1441,6,0.8870222,28,0.002564103,0.183236852,0.028610354
1442,69,1.9758738,131,0.029487179,0.543579554,0.16893733
1443,510,2.9447608,675,0.217948718,0.864221375,0.910081744
1444,106,2.5552466,506,0.045299145,0.735316206,0.679836512
1445,482,2.7525561,377,0.205982906,0.800613478,0.504087193
1446,16,1.903571,217,0.006837607,0.519651788,0.286103542
