Cluster_Kmeans_750267,Ref,Choice R3,Integration [HH] R3,Total Connectivity R3,Choice normal,Integration normal,Total Connectivity normal
4,0,0,1.7391399,209,0,0.469507121,0.2640522876
2,1,570,2.8567924,454,0.3446191052,0.8427774004,0.5843137255
1,2,869,3.0191584,631,0.5253929867,0.8970039173,0.8156862745
1,3,1159,3.0717015,689,0.7007255139,0.9145521066,0.891503268
2,4,196,2.6388514,464,0.1185006046,0.7699901092,0.5973856209
2,5,272,2.4394479,335,0.1644498186,0.7033939175,0.4287581699
4,6,47,1.8077145,152,0.0284159613,0.4924094632,0.1895424837
3,7,8,1.2409762,58,0.0048367594,0.3031318804,0.0666666667
3,8,17,1.2123377,53,0.0102781137,0.2935672788,0.060130719
3,9,10,1.3235294,104,0.0060459492,0.3307027542,0.1267973856
4,10,34,2.0666742,181,0.0205562273,0.5788960586,0.2274509804
1,11,1147,3.3275511,256,0.6934703748,1,0.3254901961
4,12,74,2.1540251,200,0.0447400242,0.6080692541,0.2522875817
3,13,0,1.1586275,102,0,0.2756293049,0.1241830065
4,14,0,1.5738505,152,0,0.4143042555,0.1895424837
2,15,395,2.6281984,451,0.238814994,0.7664322517,0.5803921569
1,16,1138,3.1151099,758,0.6880290206,0.9290495158,0.9816993464
1,17,1654,3.2840333,772,1,0.9854660537,1
2,18,91,2.6043973,510,0.0550181379,0.7584832307,0.6575163399
2,19,261,2.3618517,262,0.1577992745,0.6774785679,0.3333333333
4,20,45,1.7841618,110,0.0272067715,0.4845434021,0.1346405229
3,21,12,1.3088794,58,0.0072551391,0.3258099905,0.0666666667
3,22,22,1.31797,61,0.0133010883,0.3288460422,0.0705882353
4,23,30,1.6092162,129,0.0181378476,0.4261155875,0.1594771242
4,24,51,1.9305556,195,0.030834341,0.5334355708,0.245751634
2,25,437,2.6898866,232,0.2642079807,0.7870346945,0.2941176471
4,26,50,1.8750838,154,0.0302297461,0.514909263,0.1921568627
3,27,4,1.1708162,66,0.0024183797,0.2797000509,0.077124183
4,28,50,1.872734,167,0.0302297461,0.5141244837,0.2091503268
2,29,503,2.6814065,304,0.3041112455,0.7842025358,0.3882352941
4,30,16,1.7745957,203,0.0096735187,0.4813485443,0.2562091503
2,31,347,2.5199413,366,0.2097944377,0.7302768654,0.4692810458
4,32,62,2.0441177,186,0.0374848851,0.5713627054,0.2339869281
2,33,217,2.4178066,229,0.1311970979,0.6961662201,0.2901960784
2,34,125,2.2428508,292,0.0755743652,0.6377349989,0.3725490196
2,35,138,2.5108583,454,0.0834340991,0.7272433519,0.5843137255
4,36,21,1.9161526,185,0.0126964933,0.5286252995,0.2326797386
2,37,107,2.3123078,243,0.0646916566,0.6609320426,0.308496732
2,38,85,2.245183,325,0.0513905683,0.6385139002,0.4156862745
2,39,265,2.656204,487,0.1602176542,0.7757854793,0.6274509804
2,40,54,2.1105912,336,0.0326481258,0.5935633285,0.4300653595
2,41,201,2.4966888,441,0.1215235792,0.7225110641,0.5673202614
2,42,96,2.3541322,457,0.0580411125,0.6749004321,0.5882352941
2,43,431,2.7801511,585,0.2605804111,0.8171809655,0.7555555556
1,44,1133,3.1578317,496,0.6850060459,0.9433176163,0.6392156863
2,45,518,2.9205379,525,0.3131801693,0.8640669341,0.677124183
2,46,82,2.3779509,453,0.0495767836,0.6828553311,0.5830065359
2,47,380,2.7950649,652,0.2297460701,0.8221618323,0.8431372549
2,48,128,2.4535706,487,0.0773881499,0.7081105751,0.6274509804
2,49,472,2.863816,678,0.2853688029,0.8451231216,0.877124183
4,50,16,1.8328506,279,0.0096735187,0.5008043436,0.3555555556
2,51,41,2.0337293,323,0.0247883918,0.5678932183,0.4130718954
2,52,95,2.228169,329,0.0574365175,0.6328316148,0.4209150327
2,53,108,2.2365911,340,0.0652962515,0.6356444028,0.4352941176
2,54,524,2.9489026,604,0.3168077388,0.8735400928,0.7803921569
2,55,122,2.2343061,323,0.0737605804,0.6348812653,0.4130718954
4,56,15,1.6216003,165,0.0090689238,0.4302515927,0.2065359477
4,57,60,1.9710253,161,0.0362756953,0.5469515217,0.2013071895
2,58,259,2.8720984,646,0.1565900846,0.8478892531,0.8352941176
2,59,170,2.5009432,424,0.1027811366,0.7239319361,0.5450980392
4,60,16,1.7144747,217,0.0096735187,0.4612695103,0.2745098039
4,61,47,1.8020762,151,0.0284159613,0.4905264005,0.1882352941
4,62,115,2.0398967,149,0.069528416,0.5699529883,0.185620915
4,63,42,1.6673985,76,0.0253929867,0.4455471402,0.0901960784
3,64,31,1.4644111,44,0.0187424426,0.3777540081,0.0483660131
4,65,72,1.8571436,117,0.0435308343,0.508917648,0.1437908497
4,66,119,2.0671797,125,0.0719467957,0.579064884,0.154248366
3,67,26,1.4028426,64,0.015719468,0.3571915424,0.0745098039
4,68,167,2.3843048,164,0.1009673519,0.6849773879,0.2052287582
4,69,130,2.0183253,119,0.0785973398,0.5627486359,0.1464052288
4,70,46,1.7325417,84,0.0278113664,0.4673034736,0.1006535948
3,71,14,1.469555,79,0.0084643289,0.3794719526,0.0941176471
4,72,65,1.7821976,69,0.0392986699,0.4838874044,0.0810457516
4,73,156,2.2392876,187,0.0943168077,0.6365449719,0.2352941176
2,74,187,2.4224572,275,0.1130592503,0.6977194137,0.3503267974
2,75,103,2.4347532,384,0.0622732769,0.7018259954,0.4928104575
4,76,0,2.0587263,293,0,0.5762416425,0.3738562092
2,77,139,2.325294,345,0.0840386941,0.6652691353,0.4418300654
4,78,62,1.8348413,146,0.0374848851,0.5014691917,0.1816993464
3,79,12,1.2906152,67,0.0072551391,0.319710167,0.0784313726
3,80,18,1.2552096,44,0.0108827086,0.3078855093,0.0483660131
3,81,16,1.3938289,41,0.0096735187,0.3541811735,0.0444444444
2,82,170,2.3299069,307,0.1027811366,0.666809738,0.3921568627
4,83,83,1.8518485,122,0.0501813785,0.5071492061,0.1503267974
3,84,14,1.3592209,69,0.0084643289,0.3426228959,0.0810457516
3,85,20,1.4380959,71,0.0120918984,0.3689653354,0.0836601307
4,86,37,1.6132691,50,0.0223700121,0.4274691631,0.0562091503
4,87,60,1.8294003,42,0.0362756953,0.4996520226,0.045751634
3,88,18,1.2123377,30,0.0108827086,0.2935672788,0.0300653595
3,89,0,0.63684219,18,0,0.1013649889,0.014379085
3,90,10,1.2409762,57,0.0060459492,0.3031318804,0.0653594771
4,91,12,1.4669775,119,0.0072551391,0.3786111268,0.1464052288
2,92,147,2.3212962,317,0.0888754535,0.6639339618,0.4052287582
4,93,26,1.5592874,111,0.015719468,0.4094405144,0.1359477124
3,94,6,1.1058542,39,0.0036275695,0.2580042341,0.0418300654
4,95,90,1.9244691,50,0.0544135429,0.5314028195,0.0562091503
3,96,12,1.2123377,31,0.0072551391,0.2935672788,0.031372549
3,97,0,0.62688404,19,0,0.0980391954,0.0156862745
3,98,14,1.3592209,63,0.0084643289,0.3426228959,0.0732026144
4,99,14,1.5733811,146,0.0084643289,0.4141474867,0.1816993464
2,100,203,2.4347532,355,0.122732769,0.7018259954,0.4549019608
4,101,16,1.5763751,139,0.0096735187,0.415147414,0.1725490196
3,102,18,1.238816,53,0.0108827086,0.3024104232,0.060130719
2,103,62,2.3656809,378,0.0374848851,0.6787574328,0.4849673203
2,104,245,2.5057769,428,0.1481257557,0.7255462809,0.5503267974
2,105,82,2.1217487,286,0.0495767836,0.5972896774,0.3647058824
4,106,33,2.1051285,216,0.0199516324,0.5917389121,0.2732026144
2,107,31,2.3212962,368,0.0187424426,0.6639339618,0.4718954248
2,108,433,2.6727638,417,0.261789601,0.7813160723,0.5359477124
2,109,70,2.2631099,273,0.0423216445,0.6445010733,0.3477124183
4,110,32,2.1384964,232,0.0193470375,0.6028830248,0.2941176471
1,111,968,3.0787718,291,0.5852478839,0.9169134245,0.3712418301
4,112,21,2.0045905,148,0.0126964933,0.558161528,0.1843137255
4,113,100,2.1715031,151,0.0604594921,0.6139065049,0.1882352941
4,114,111,2.1715031,151,0.0671100363,0.6139065049,0.1882352941
4,115,14,1.5785179,87,0.0084643289,0.41586306,0.1045751634
3,116,4,1.1058542,43,0.0024183797,0.2580042341,0.0470588235
3,117,3,1.3235294,83,0.0018137848,0.3307027542,0.0993464052
3,118,3,1.3235294,83,0.0018137848,0.3307027542,0.0993464052
3,119,0,1.25,80,0,0.3061456225,0.0954248366
4,120,8,1.6211112,94,0.0048367594,0.4300882445,0.1137254902
3,121,0,1.25,80,0,0.3061456225,0.0954248366
4,122,175,2.3507888,152,0.1058041112,0.6737838132,0.1895424837
4,123,16,1.507236,87,0.0096735187,0.3920565417,0.1045751634
3,124,4,0.84615386,39,0.0024183797,0.171270282,0.0418300654
3,125,0,0.33333334,12,0,0,0.0065359477
4,126,29,1.6249448,86,0.0175332527,0.4313685789,0.1032679739
4,127,19,1.9798998,149,0.0114873035,0.5499154009,0.185620915
4,128,4,1.9798998,149,0.0024183797,0.5499154009,0.185620915
3,129,0,0.88468331,41,0,0.1841382338,0.0444444444
3,130,0,1.3812032,86,0,0.3499644795,0.1032679739
3,131,0,1.3812032,86,0,0.3499644795,0.1032679739
4,132,50,2.0820689,154,0.0302297461,0.5840375351,0.1921568627
3,133,8,1.2857143,80,0.0048367594,0.3180733789,0.0954248366
3,134,4,0.69804502,27,0.0024183797,0.1218053292,0.0261437909
3,135,0,0.33333334,8,0,0,0.0013071895
4,136,19,1.4931926,87,0.0114873035,0.3873663684,0.1045751634
3,137,6,0.8870222,35,0.0036275695,0.1849193694,0.0366013072
3,138,0,0.42239243,13,0,0.0297436917,0.0078431373
4,139,92,2.1448686,159,0.0556227328,0.6050111933,0.1986928105
3,140,4,1.3431821,84,0.0024183797,0.3372663049,0.1006535948
4,141,33,2.0045905,148,0.0199516324,0.558161528,0.1843137255
3,142,1,1.2639573,78,6.045949E-4,0.3108070403,0.0928104575
4,143,20,2.0398967,149,0.0120918984,0.5699529883,0.185620915
3,144,10,1.2829794,76,0.0060459492,0.3171599851,0.0901960784
4,145,23,1.9798998,149,0.0139056832,0.5499154009,0.185620915
3,146,0,0.58170414,27,0,0.0829501459,0.0261437909
4,147,0,1.8883823,148,0,0.5193506567,0.1843137255
4,148,12,1.4831443,111,0.0072551391,0.3840104669,0.1359477124
3,149,8,1.0697098,47,0.0048367594,0.2459328342,0.0522875817
3,150,20,1.3270249,27,0.0120918984,0.331870171,0.0261437909
3,151,21,1.3270249,27,0.0126964933,0.331870171,0.0261437909
4,152,12,1.4831443,111,0.0072551391,0.3840104669,0.1359477124
3,153,8,1.0697098,47,0.0048367594,0.2459328342,0.0522875817
3,154,23,1.4135897,92,0.0139056832,0.3607808271,0.1111111111
3,155,18,1.3304729,69,0.0108827086,0.3330217238,0.0810457516
4,156,39,1.7251066,172,0.0235792019,0.4648203209,0.2156862745
3,157,0,0.90925324,60,0,0.1923440264,0.0692810458
3,158,0,0.68957245,24,0,0.1189756853,0.0222222222
3,159,0,0.73918515,27,0,0.1355451883,0.0261437909
2,160,77,2.0520608,277,0.0465538089,0.5740155185,0.3529411765
3,161,18,1.3006579,46,0.0108827086,0.3230641982,0.0509803922
3,162,18,1.3746208,97,0.0108827086,0.347766109,0.1176470588
3,163,0,0.94787496,34,0,0.2052427944,0.0352941176
4,164,38,1.5364467,68,0.022974607,0.4018122449,0.0797385621
2,165,145,2.3600302,324,0.0876662636,0.6768702287,0.414379085
4,166,14,1.6092162,142,0.0084643289,0.4261155875,0.1764705882
4,167,10,1.4380959,118,0.0060459492,0.3689653354,0.1450980392
3,168,10,1.1191936,34,0.0060459492,0.2624592875,0.0352941176
3,169,6,0.8870222,21,0.0036275695,0.1849193694,0.0183006536
3,170,6,0.84912294,16,0.0036275695,0.1722618865,0.0117647059
3,171,6,0.84912294,14,0.0036275695,0.1722618865,0.0091503268
3,172,6,0.84912294,14,0.0036275695,0.1722618865,0.0091503268
3,173,6,0.84912294,14,0.0036275695,0.1722618865,0.0091503268
3,174,6,0.84912294,13,0.0036275695,0.1722618865,0.0078431373
3,175,6,0.87255627,11,0.0036275695,0.1800880808,0.0052287582
3,176,4,0.70398736,9,0.0024183797,0.1237899344,0.0026143791
3,177,0,0.33333334,7,0,0,0
2,178,237,2.5736647,223,0.1432889964,0.7482192478,0.2823529412
4,179,61,2.1876149,217,0.0368802902,0.6192874763,0.2745098039
4,180,140,2.0986729,155,0.084643289,0.5895828899,0.1934640523
3,181,12,1.4896638,77,0.0072551391,0.3861878302,0.091503268
3,182,14,1.4652896,75,0.0084643289,0.3780474069,0.0888888889
4,183,32,1.6118186,73,0.0193470375,0.4269847294,0.0862745098
4,184,88,1.9851656,104,0.0532043531,0.5516740573,0.1267973856
3,185,29,1.5365106,58,0.0175332527,0.4018335861,0.0666666667
3,186,19,1.471094,46,0.0114873035,0.3799859433,0.0509803922
3,187,10,1.1561403,41,0.0060459492,0.2747986372,0.0444444444
3,188,0,1.0207884,34,0,0.2295942096,0.0352941176
4,189,40,1.6132691,52,0.0241837969,0.4274691631,0.0588235294
3,190,26,1.3845592,42,0.015719468,0.3510853065,0.045751634
3,191,8,1.0207884,29,0.0048367594,0.2295942096,0.0287581699
3,192,6,0.8619656,19,0.0036275695,0.1765510402,0.0156862745
3,193,6,0.84912294,17,0.0036275695,0.1722618865,0.0130718954
3,194,10,1.1191936,36,0.0060459492,0.2624592875,0.0379084967
3,195,6,0.8870222,21,0.0036275695,0.1849193694,0.0183006536
3,196,37,1.5395753,55,0.0223700121,0.4028571255,0.062745098
3,197,12,1.4382962,64,0.0072551391,0.369032231,0.0745098039
4,198,23,1.6673985,78,0.0139056832,0.4455471402,0.0928104575
4,199,20,1.5688319,81,0.0120918984,0.4126281583,0.0967320261
3,200,12,1.2906152,57,0.0072551391,0.319710167,0.0653594771
4,201,42,1.5448366,64,0.0253929867,0.404614279,0.0745098039
4,202,20,1.5785179,93,0.0120918984,0.41586306,0.1124183007
4,203,141,2.1036434,175,0.0852478839,0.5912429228,0.2196078431
4,204,156,2.4041641,175,0.0943168077,0.6916099382,0.2196078431
4,205,45,1.8900454,100,0.0272067715,0.5199060939,0.1215686275
4,206,17,1.8421876,156,0.0102781137,0.5039226873,0.1947712418
3,207,12,1.238816,63,0.0072551391,0.3024104232,0.0732026144
4,208,54,1.7339301,108,0.0326481258,0.4677671673,0.1320261438
4,209,131,2.3619857,142,0.0792019347,0.6775233208,0.1764705882
2,210,336,2.8690031,172,0.2031438936,0.8468554939,0.2156862745
2,211,266,2.7779236,172,0.1608222491,0.8164370316,0.2156862745
4,212,0,1.8833622,113,0,0.5176740585,0.1385620915
4,213,0,1.8833622,113,0,0.5176740585,0.1385620915
4,214,3,1.8833622,113,0.0018137848,0.5176740585,0.1385620915
4,215,0,1.8833622,113,0,0.5176740585,0.1385620915
4,216,0,1.8833622,113,0,0.5176740585,0.1385620915
4,217,0,1.8833622,113,0,0.5176740585,0.1385620915
4,218,0,1.8833622,113,0,0.5176740585,0.1385620915
4,219,0,1.8833622,113,0,0.5176740585,0.1385620915
4,220,0,1.8833622,113,0,0.5176740585,0.1385620915
4,221,0,1.8833622,113,0,0.5176740585,0.1385620915
4,222,1,1.8833622,113,6.045949E-4,0.5176740585,0.1385620915
4,223,0,1.8833622,113,0,0.5176740585,0.1385620915
4,224,0,1.8833622,113,0,0.5176740585,0.1385620915
4,225,0,1.8833622,113,0,0.5176740585,0.1385620915
4,226,0,1.7914909,113,0,0.4869911532,0.1385620915
4,227,28,2.0765691,177,0.0169286578,0.5822007281,0.2222222222
4,228,27,1.5,98,0.0163240629,0.3896398838,0.1189542484
4,229,80,2.1473613,176,0.0483675937,0.6058436979,0.2209150327
3,230,0,0.80638385,34,0,0.1579880115,0.0352941176
3,231,0,0.80638385,34,0,0.1579880115,0.0352941176
3,232,2,1.2639573,96,0.0012091898,0.3108070403,0.1163398693
3,233,2,0.69804502,28,0.0012091898,0.1218053292,0.0274509804
3,234,4,1.2639573,96,0.0024183797,0.3108070403,0.1163398693
4,235,26,1.9887408,172,0.015719468,0.552868092,0.2156862745
3,236,2,1.1257849,88,0.0012091898,0.2646606304,0.1058823529
3,237,2,1.1257849,88,0.0012091898,0.2646606304,0.1058823529
4,238,26,1.9887408,172,0.015719468,0.552868092,0.2156862745
4,239,67,2.0186343,138,0.0405078597,0.5628518348,0.1712418301
3,240,9,1.3992285,90,0.0054413543,0.355984516,0.108496732
4,241,60,1.9345245,124,0.0362756953,0.5347610923,0.1529411765
2,242,284,2.5819554,184,0.1717049577,0.7509881512,0.231372549
4,243,18,1.8496778,134,0.0108827086,0.5064242422,0.1660130719
4,244,116,2.0270002,112,0.0701330109,0.5656458534,0.137254902
3,245,13,1.4135897,73,0.007859734,0.3607808271,0.0862745098
3,246,6,1.1460608,66,0.0036275695,0.2714323156,0.077124183
3,247,7,1.1768752,65,0.0042321645,0.2817236179,0.0758169935
4,248,39,1.8276744,127,0.0235792019,0.4990756117,0.1568627451
4,249,59,2.0986729,148,0.0356711004,0.5895828899,0.1843137255
4,250,5,1.6322472,120,0.0030229746,0.4338074129,0.1477124183
4,251,23,1.7555087,130,0.0139056832,0.4749739244,0.1607843137
3,252,2,1.5,80,0.0012091898,0.3896398838,0.0954248366
3,253,0,1.31797,60,0,0.3288460422,0.0692810458
3,254,3,0.9792943,32,0.0018137848,0.2157361327,0.0326797386
4,255,36,1.606352,69,0.0217654172,0.4251590105,0.0810457516
3,256,0,0.63684219,24,0,0.1013649889,0.0222222222
3,257,18,1.2906152,59,0.0108827086,0.319710167,0.0679738562
3,258,16,1.4516129,85,0.0096735187,0.3734797031,0.1019607843
4,259,90,2.0609944,176,0.0544135429,0.5769991358,0.2209150327
4,260,70,2.0746269,206,0.0423216445,0.5815520779,0.260130719
3,261,12,1.3636364,94,0.0072551391,0.3440975716,0.1137254902
3,262,8,1.1981546,68,0.0048367594,0.288830449,0.0797385621
4,263,34,1.6684235,91,0.0205562273,0.4458894666,0.1098039216
4,264,72,2.0485446,223,0.0435308343,0.5728411884,0.2823529412
3,265,3,1.0445806,43,0.0018137848,0.2375402583,0.0470588235
3,266,3,1.1561403,47,0.0018137848,0.2747986372,0.0522875817
4,267,49,1.8597906,88,0.0296251512,0.5098016852,0.1058823529
4,268,12,1.5785179,127,0.0072551391,0.41586306,0.1568627451
3,269,2,1.2552096,66,0.0012091898,0.3078855093,0.077124183
4,270,8,1.6659329,164,0.0048367594,0.4450576634,0.2052287582
2,271,169,2.4191699,301,0.1021765417,0.696621531,0.3843137255
4,272,26,1.9959557,270,0.015719468,0.555277703,0.3437908497
4,273,20,1.7093985,168,0.0120918984,0.4595741761,0.2104575163
4,274,6,1.4337122,139,0.0036275695,0.3675012802,0.1725490196
2,275,357,2.7500353,406,0.2158403869,0.8071229796,0.5215686275
4,276,61,2.0903182,244,0.0368802902,0.5867926119,0.3098039216
2,277,77,2.2292216,276,0.0465538089,0.633183159,0.3516339869
4,278,40,1.7429162,171,0.0241837969,0.4707683185,0.214379085
4,279,67,2.1659517,257,0.0405078597,0.6120524647,0.3267973856
4,280,5,1.3992285,125,0.0030229746,0.355984516,0.154248366
2,281,73,2.3843083,341,0.0441354293,0.6849785568,0.4366013072
4,282,15,1.5627899,157,0.0090689238,0.410610269,0.1960784314
3,283,4,1.3034559,115,0.0024183797,0.323998666,0.1411764706
4,284,48,2.0666742,253,0.0290205562,0.5788960586,0.3215686275
3,285,3,1.3235294,106,0.0018137848,0.3307027542,0.1294117647
3,286,9,1.1365665,55,0.0054413543,0.2682614373,0.062745098
3,287,3,1.1779915,99,0.0018137848,0.2820964364,0.1202614379
4,288,24,2.0315404,255,0.0145102781,0.5671621759,0.3241830065
4,289,9,2.1496761,279,0.0054413543,0.606616788,0.3555555556
4,290,1,1.7429876,215,6.045949E-4,0.4707921644,0.2718954248
4,291,6,2.0587263,257,0.0036275695,0.5762416425,0.3267973856
2,292,69,2.3430231,285,0.0417170496,0.6711902477,0.3633986928
1,293,785,2.9859118,448,0.4746070133,0.8859003161,0.5764705882
2,294,132,2.4695692,300,0.0798065296,0.7134537403,0.3830065359
4,295,2,1.6092162,163,0.0012091898,0.4261155875,0.2039215686
4,296,33,1.8337219,152,0.0199516324,0.5010953378,0.1895424837
4,297,9,1.8443592,222,0.0054413543,0.5046479519,0.2810457516
4,298,12,1.7777745,179,0.0072551391,0.4824101905,0.2248366013
2,299,82,2.494889,333,0.0495767836,0.7219099722,0.4261437908
2,300,56,2.2826295,277,0.0338573156,0.6510201716,0.3529411765
2,301,39,2.3410907,293,0.0235792019,0.6705448705,0.3738562092
4,302,22,2.1038156,250,0.0133010883,0.5913004337,0.3176470588
4,303,103,2.1060605,213,0.0622732769,0.5920501787,0.2692810458
3,304,7,1.3636364,112,0.0042321645,0.3440975716,0.137254902
3,305,6,1.2552096,81,0.0036275695,0.3078855093,0.0967320261
4,306,14,1.4538981,118,0.0084643289,0.3742429074,0.1450980392
3,307,22,1.3304729,51,0.0133010883,0.3330217238,0.0575163399
2,308,190,2.4700723,300,0.1148730351,0.7136217641,0.3830065359
4,309,10,1.6659329,163,0.0060459492,0.4450576634,0.2039215686
4,310,30,1.6071428,110,0.0181378476,0.4254231195,0.1346405229
4,311,27,1.7257152,89,0.0163240629,0.4650235793,0.1071895425
3,312,4,1.3443909,60,0.0024183797,0.3376700164,0.0692810458
3,313,4,1.3443909,60,0.0024183797,0.3376700164,0.0692810458
4,314,14,1.6178579,89,0.0084643289,0.429001717,0.1071895425
2,315,257,2.3507888,207,0.1553808948,0.6737838132,0.2614379085
4,316,21,1.6597091,109,0.0126964933,0.4429790571,0.1333333333
2,317,170,2.3657341,315,0.1027811366,0.6787752004,0.4026143791
4,318,83,1.9841999,170,0.0501813785,0.5513515356,0.2130718954
4,319,24,1.5967636,113,0.0145102781,0.421956705,0.1385620915
3,320,3,1.2196002,68,0.0018137848,0.2959927871,0.0797385621
3,321,0,0.8870222,30,0,0.1849193694,0.0300653595
3,322,21,1.4135897,79,0.0126964933,0.3607808271,0.0941176471
3,323,8,1.1950141,60,0.0048367594,0.2877815941,0.0692810458
4,324,20,1.5887082,95,0.0120918984,0.4192663863,0.1150326797
4,325,14,1.5226898,92,0.0084643289,0.3972177561,0.1111111111
4,326,141,2.1826198,142,0.0852478839,0.6176192275,0.1764705882
4,327,104,2.171875,192,0.0628778718,0.614030711,0.2418300654
4,328,41,1.8362781,112,0.0247883918,0.50194905,0.137254902
3,329,6,1.3592209,72,0.0036275695,0.3426228959,0.0849673203
3,330,17,1.3938289,59,0.0102781137,0.3541811735,0.0679738562
3,331,18,1.5154221,44,0.0108827086,0.3947905112,0.0483660131
3,332,1,1.1058542,30,6.045949E-4,0.2580042341,0.0300653595
3,333,13,1.2063863,30,0.007859734,0.2915796478,0.0300653595
3,334,13,1.3988512,41,0.007859734,0.3558585064,0.0444444444
3,335,27,1.5364467,60,0.0163240629,0.4018122449,0.0692810458
4,336,34,1.7288883,92,0.0205562273,0.4660833219,0.1111111111
4,337,21,1.5365106,69,0.0126964933,0.4018335861,0.0810457516
3,338,11,1.31797,55,0.0066505441,0.3288460422,0.062745098
4,339,72,1.9329244,112,0.0435308343,0.5342266957,0.137254902
4,340,5,1.6071428,80,0.0030229746,0.4254231195,0.0954248366
4,341,5,1.6071428,80,0.0030229746,0.4254231195,0.0954248366
4,342,34,1.6791822,115,0.0205562273,0.4494826255,0.1411764706
4,343,20,1.7001897,111,0.0120918984,0.4564986482,0.1359477124
3,344,8,1.1191936,51,0.0048367594,0.2624592875,0.0575163399
3,345,3,1.0698866,47,0.0018137848,0.2459918814,0.0522875817
4,346,17,1.5688319,87,0.0102781137,0.4126281583,0.1045751634
4,347,20,1.8805417,195,0.0120918984,0.5167320763,0.245751634
4,348,3,1.5490618,143,0.0018137848,0.4060253988,0.1777777778
3,349,11,1.3443909,62,0.0066505441,0.3376700164,0.0718954248
4,350,18,1.7399356,148,0.0108827086,0.4697728665,0.1843137255
4,351,17,1.5717616,114,0.0102781137,0.4136066109,0.139869281
3,352,14,1.2726263,67,0.0084643289,0.3137022873,0.0784313726
3,353,6,1.2409762,66,0.0036275695,0.3031318804,0.077124183
4,354,48,1.8276744,142,0.0290205562,0.4990756117,0.1764705882
2,355,221,2.3329353,234,0.1336154776,0.6678211541,0.2967320261
2,356,286,2.6122637,345,0.1729141475,0.7611104277,0.4418300654
4,357,28,1.6503496,116,0.0169286578,0.4398531989,0.1424836601
3,358,12,1.4255327,81,0.0072551391,0.364769515,0.0967320261
4,359,16,1.5627899,127,0.0096735187,0.410610269,0.1568627451
4,360,12,1.4166186,107,0.0072551391,0.3617924102,0.1307189542
2,361,109,2.0781591,251,0.0659008464,0.5827317516,0.3189542484
4,362,44,1.7700537,165,0.0266021765,0.4798316205,0.2065359477
4,363,4,1.4337122,130,0.0024183797,0.3675012802,0.1607843137
4,364,29,2.1051285,277,0.0175332527,0.5917389121,0.3529411765
2,365,34,2.2390029,310,0.0205562273,0.6364498887,0.3960784314
2,366,97,2.2796025,310,0.0586457074,0.6500092231,0.3960784314
4,367,0,1.8663555,240,0,0.5119942111,0.3045751634
4,368,30,2.0349905,255,0.0181378476,0.5683144301,0.3241830065
4,369,1,1.3624066,123,6.045949E-4,0.3436868466,0.1516339869
2,370,96,2.2081959,296,0.0580411125,0.6261610578,0.3777777778
4,371,52,1.8815688,205,0.0314389359,0.5170751041,0.2588235294
4,372,19,1.6701162,202,0.0114873035,0.4464547896,0.2549019608
4,373,72,2.0196919,246,0.0435308343,0.5632050489,0.3124183007
4,374,35,1.7372102,133,0.0211608222,0.4688626454,0.1647058824
4,375,62,1.9844793,256,0.0374848851,0.5514448488,0.3254901961
4,376,14,1.5627899,138,0.0084643289,0.410610269,0.1712418301
3,377,17,1.4255327,91,0.0102781137,0.364769515,0.1098039216
4,378,29,1.7983205,170,0.0175332527,0.4892720829,0.2130718954
4,379,27,1.5598243,125,0.0163240629,0.4096198267,0.154248366
4,380,14,1.5490618,135,0.0084643289,0.4060253988,0.1673202614
4,381,7,1.4831443,161,0.0042321645,0.3840104669,0.2013071895
4,382,47,2.0048125,257,0.0284159613,0.5582356709,0.3267973856
4,383,18,1.5,102,0.0108827086,0.3896398838,0.1241830065
3,384,18,1.4666082,76,0.0108827086,0.3784877891,0.0901960784
4,385,56,1.7963344,140,0.0338573156,0.4886087711,0.1738562092
3,386,1,1.1365665,54,6.045949E-4,0.2682614373,0.0614379085
4,387,36,1.8348413,133,0.0217654172,0.5014691917,0.1647058824
3,388,3,1.2552096,69,0.0018137848,0.3078855093,0.0810457516
3,389,7,1.3076391,62,0.0042321645,0.3253957588,0.0718954248
3,390,8,1.2552096,63,0.0048367594,0.3078855093,0.0732026144
3,391,2,1.0405263,59,0.0012091898,0.2361862151,0.0679738562
4,392,14,1.6092162,116,0.0084643289,0.4261155875,0.1424836601
2,393,95,2.2618113,320,0.0574365175,0.6440673707,0.4091503268
4,394,61,1.9261212,169,0.0368802902,0.531954583,0.2117647059
4,395,52,1.8077145,127,0.0314389359,0.4924094632,0.1568627451
4,396,137,2.0999382,156,0.0828295042,0.5900054711,0.1947712418
3,397,0,1.2186118,71,0,0.2956626842,0.0836601307
3,398,11,1.3746208,73,0.0066505441,0.347766109,0.0862745098
4,399,22,1.632839,93,0.0133010883,0.4340050605,0.1124183007
4,400,14,1.5352089,131,0.0084643289,0.4013988482,0.1620915033
4,401,25,1.9147085,259,0.015114873,0.5281430032,0.3294117647
4,402,58,2.0678315,228,0.0350665054,0.5792825703,0.2888888889
2,403,144,2.3941922,380,0.0870616687,0.6882795525,0.4875816993
4,404,29,1.4896638,81,0.0175332527,0.3861878302,0.0967320261
4,405,9,1.4831443,145,0.0054413543,0.3840104669,0.1803921569
3,406,6,1.0952908,58,0.0036275695,0.254476301,0.0666666667
3,407,22,1.3076391,44,0.0133010883,0.3253957588,0.0483660131
3,408,8,1,25,0.0048367594,0.2226513612,0.0235294118
3,409,6,0.8619656,18,0.0036275695,0.1765510402,0.014379085
3,410,6,0.84912294,17,0.0036275695,0.1722618865,0.0130718954
3,411,6,0.8870222,27,0.0036275695,0.1849193694,0.0261437909
3,412,10,1.1981546,54,0.0060459492,0.288830449,0.0614379085
3,413,10,1.1365665,38,0.0060459492,0.2682614373,0.0405228758
3,414,21,1.31797,49,0.0126964933,0.3288460422,0.0549019608
4,415,23,1.6597091,143,0.0139056832,0.4429790571,0.1777777778
4,416,8,1.4380959,125,0.0048367594,0.3689653354,0.154248366
2,417,79,2.2449141,357,0.0477629988,0.6384240938,0.4575163399
4,418,10,1.3431821,120,0.0060459492,0.3372663049,0.1477124183
3,419,2,1.0207884,46,0.0012091898,0.2295942096,0.0509803922
4,420,7,1.4175341,139,0.0042321645,0.3620981662,0.1725490196
2,421,8,2.1483474,353,0.0048367594,0.6061730327,0.4522875817
3,422,6,0.8870222,37,0.0036275695,0.1849193694,0.0392156863
3,423,6,0.8619656,20,0.0036275695,0.1765510402,0.0169934641
3,424,8,1,28,0.0048367594,0.2226513612,0.0274509804
3,425,19,1.3304729,68,0.0114873035,0.3330217238,0.0797385621
3,426,5,1.0952908,57,0.0030229746,0.254476301,0.0653594771
4,427,14,1.6030675,150,0.0084643289,0.4240620629,0.1869281046
3,428,8,1.0445806,47,0.0048367594,0.2375402583,0.0522875817
4,429,20,1.5887082,94,0.0120918984,0.4192663863,0.1137254902
3,430,1,1.1768752,62,6.045949E-4,0.2817236179,0.0718954248
4,431,49,2.1355305,200,0.0296251512,0.6018924823,0.2522875817
2,432,311,2.6316328,381,0.1880290206,0.7675792625,0.4888888889
4,433,16,1.9019953,204,0.0096735187,0.5238970862,0.2575163399
4,434,5,2.0031416,276,0.0030229746,0.5576776286,0.3516339869
3,435,2,1.3088794,94,0.0012091898,0.3258099905,0.1137254902
4,436,1,2.0031416,276,6.045949E-4,0.5576776286,0.3516339869
4,437,34,2.0655131,200,0.0205562273,0.5785082779,0.2522875817
4,438,13,1.5517242,97,0.007859734,0.4069145793,0.1176470588
4,439,11,1.5448476,161,0.0066505441,0.4046179527,0.2013071895
3,440,4,1.2829794,88,0.0024183797,0.3171599851,0.1058823529
4,441,41,1.9345245,168,0.0247883918,0.5347610923,0.2104575163
3,442,3,1.3636364,97,0.0018137848,0.3440975716,0.1176470588
4,443,9,2.0941937,276,0.0054413543,0.5880869399,0.3516339869
4,444,27,1.7914909,149,0.0163240629,0.4869911532,0.185620915
4,445,2,1.8276744,178,0.0012091898,0.4990756117,0.2235294118
4,446,10,1.4803609,109,0.0060459492,0.3830808752,0.1333333333
4,447,52,2.1428957,276,0.0314389359,0.60435229,0.3516339869
4,448,23,1.8993479,178,0.0139056832,0.5230129154,0.2235294118
2,449,26,2.2049487,360,0.015719468,0.6250765676,0.4614379085
4,450,79,1.9812206,167,0.0477629988,0.5503565178,0.2091503268
4,451,38,2.0579145,200,0.022974607,0.5759705199,0.2522875817
2,452,175,2.4226639,173,0.1058041112,0.6977884468,0.2169934641
4,453,12,1.4831443,109,0.0072551391,0.3840104669,0.1333333333
4,454,21,1.9378124,198,0.0126964933,0.5358591755,0.2496732026
2,455,185,2.4306831,168,0.1118500605,0.7004666755,0.2104575163
4,456,0,1.4350866,104,0,0.3679602983,0.1267973856
2,457,338,2.6226416,146,0.2043530834,0.7645764081,0.1816993464
4,458,22,1.6693437,93,0.0133010883,0.4461967923,0.1124183007
3,459,6,1.0698866,50,0.0036275695,0.2459918814,0.0562091503
3,460,6,0.84912294,25,0.0036275695,0.1722618865,0.0235294118
3,461,6,0.91666669,35,0.0036275695,0.1948199486,0.0366013072
4,462,12,1.4166186,104,0.0072551391,0.3617924102,0.1267973856
2,463,300,2.6072385,146,0.1813784764,0.7594321263,0.1816993464
4,464,22,1.6693437,97,0.0133010883,0.4461967923,0.1176470588
3,465,6,1.0698866,54,0.0036275695,0.2459918814,0.0614379085
3,466,6,0.84912294,25,0.0036275695,0.1722618865,0.0235294118
3,467,6,0.91666669,35,0.0036275695,0.1948199486,0.0366013072
4,468,12,1.4166186,104,0.0072551391,0.3617924102,0.1267973856
4,469,48,2.0257483,119,0.0290205562,0.5652277475,0.1464052288
3,470,12,1.4166186,81,0.0072551391,0.3617924102,0.0967320261
3,471,30,1.4244281,42,0.0181378476,0.3644006039,0.045751634
3,472,10,1.1087778,19,0.0060459492,0.2589806494,0.0156862745
3,473,4,0.72781962,14,0.0024183797,0.1317493621,0.0091503268
3,474,0,0.33333334,9,0,0,0.0026143791
3,475,0,0.76619166,18,0,0.1445647427,0.014379085
3,476,8,1.0697098,42,0.0048367594,0.2459328342,0.045751634
3,477,10,1.1058542,27,0.0060459492,0.2580042341,0.0261437909
3,478,36,1.5154221,45,0.0217654172,0.3947905112,0.0496732026
4,479,26,1.507236,82,0.015719468,0.3920565417,0.0980392157
4,480,34,1.9798998,150,0.0205562273,0.5499154009,0.1869281046
1,481,797,2.8958745,261,0.4818621524,0.8558299247,0.3320261438
4,482,32,1.9577465,171,0.0193470375,0.5425167073,0.214379085
4,483,16,1.6789383,156,0.0096735187,0.4494011685,0.1947712418
2,484,180,2.3054979,174,0.1088270859,0.6586576923,0.2183006536
4,485,40,1.9161526,204,0.0241837969,0.5286252995,0.2575163399
2,486,112,2.5225809,464,0.0677146312,0.7311584312,0.5973856209
1,487,627,2.768369,400,0.3790810157,0.8132460145,0.5137254902
2,488,338,2.6589391,272,0.2043530834,0.7766989399,0.3464052288
2,489,335,2.5475137,260,0.2025392987,0.739485414,0.3307189542
4,490,0,1.6092162,130,0,0.4261155875,0.1607843137
4,491,4,1.6434549,130,0.0024183797,0.4375505274,0.1607843137
4,492,9,1.6338958,134,0.0054413543,0.4343580074,0.1660130719
2,493,325,2.5665982,271,0.1964933495,0.745859199,0.3450980392
4,494,0,1.8188498,137,0,0.4961283978,0.1699346405
4,495,54,1.9876175,140,0.0326481258,0.5524929356,0.1738562092
3,496,7,1.3272201,68,0.0042321645,0.3319353633,0.0797385621
3,497,9,1.2241485,60,0.0054413543,0.2975118149,0.0692810458
4,498,14,1.6883124,139,0.0084643289,0.4525319027,0.1725490196
3,499,3,1.241593,68,0.0018137848,0.3033378775,0.0797385621
4,500,5,1.9202406,140,0.0030229746,0.5299905976,0.1738562092
4,501,0,1.8188498,137,0,0.4961283978,0.1699346405
4,502,31,1.9202406,139,0.0187424426,0.5299905976,0.1725490196
3,503,4,1.1779915,64,0.0024183797,0.2820964364,0.0745098039
3,504,3,0.87255627,25,0.0018137848,0.1800880808,0.0235294118
3,505,3,1.1779915,64,0.0018137848,0.2820964364,0.0745098039
4,506,30,1.9202406,139,0.0181378476,0.5299905976,0.1725490196
4,507,0,1.8188498,137,0,0.4961283978,0.1699346405
4,508,0,1.5448476,130,0,0.4046179527,0.1607843137
4,509,27,2.0250261,211,0.0163240629,0.5649865493,0.2666666667
4,510,15,1.7612134,143,0.0090689238,0.4768791633,0.1777777778
4,511,38,1.8017781,133,0.022974607,0.4904268419,0.1647058824
3,512,10,1.4135897,98,0.0060459492,0.3607808271,0.1189542484
4,513,15,1.7144747,185,0.0090689238,0.4612695103,0.2326797386
3,514,1,1.4135897,98,6.045949E-4,0.3607808271,0.1189542484
4,515,11,1.6030675,134,0.0066505441,0.4240620629,0.1660130719
3,516,1,0.84615386,49,6.045949E-4,0.171270282,0.0549019608
4,517,3,1.6030675,134,0.0018137848,0.4240620629,0.1660130719
2,518,84,2.4310246,267,0.0507859734,0.7005807286,0.339869281
4,519,9,2.1428957,188,0.0054413543,0.60435229,0.2366013072
4,520,104,2.1737089,144,0.0628778718,0.6146431915,0.1790849673
3,521,19,1.4931926,77,0.0114873035,0.3873663684,0.091503268
4,522,38,1.9914135,142,0.022974607,0.5537607124,0.1764705882
3,523,10,1.1191936,49,0.0060459492,0.2624592875,0.0549019608
3,524,14,1.1981546,54,0.0084643289,0.288830449,0.0614379085
3,525,0,0.58170414,20,0,0.0829501459,0.0169934641
4,526,22,1.6503496,137,0.0133010883,0.4398531989,0.1699346405
3,527,3,1.3235294,71,0.0018137848,0.3307027542,0.0836601307
3,528,3,1.3235294,71,0.0018137848,0.3307027542,0.0836601307
3,529,5,1.3235294,71,0.0030229746,0.3307027542,0.0836601307
3,530,0,0.72781962,31,0,0.1317493621,0.031372549
4,531,133,2.2658839,182,0.0804111246,0.6454275256,0.2287581699
4,532,50,1.8344558,108,0.0302297461,0.5013404436,0.1320261438
4,533,8,1.6926663,137,0.0048367594,0.4539860053,0.1699346405
3,534,1,1.3006579,55,6.045949E-4,0.3230641982,0.062745098
4,535,14,1.5598243,84,0.0084643289,0.4096198267,0.1006535948
4,536,14,1.7325417,135,0.0084643289,0.4673034736,0.1673202614
3,537,1,1.3815587,84,6.045949E-4,0.3500832084,0.1006535948
3,538,1,1.3006579,55,6.045949E-4,0.3230641982,0.062745098
3,539,0,1.3068799,84,0,0.3251422034,0.1006535948
4,540,6,1.6413553,106,0.0036275695,0.4368493092,0.1294117647
4,541,26,1.9364665,252,0.015719468,0.5354096757,0.3202614379
4,542,18,1.3815587,115,0.0108827086,0.3500832084,0.1411764706
3,543,10,1.1191936,43,0.0060459492,0.2624592875,0.0470588235
3,544,14,1.390353,73,0.0084643289,0.3530203027,0.0862745098
4,545,104,1.9756846,96,0.0628778718,0.5485076209,0.1163398693
4,546,34,1.6741856,72,0.0205562273,0.4478138758,0.0849673203
4,547,34,1.7288883,78,0.0205562273,0.4660833219,0.0928104575
4,548,194,2.2962859,101,0.1172914148,0.6555810957,0.122875817
4,549,124,2.1057987,102,0.0749697702,0.5919627436,0.1241830065
3,550,12,1.3636364,63,0.0072551391,0.3440975716,0.0732026144
3,551,6,0.91666669,33,0.0036275695,0.1948199486,0.0339869281
3,552,6,0.8619656,22,0.0036275695,0.1765510402,0.0196078431
3,553,8,1.0207884,25,0.0048367594,0.2295942096,0.0235294118
3,554,26,1.3873683,42,0.015719468,0.3520234814,0.045751634
3,555,8,1.1460608,46,0.0048367594,0.2714323156,0.0509803922
3,556,16,1.4382962,75,0.0096735187,0.369032231,0.0888888889
3,557,10,1.2829794,59,0.0060459492,0.3171599851,0.0679738562
3,558,0,0.56608194,25,0,0.0777326897,0.0235294118
4,559,16,1.6211112,89,0.0096735187,0.4300882445,0.1071895425
4,560,82,1.8950444,110,0.0495767836,0.5215756452,0.1346405229
3,561,4,1.3304729,62,0.0024183797,0.3330217238,0.0718954248
4,562,133,2.1737089,141,0.0804111246,0.6146431915,0.1751633987
2,563,365,2.5235329,185,0.2206771463,0.7314763773,0.2326797386
3,564,12,1.4538981,76,0.0072551391,0.3742429074,0.0901960784
3,565,14,1.2123377,44,0.0084643289,0.2935672788,0.0483660131
3,566,4,1.1981546,54,0.0024183797,0.288830449,0.0614379085
4,567,40,1.7777745,116,0.0241837969,0.4824101905,0.1424836601
3,568,7,1.2196002,56,0.0042321645,0.2959927871,0.0640522876
4,569,20,1.6434549,107,0.0120918984,0.4375505274,0.1307189542
3,570,0,0.33333334,14,0,0,0.0091503268
3,571,4,0.9216888,43,0.0024183797,0.196497218,0.0470588235
4,572,42,1.8833622,94,0.0253929867,0.5176740585,0.1137254902
3,573,30,1.4896638,68,0.0181378476,0.3861878302,0.0797385621
4,574,29,1.4803609,90,0.0175332527,0.3830808752,0.108496732
4,575,46,1.9740222,170,0.0278113664,0.5479524175,0.2130718954
2,576,541,2.8570805,219,0.3270858525,0.8428736192,0.277124183
4,577,20,1.875475,161,0.0120918984,0.5150399148,0.2013071895
4,578,27,1.6503496,115,0.0163240629,0.4398531989,0.1411764706
3,579,2,0.9792943,41,0.0012091898,0.2157361327,0.0444444444
3,580,8,1.4255327,63,0.0048367594,0.364769515,0.0732026144
3,581,6,0.91666669,31,0.0036275695,0.1948199486,0.031372549
3,582,0,0.42239243,13,0,0.0297436917,0.0078431373
3,583,1,1.3304729,62,6.045949E-4,0.3330217238,0.0718954248
3,584,0,1.0952908,54,0,0.254476301,0.0614379085
2,585,118,2.3965516,207,0.0713422007,0.689067538,0.2614379085
2,586,113,2.2070389,237,0.0683192261,0.6257746464,0.3006535948
4,587,11,2.0789747,163,0.0066505441,0.5830041433,0.2039215686
4,588,4,2.0789747,163,0.0024183797,0.5830041433,0.2039215686
4,589,20,2.0789747,163,0.0120918984,0.5830041433,0.2039215686
4,590,36,2.1429529,185,0.0217654172,0.6043713935,0.2326797386
4,591,7,2.0789747,163,0.0042321645,0.5830041433,0.2039215686
4,592,11,2.0789747,163,0.0066505441,0.5830041433,0.2039215686
4,593,24,2.0631814,217,0.0145102781,0.5777295436,0.2745098039
4,594,38,2.1507413,145,0.022974607,0.6069725403,0.1803921569
4,595,8,2.0790501,145,0.0048367594,0.5830293252,0.1803921569
4,596,7,2.0790501,145,0.0042321645,0.5830293252,0.1803921569
4,597,16,1.507236,138,0.0096735187,0.3920565417,0.1712418301
4,598,18,1.3815587,123,0.0108827086,0.3500832084,0.1516339869
4,599,24,1.7339301,160,0.0145102781,0.4677671673,0.2
4,600,20,1.6883124,162,0.0120918984,0.4525319027,0.2026143791
3,601,18,1.2726263,57,0.0108827086,0.3137022873,0.0653594771
3,602,10,1.1058542,42,0.0060459492,0.2580042341,0.045751634
4,603,5,1.9633191,118,0.0030229746,0.5443778278,0.1450980392
4,604,28,1.7777745,145,0.0169286578,0.4824101905,0.1803921569
4,605,28,1.7488363,149,0.0169286578,0.472745496,0.185620915
3,606,1,1.0405263,72,6.045949E-4,0.2361862151,0.0849673203
3,607,0,1.0405263,59,0,0.2361862151,0.0679738562
3,608,8,0.98558021,25,0.0048367594,0.2178354823,0.0235294118
3,609,6,0.84912294,14,0.0036275695,0.1722618865,0.0091503268
3,610,4,0.70398736,10,0.0024183797,0.1237899344,0.0039215686
3,611,0,0.33333334,7,0,0,0
4,612,20,1.6994165,163,0.0120918984,0.4562404172,0.2039215686
3,613,18,1.3076391,52,0.0108827086,0.3253957588,0.0588235294
3,614,14,1.3791449,23,0.0084643289,0.3492770546,0.0209150327
3,615,4,0.98510355,23,0.0024183797,0.2176762888,0.0209150327
3,616,2,0.84912294,15,0.0012091898,0.1722618865,0.0104575163
3,617,4,1.0189475,15,0.0024183797,0.2289793913,0.0104575163
3,618,0,0.63684219,15,0,0.1013649889,0.0104575163
4,619,34,1.6434549,153,0.0205562273,0.4375505274,0.1908496732
4,620,28,2.0031416,177,0.0169286578,0.5576776286,0.2222222222
3,621,8,1.241593,96,0.0048367594,0.3033378775,0.1163398693
4,622,26,2.0031416,177,0.015719468,0.5576776286,0.2222222222
4,623,28,1.9663954,172,0.0169286578,0.5454052413,0.2156862745
3,624,0,0.97627407,85,0,0.2147274452,0.1019607843
3,625,18,1.2222222,33,0.0108827086,0.2968684749,0.0339869281
3,626,6,1.241593,96,0.0036275695,0.3033378775,0.1163398693
3,627,10,1.1,21,0.0060459492,0.2560490657,0.0183006536
3,628,0,0.58170414,13,0,0.0829501459,0.0078431373
3,629,14,1.1087778,18,0.0084643289,0.2589806494,0.014379085
3,630,8,1.0189475,14,0.0048367594,0.2289793913,0.0091503268
3,631,4,0.69804502,11,0.0024183797,0.1218053292,0.0052287582
3,632,0,0.33333334,8,0,0,0.0013071895
4,633,12,1.4166186,104,0.0072551391,0.3617924102,0.1267973856
3,634,6,0.91666669,35,0.0036275695,0.1948199486,0.0366013072
3,635,6,0.84912294,17,0.0036275695,0.1722618865,0.0130718954
3,636,6,0.84912294,14,0.0036275695,0.1722618865,0.0091503268
3,637,6,0.84912294,13,0.0036275695,0.1722618865,0.0078431373
3,638,6,0.87255627,11,0.0036275695,0.1800880808,0.0052287582
3,639,4,0.70398736,9,0.0024183797,0.1237899344,0.0026143791
3,640,0,0.33333334,7,0,0,0
4,641,16,1.6418091,173,0.0096735187,0.437000868,0.2169934641
4,642,20,1.569167,66,0.0120918984,0.4127400741,0.077124183
4,643,9,1.8957499,36,0.0054413543,0.521811266,0.0379084967
3,644,1,1,31,6.045949E-4,0.2226513612,0.031372549
3,645,8,1.4783703,29,0.0048367594,0.3824160605,0.0287581699
4,646,14,1.8333334,31,0.0084643289,0.5009655878,0.031372549
3,647,9,1.4744722,36,0.0054413543,0.3811141846,0.0379084967
4,648,11,1.8333334,31,0.0066505441,0.5009655878,0.031372549
3,649,6,1.4744722,36,0.0036275695,0.3811141846,0.0379084967
3,650,2,1.2222222,31,0.0012091898,0.2968684749,0.031372549
4,651,38,1.9174613,91,0.022974607,0.5290623752,0.1098039216
4,652,6,1.6684235,71,0.0036275695,0.4458894666,0.0836601307
4,653,124,2.7807059,72,0.0749697702,0.817366256,0.0849673203
4,654,125,2.3214295,115,0.0755743652,0.663978481,0.1411764706
4,655,0,1.6071428,84,0,0.4254231195,0.1006535948
4,656,2,1.6071428,84,0.0012091898,0.4254231195,0.1006535948
4,657,1,1.6071428,84,6.045949E-4,0.4254231195,0.1006535948
4,658,6,1.7909094,86,0.0036275695,0.4867969456,0.1032679739
4,659,32,1.9341822,86,0.0193470375,0.534646772,0.1032679739
4,660,28,1.875,84,0.0169286578,0.5148812757,0.1006535948
4,661,28,1.875,84,0.0169286578,0.5148812757,0.1006535948
3,662,2,1.1981546,58,0.0012091898,0.288830449,0.0666666667
3,663,0,1.2906152,64,0,0.319710167,0.0745098039
3,664,0,1.2196002,61,0,0.2959927871,0.0705882353
3,665,10,1.3443909,65,0.0060459492,0.3376700164,0.0758169935
3,666,4,1.2726263,73,0.0024183797,0.3137022873,0.0862745098
4,667,43,1.8077145,122,0.0259975816,0.4924094632,0.1503267974
4,668,27,1.5226898,78,0.0163240629,0.3972177561,0.0928104575
3,669,10,1.1561403,43,0.0060459492,0.2747986372,0.0470588235
3,670,18,1.2123377,32,0.0108827086,0.2935672788,0.0326797386
3,671,10,1.1,23,0.0060459492,0.2560490657,0.0209150327
3,672,14,1.1087778,19,0.0084643289,0.2589806494,0.0156862745
3,673,0,0.58170414,13,0,0.0829501459,0.0078431373
3,674,8,0.98510355,18,0.0048367594,0.2176762888,0.014379085
3,675,6,0.8870222,20,0.0036275695,0.1849193694,0.0169934641
3,676,8,0.98510355,19,0.0048367594,0.2176762888,0.0156862745
3,677,10,1.1492875,26,0.0060459492,0.2725099593,0.0248366013
3,678,0,0.84912294,24,0,0.1722618865,0.0222222222
3,679,10,1.1981546,58,0.0060459492,0.288830449,0.0666666667
4,680,24,1.7164973,100,0.0145102781,0.4619450123,0.1215686275
4,681,0,1.5352089,89,0,0.4013988482,0.1071895425
4,682,164,2.2827108,111,0.0991535671,0.651047324,0.1359477124
3,683,0,1.3068799,72,0,0.3251422034,0.0849673203
3,684,0,1.3068799,72,0,0.3251422034,0.0849673203
4,685,10,1.4522455,151,0.0060459492,0.373690977,0.1882352941
3,686,0,0.56608194,38,0,0.0777326897,0.0405228758
4,687,110,2.2819183,201,0.0665054413,0.6507826472,0.2535947712
4,688,76,1.9916508,125,0.045949214,0.5538399652,0.154248366
4,689,48,1.8489804,103,0.0290205562,0.5061913266,0.1254901961
3,690,13,1.3845592,62,0.007859734,0.3510853065,0.0718954248
3,691,0,1.2196002,72,0,0.2959927871,0.0849673203
3,692,11,1.3304729,72,0.0066505441,0.3330217238,0.0849673203
3,693,3,0.98558021,30,0.0018137848,0.2178354823,0.0300653595
3,694,14,1.3304729,72,0.0084643289,0.3330217238,0.0849673203
3,695,0,0.68957245,27,0,0.1189756853,0.0261437909
4,696,47,2.1294835,128,0.0284159613,0.5998729231,0.1581699346
4,697,21,1.9491093,125,0.0126964933,0.5396320807,0.154248366
4,698,100,2.3219359,187,0.0604594921,0.664147607,0.2352941176
4,699,25,1.7265038,120,0.015114873,0.4652869536,0.1477124183
4,700,13,1.5395753,94,0.007859734,0.4028571255,0.1137254902
4,701,28,2.0004239,128,0.0169286578,0.5567699792,0.1581699346
4,702,34,2.0147731,106,0.0205562273,0.5615622826,0.1294117647
4,703,3,1.7669872,92,0.0018137848,0.4788074799,0.1111111111
4,704,25,1.9565217,107,0.015114873,0.5421076522,0.1307189542
4,705,43,1.9491093,125,0.0259975816,0.5396320807,0.154248366
3,706,0,1.31797,79,0,0.3288460422,0.0941176471
4,707,9,1.7669872,92,0.0054413543,0.4788074799,0.1111111111
3,708,2,1.31797,79,0.0012091898,0.3288460422,0.0941176471
4,709,8,1.7669872,92,0.0048367594,0.4788074799,0.1111111111
4,710,5,1.606352,95,0.0030229746,0.4251590105,0.1150326797
4,711,4,1.6734514,94,0.0024183797,0.4475686698,0.1137254902
4,712,7,1.7265038,120,0.0042321645,0.4652869536,0.1477124183
4,713,19,1.5887082,106,0.0114873035,0.4192663863,0.1294117647
4,714,47,1.787379,112,0.0284159613,0.485617873,0.137254902
3,715,7,1.1460608,49,0.0042321645,0.2714323156,0.0549019608
3,716,21,1.4135897,55,0.0126964933,0.3607808271,0.062745098
3,717,5,1,30,0.0030229746,0.2226513612,0.0300653595
3,718,3,0.84912294,17,0.0018137848,0.1722618865,0.0130718954
3,719,4,0.84912294,23,0.0024183797,0.1722618865,0.0209150327
4,720,21,1.7288883,105,0.0126964933,0.4660833219,0.1281045752
3,721,3,1.1768752,46,0.0018137848,0.2817236179,0.0509803922
3,722,9,1.1561403,43,0.0054413543,0.2747986372,0.0470588235
3,723,0,0.58170414,22,0,0.0829501459,0.0196078431
3,724,8,1,26,0.0048367594,0.2226513612,0.0248366013
3,725,11,1.2241485,42,0.0066505441,0.2975118149,0.045751634
4,726,46,1.6178579,84,0.0278113664,0.429001717,0.1006535948
3,727,10,1.1365665,40,0.0060459492,0.2682614373,0.0431372549
3,728,6,0.91666669,25,0.0036275695,0.1948199486,0.0235294118
3,729,8,0.98558021,22,0.0048367594,0.2178354823,0.0196078431
3,730,18,1.2063863,24,0.0108827086,0.2915796478,0.0222222222
3,731,10,1.1058542,26,0.0060459492,0.2580042341,0.0248366013
3,732,8,0.98558021,28,0.0048367594,0.2178354823,0.0274509804
4,733,22,1.6693437,98,0.0133010883,0.4461967923,0.1189542484
3,734,6,1.0983083,57,0.0036275695,0.2554840767,0.0653594771
3,735,4,0.69804502,18,0.0024183797,0.1218053292,0.014379085
3,736,0,0.33333334,8,0,0,0.0013071895
3,737,7,0.98558021,27,0.0042321645,0.2178354823,0.0261437909
3,738,4,0.94787496,35,0.0024183797,0.2052427944,0.0366013072
3,739,16,1.4028426,64,0.0096735187,0.3571915424,0.0745098039
3,740,6,0.9792943,32,0.0036275695,0.2157361327,0.0326797386
3,741,6,0.84912294,19,0.0036275695,0.1722618865,0.0156862745
3,742,6,0.84912294,14,0.0036275695,0.1722618865,0.0091503268
3,743,6,0.84912294,14,0.0036275695,0.1722618865,0.0091503268
3,744,6,0.84912294,13,0.0036275695,0.1722618865,0.0078431373
3,745,6,0.87255627,11,0.0036275695,0.1800880808,0.0052287582
3,746,4,0.70398736,9,0.0024183797,0.1237899344,0.0026143791
3,747,0,0.33333334,7,0,0,0
3,748,4,1.2621337,86,0.0024183797,0.3101979998,0.1032679739
4,749,20,1.8273257,185,0.0120918984,0.4989591539,0.2326797386
4,750,4,1.8699054,200,0.0024183797,0.5131797962,0.2522875817
4,751,44,1.8427275,135,0.0266021765,0.5041030015,0.1673202614
4,752,29,1.9577465,208,0.0175332527,0.5425167073,0.262745098
4,753,6,1.4854304,131,0.0036275695,0.3847739718,0.1620915033
2,754,21,2.1768863,358,0.0126964933,0.6157043701,0.4588235294
4,755,20,1.6434549,164,0.0120918984,0.4375505274,0.2052287582
4,756,13,1.9202406,185,0.007859734,0.5299905976,0.2326797386
4,757,5,1.5448476,164,0.0030229746,0.4046179527,0.2052287582
4,758,11,1.7890326,183,0.0066505441,0.4861701375,0.2300653595
4,759,35,1.9233313,200,0.0211608222,0.5310228205,0.2522875817
4,760,5,1.6546941,135,0.0030229746,0.4413041622,0.1673202614
4,761,11,1.7028028,191,0.0066505441,0.4573713637,0.2405228758
2,762,255,2.5090652,374,0.154171705,0.7266444976,0.4797385621
4,763,11,1.8351884,200,0.0066505441,0.5015851152,0.2522875817
4,764,69,1.9768722,161,0.0417170496,0.548904252,0.2013071895
2,765,112,2.3975511,373,0.0677146312,0.689401348,0.4784313725
4,766,32,1.7938285,160,0.0193470375,0.487771858,0.2
4,767,29,1.7777745,156,0.0175332527,0.4824101905,0.1947712418
4,768,24,1.6546941,152,0.0145102781,0.4413041622,0.1895424837
3,769,3,1.3845592,65,0.0018137848,0.3510853065,0.0758169935
4,770,63,1.9329244,147,0.03808948,0.5342266957,0.1830065359
3,771,6,1.4666082,72,0.0036275695,0.3784877891,0.0849673203
3,772,4,1.3845592,65,0.0024183797,0.3510853065,0.0758169935
4,773,14,1.6734514,77,0.0084643289,0.4475686698,0.091503268
4,774,15,1.6771457,156,0.0090689238,0.4488024812,0.1947712418
3,775,2,1.2552096,67,0.0012091898,0.3078855093,0.0784313726
4,776,1,1.5395753,77,6.045949E-4,0.4028571255,0.091503268
4,777,7,1.5395753,77,0.0042321645,0.4028571255,0.091503268
3,778,6,0.8619656,19,0.0036275695,0.1765510402,0.0156862745
3,779,6,0.8619656,19,0.0036275695,0.1765510402,0.0156862745
3,780,8,1,23,0.0048367594,0.2226513612,0.0209150327
3,781,19,1.3057258,34,0.0114873035,0.3247567605,0.0352941176
3,782,6,1.1460608,49,0.0036275695,0.2714323156,0.0549019608
4,783,34,1.5688319,70,0.0205562273,0.4126281583,0.0823529412
3,784,10,1.1561403,38,0.0060459492,0.2747986372,0.0405228758
3,785,14,1.1087778,23,0.0084643289,0.2589806494,0.0209150327
3,786,0,0.58170414,13,0,0.0829501459,0.0078431373
3,787,22,1.31797,44,0.0133010883,0.3288460422,0.0483660131
3,788,0,0.68957245,22,0,0.1189756853,0.0196078431
3,789,26,1.3873683,45,0.015719468,0.3520234814,0.0496732026
3,790,8,1.1950141,51,0.0048367594,0.2877815941,0.0575163399
4,791,20,1.5887082,94,0.0120918984,0.4192663863,0.1137254902
3,792,8,0.98510355,17,0.0048367594,0.2176762888,0.0130718954
3,793,6,0.8619656,17,0.0036275695,0.1765510402,0.0130718954
3,794,6,0.8619656,19,0.0036275695,0.1765510402,0.0156862745
3,795,8,0.98558021,24,0.0048367594,0.2178354823,0.0222222222
3,796,14,1.390353,62,0.0084643289,0.3530203027,0.0718954248
3,797,18,1.2052853,34,0.0108827086,0.2912119391,0.0352941176
3,798,6,0.84912294,17,0.0036275695,0.1722618865,0.0130718954
3,799,0,0.42239243,10,0,0.0297436917,0.0039215686
4,800,19,1.7164973,114,0.0114873035,0.4619450123,0.139869281
3,801,14,1.3443909,77,0.0084643289,0.3376700164,0.091503268
3,802,0,0.68232477,28,0,0.1165551266,0.0274509804
3,803,0,1.2409762,77,0,0.3031318804,0.091503268
4,804,18,1.7269484,89,0.0108827086,0.4654354398,0.1071895425
4,805,21,1.6857162,100,0.0126964933,0.4516648315,0.1215686275
4,806,25,1.6008096,57,0.015114873,0.4233079761,0.0653594771
4,807,1,1.5212561,100,6.045949E-4,0.3967389332,0.1215686275
3,808,0,0.84615386,34,0,0.171270282,0.0352941176
3,809,9,1.471094,60,0.0054413543,0.3799859433,0.0692810458
4,810,16,1.632839,99,0.0096735187,0.4340050605,0.1202614379
3,811,3,1.3076391,60,0.0018137848,0.3253957588,0.0692810458
4,812,2,1.469555,99,0.0012091898,0.3794719526,0.1202614379
4,813,22,1.820729,148,0.0133010883,0.4967560075,0.1843137255
4,814,0,1.6030675,143,0,0.4240620629,0.1777777778
4,815,24,1.7704608,151,0.0145102781,0.4799675826,0.1882352941
3,816,16,1.2726263,65,0.0096735187,0.3137022873,0.0758169935
3,817,6,0.98510355,25,0.0036275695,0.2176762888,0.0235294118
3,818,6,0.98510355,25,0.0036275695,0.2176762888,0.0235294118
3,819,4,0.84912294,15,0.0024183797,0.1722618865,0.0104575163
3,820,4,0.87255627,13,0.0024183797,0.1800880808,0.0078431373
3,821,4,0.84912294,15,0.0024183797,0.1722618865,0.0104575163
3,822,18,1.4028426,68,0.0108827086,0.3571915424,0.0797385621
3,823,14,1.4783703,29,0.0084643289,0.3824160605,0.0287581699
3,824,4,0.98558021,29,0.0024183797,0.2178354823,0.0287581699
3,825,2,0.84912294,17,0.0012091898,0.1722618865,0.0130718954
3,826,4,0.98510355,19,0.0024183797,0.2176762888,0.0156862745
3,827,4,0.98558021,29,0.0024183797,0.2178354823,0.0287581699
2,828,190,2.2545536,181,0.1148730351,0.6416434655,0.2274509804
3,829,0,1.3068799,97,0,0.3251422034,0.1176470588
4,830,14,1.4380959,98,0.0084643289,0.3689653354,0.1189542484
3,831,12,1.3815587,97,0.0072551391,0.3500832084,0.1176470588
3,832,0,0.62688404,29,0,0.0980391954,0.0287581699
3,833,0,0.33333334,11,0,0,0.0052287582
3,834,4,0.80638385,31,0.0024183797,0.1579880115,0.031372549
3,835,0,1.3068799,97,0,0.3251422034,0.1176470588
4,836,14,1.469555,105,0.0084643289,0.3794719526,0.1281045752
3,837,8,1.0952908,46,0.0048367594,0.254476301,0.0509803922
3,838,17,1.375,31,0.0102781137,0.3478927531,0.031372549
3,839,4,0.98510355,20,0.0024183797,0.2176762888,0.0169934641
3,840,3,0.98510355,23,0.0018137848,0.2176762888,0.0209150327
3,841,11,1.2989333,37,0.0066505441,0.3224882214,0.0392156863
3,842,7,1.2052853,35,0.0042321645,0.2912119391,0.0366013072
3,843,24,1.4635203,60,0.0145102781,0.3774565014,0.0692810458
4,844,59,1.7914909,127,0.0356711004,0.4869911532,0.1568627451
3,845,0,1.3076391,55,0,0.3253957588,0.062745098
4,846,25,1.8957499,34,0.015114873,0.521811266,0.0352941176
3,847,1,1.1087778,28,6.045949E-4,0.2589806494,0.0274509804
4,848,23,1.6812503,55,0.0139056832,0.4501733234,0.062745098
3,849,2,1.0207884,34,0.0012091898,0.2295942096,0.0352941176
3,850,14,1.471094,55,0.0084643289,0.3799859433,0.062745098
3,851,6,1.2063863,34,0.0036275695,0.2915796478,0.0352941176
3,852,0,1.1087778,28,0,0.2589806494,0.0274509804
3,853,4,0.76619166,30,0.0024183797,0.1445647427,0.0300653595
3,854,12,1.3992285,101,0.0072551391,0.355984516,0.122875817
3,855,0,0.33333334,10,0,0,0.0039215686
3,856,0,0.9807294,60,0,0.2162154232,0.0692810458
3,857,0,0.82466888,51,0,0.1640947918,0.0575163399
4,858,20,1.6994165,145,0.0120918984,0.4562404172,0.1803921569
4,859,27,1.7612134,145,0.0163240629,0.4768791633,0.1803921569
3,860,5,1.0952908,55,0.0030229746,0.254476301,0.062745098
4,861,29,1.7612134,145,0.0175332527,0.4768791633,0.1803921569
3,862,6,1.2829794,76,0.0036275695,0.3171599851,0.0901960784
4,863,65,2.0398967,167,0.0392986699,0.5699529883,0.2091503268
4,864,34,1.5992693,95,0.0205562273,0.4227935513,0.1150326797
3,865,6,0.94787496,34,0.0036275695,0.2052427944,0.0352941176
3,866,8,1.0697098,47,0.0048367594,0.2459328342,0.0522875817
3,867,12,1.238816,55,0.0072551391,0.3024104232,0.062745098
3,868,9,1.3938289,70,0.0054413543,0.3541811735,0.0823529412
4,869,7,1.8815688,152,0.0042321645,0.5170751041,0.1895424837
4,870,44,1.8135039,81,0.0266021765,0.4943429899,0.0967320261
3,871,0,1.2052853,46,0,0.2912119391,0.0509803922
3,872,2,1.4244281,46,0.0012091898,0.3644006039,0.0509803922
4,873,44,1.9487677,152,0.0266021765,0.5395179942,0.1895424837
3,874,3,1.2726263,70,0.0018137848,0.3137022873,0.0823529412
3,875,6,1.2052853,46,0.0036275695,0.2912119391,0.0509803922
3,876,34,1.5364467,61,0.0205562273,0.4018122449,0.0705882353
3,877,6,1.3304729,61,0.0036275695,0.3330217238,0.0705882353
4,878,66,1.8017781,132,0.0399032648,0.4904268419,0.1633986928
2,879,107,2.2618113,276,0.0646916566,0.6440673707,0.3516339869
3,880,20,1.4644111,56,0.0120918984,0.3777540081,0.0640522876
3,881,20,1.3006579,39,0.0120918984,0.3230641982,0.0418300654
3,882,11,1.2123377,37,0.0066505441,0.2935672788,0.0392156863
3,883,11,1.4635203,61,0.0066505441,0.3774565014,0.0705882353
3,884,0,1.0445806,35,0,0.2375402583,0.0366013072
3,885,8,1,35,0.0048367594,0.2226513612,0.0366013072
3,886,6,1.0983083,62,0.0036275695,0.2554840767,0.0718954248
4,887,22,1.7500782,150,0.0133010883,0.4731602621,0.1869281046
4,888,27,1.6659329,138,0.0163240629,0.4450576634,0.1712418301
4,889,20,1.8273257,156,0.0120918984,0.4989591539,0.1947712418
4,890,42,2.1384635,255,0.0253929867,0.6028720369,0.3241830065
4,891,1,1.3812032,114,6.045949E-4,0.3499644795,0.139869281
3,892,2,1.241593,99,0.0012091898,0.3033378775,0.1202614379
3,893,3,1,49,0.0018137848,0.2226513612,0.0549019608
3,894,0,0.90925324,53,0,0.1923440264,0.060130719
3,895,0,0.82939059,41,0,0.1656717346,0.0444444444
3,896,0,0.82939059,41,0,0.1656717346,0.0444444444
4,897,18,1.6460875,160,0.0108827086,0.4384297554,0.2
3,898,8,1.1208336,52,0.0048367594,0.2630070099,0.0588235294
3,899,18,1.2222222,30,0.0108827086,0.2968684749,0.0300653595
3,900,8,1.0207884,26,0.0048367594,0.2295942096,0.0248366013
3,901,10,1.1365665,36,0.0060459492,0.2682614373,0.0379084967
3,902,8,1,22,0.0048367594,0.2226513612,0.0196078431
3,903,8,1,24,0.0048367594,0.2226513612,0.0222222222
4,904,31,1.7251066,115,0.0187424426,0.4648203209,0.1411764706
4,905,6,1.6693437,100,0.0036275695,0.4461967923,0.1215686275
4,906,4,1.5003179,104,0.0024183797,0.3897460551,0.1267973856
4,907,7,1.7488363,100,0.0042321645,0.472745496,0.1215686275
4,908,10,1.6926663,156,0.0060459492,0.4539860053,0.1947712418
4,909,132,2.2735622,181,0.0798065296,0.6479919016,0.2274509804
2,910,83,2.2779422,336,0.0501813785,0.649454721,0.4300653595
4,911,75,2.2214549,204,0.0453446191,0.6305892595,0.2575163399
4,912,24,2.1000938,192,0.0145102781,0.5900574379,0.2418300654
4,913,65,2.1755097,238,0.0392986699,0.6152446173,0.3019607843
4,914,2,1.5517242,112,0.0012091898,0.4069145793,0.137254902
4,915,4,1.5517242,112,0.0024183797,0.4069145793,0.137254902
4,916,0,1.5517242,112,0,0.4069145793,0.137254902
4,917,5,1.8369439,128,0.0030229746,0.5021714119,0.1581699346
4,918,64,1.9304764,154,0.038694075,0.5334091198,0.1921568627
4,919,0,1.6100973,156,0,0.4264098547,0.1947712418
4,920,0,1.6100973,156,0,0.4264098547,0.1947712418
4,921,16,1.4538981,121,0.0096735187,0.3742429074,0.1490196078
3,922,3,1.2906152,77,0.0018137848,0.319710167,0.091503268
3,923,8,1.0207884,58,0.0048367594,0.2295942096,0.0666666667
4,924,8,1.4045529,131,0.0048367594,0.3577627433,0.1620915033
3,925,3,1.2726263,79,0.0018137848,0.3137022873,0.0941176471
4,926,6,2.1329072,290,0.0036275695,0.6010163603,0.3699346405
4,927,19,1.8699054,221,0.0114873035,0.5131797962,0.2797385621
4,928,25,2.0455031,300,0.015114873,0.5718253972,0.3830065359
4,929,0,1.6771457,173,0,0.4488024812,0.2169934641
2,930,333,2.8051913,453,0.2013301088,0.8255438175,0.5830065359
2,931,405,2.7501569,320,0.2448609432,0.8071635912,0.4091503268
4,932,22,2.0820689,213,0.0133010883,0.5840375351,0.2692810458
4,933,3,1.9145788,187,0.0018137848,0.5280996864,0.2352941176
4,934,17,2.028795,196,0.0102781137,0.5662452754,0.2470588235
4,935,12,1.9145788,187,0.0072551391,0.5280996864,0.2352941176
4,936,2,2.028795,196,0.0012091898,0.5662452754,0.2470588235
2,937,109,2.1760879,264,0.0659008464,0.6154377229,0.3359477124
4,938,49,1.7257152,125,0.0296251512,0.4650235793,0.154248366
4,939,23,1.8628219,177,0.0139056832,0.5108140698,0.2222222222
3,940,6,1.3431821,95,0.0036275695,0.3372663049,0.1150326797
2,941,183,2.6159558,336,0.1106408706,0.7623435044,0.4300653595
2,942,495,2.8279266,338,0.2992744861,0.8331368858,0.4326797386
4,943,14,1.7499485,233,0.0084643289,0.4731169452,0.2954248366
3,944,3,0.9792943,62,0.0018137848,0.2157361327,0.0718954248
3,945,5,1.0952908,63,0.0030229746,0.254476301,0.0732026144
4,946,40,1.8020762,161,0.0241837969,0.4905264005,0.2013071895
3,947,1,1.1768752,67,6.045949E-4,0.2817236179,0.0784313726
3,948,2,1.2409762,75,0.0012091898,0.3031318804,0.0888888889
4,949,37,1.9912452,240,0.0223700121,0.5537045041,0.3045751634
4,950,6,1.9787503,182,0.0036275695,0.5495314943,0.2287581699
3,951,2,1.2906152,110,0.0012091898,0.319710167,0.1346405229
4,952,5,1.9787503,182,0.0030229746,0.5495314943,0.2287581699
4,953,19,1.9643579,221,0.0114873035,0.5447247631,0.2797385621
2,954,105,2.5934544,210,0.0634824667,0.7548285533,0.2653594771
4,955,1,1.5448476,132,6.045949E-4,0.4046179527,0.1633986928
4,956,36,2.2465236,202,0.0217654172,0.6389616298,0.2549019608
4,957,10,2.0048125,244,0.0060459492,0.5582356709,0.3098039216
4,958,50,1.9450908,223,0.0302297461,0.538289994,0.2823529412
4,959,7,1.7051717,194,0.0042321645,0.4581625219,0.2444444444
3,960,4,1.1208336,90,0.0024183797,0.2630070099,0.108496732
3,961,1,0.69804502,25,6.045949E-4,0.1218053292,0.0235294118
3,962,2,1.1208336,90,0.0012091898,0.2630070099,0.108496732
2,963,82,2.4191699,318,0.0495767836,0.696621531,0.4065359477
4,964,0,1.5302317,150,0,0.3997365776,0.1869281046
4,965,17,1.6693437,150,0.0102781137,0.4461967923,0.1869281046
4,966,3,2.1716397,202,0.0018137848,0.6139521262,0.2549019608
4,967,42,2.2465236,202,0.0253929867,0.6389616298,0.2549019608
4,968,1,1.8628219,180,6.045949E-4,0.5108140698,0.2261437908
4,969,9,1.9373348,180,0.0054413543,0.535699668,0.2261437908
4,970,18,2.1565294,296,0.0108827086,0.6089056328,0.3777777778
4,971,1,1.6144457,158,6.045949E-4,0.4278621205,0.1973856209
4,972,10,1.8628219,180,0.0060459492,0.5108140698,0.2261437908
4,973,5,1.6144457,158,0.0030229746,0.4278621205,0.1973856209
3,974,6,1.0697098,47,0.0036275695,0.2459328342,0.0522875817
3,975,4,0.8619656,23,0.0024183797,0.1765510402,0.0209150327
3,976,14,1.3076391,52,0.0084643289,0.3253957588,0.0588235294
3,977,8,1.0207884,36,0.0048367594,0.2295942096,0.0379084967
3,978,8,1.1208336,84,0.0048367594,0.2630070099,0.1006535948
4,979,30,1.7702218,189,0.0181378476,0.4798877621,0.2379084967
4,980,16,1.7164973,150,0.0096735187,0.4619450123,0.1869281046
3,981,2,1.4028426,64,0.0012091898,0.3571915424,0.0745098039
3,982,0,1.31797,60,0,0.3288460422,0.0692810458
3,983,2,1.31797,60,0.0012091898,0.3288460422,0.0692810458
3,984,8,1.31797,60,0.0048367594,0.3288460422,0.0692810458
3,985,2,0.98558021,28,0.0012091898,0.2178354823,0.0274509804
3,986,8,1.1208336,50,0.0048367594,0.2630070099,0.0562091503
3,987,10,1.1191936,41,0.0060459492,0.2624592875,0.0444444444
3,988,12,1.4028426,64,0.0072551391,0.3571915424,0.0745098039
3,989,20,1.5395753,65,0.0120918984,0.4028571255,0.0758169935
4,990,52,1.6474625,43,0.0314389359,0.4388889738,0.0470588235
3,991,0,0.91666669,24,0,0.1948199486,0.0222222222
3,992,0,0.91666669,24,0,0.1948199486,0.0222222222
3,993,12,1.2123377,34,0.0072551391,0.2935672788,0.0352941176
3,994,0,0.91666669,24,0,0.1948199486,0.0222222222
3,995,8,1.1208336,40,0.0048367594,0.2630070099,0.0431372549
3,996,30,1.4803609,63,0.0181378476,0.3830808752,0.0732026144
3,997,18,1.2052853,32,0.0108827086,0.2912119391,0.0326797386
3,998,8,0.98558021,21,0.0048367594,0.2178354823,0.0183006536
3,999,6,0.8619656,17,0.0036275695,0.1765510402,0.0130718954
3,1000,6,0.84912294,15,0.0036275695,0.1722618865,0.0104575163
3,1001,6,0.84912294,14,0.0036275695,0.1722618865,0.0091503268
3,1002,6,0.84912294,14,0.0036275695,0.1722618865,0.0091503268
3,1003,6,0.84912294,18,0.0036275695,0.1722618865,0.014379085
3,1004,6,0.94787496,28,0.0036275695,0.2052427944,0.0274509804
3,1005,14,1.31797,44,0.0084643289,0.3288460422,0.0483660131
4,1006,97,1.9174613,61,0.0586457074,0.5290623752,0.0705882353
4,1007,49,1.7217885,45,0.0296251512,0.4637121517,0.0496732026
3,1008,10,1.1561403,33,0.0060459492,0.2747986372,0.0339869281
3,1009,6,0.8870222,23,0.0036275695,0.1849193694,0.0209150327
3,1010,6,0.87255627,13,0.0036275695,0.1800880808,0.0078431373
3,1011,4,0.70398736,9,0.0024183797,0.1237899344,0.0026143791
3,1012,0,0.33333334,7,0,0,0
3,1013,3,1.2241485,40,0.0018137848,0.2975118149,0.0431372549
3,1014,1,1.0445806,29,6.045949E-4,0.2375402583,0.0287581699
4,1015,106,2.1525943,126,0.0640870617,0.6075913998,0.1555555556
4,1016,32,1.7938285,115,0.0193470375,0.487771858,0.1411764706
4,1017,101,1.9912097,75,0.0610640871,0.5536926479,0.0888888889
3,1018,12,1.3873683,42,0.0072551391,0.3520234814,0.045751634
4,1019,34,1.6474625,46,0.0205562273,0.4388889738,0.0509803922
3,1020,4,1.0445806,31,0.0024183797,0.2375402583,0.031372549
3,1021,2,0.94787496,29,0.0012091898,0.2052427944,0.0287581699
3,1022,8,1.0952908,34,0.0048367594,0.254476301,0.0352941176
3,1023,6,0.84912294,19,0.0036275695,0.1722618865,0.0156862745
3,1024,4,0.70398736,10,0.0024183797,0.1237899344,0.0039215686
3,1025,0,0.33333334,7,0,0,0
3,1026,1,1.3006579,42,6.045949E-4,0.3230641982,0.045751634
3,1027,0,1.1561403,42,0,0.2747986372,0.045751634
3,1028,11,1.3006579,42,0.0066505441,0.3230641982,0.045751634
3,1029,1,0.80638385,25,6.045949E-4,0.1579880115,0.0235294118
4,1030,36,1.7841618,83,0.0217654172,0.4845434021,0.0993464052
3,1031,0,1.0952908,40,0,0.254476301,0.0431372549
3,1032,4,0.80638385,23,0.0024183797,0.1579880115,0.0209150327
3,1033,14,1.3076391,41,0.0084643289,0.3253957588,0.0444444444
3,1034,0,0.33333334,11,0,0,0.0052287582
3,1035,5,1.4652896,84,0.0030229746,0.3780474069,0.1006535948
3,1036,13,1.2063863,40,0.007859734,0.2915796478,0.0431372549
3,1037,12,1.4652896,84,0.0072551391,0.3780474069,0.1006535948
3,1038,12,1.4803609,69,0.0072551391,0.3830808752,0.0810457516
4,1039,4,1.6981779,75,0.0024183797,0.4558267532,0.0888888889
4,1040,88,2.3532479,98,0.0532043531,0.6746050962,0.1189542484
4,1041,7,1.6249448,93,0.0042321645,0.4313685789,0.1124183007
4,1042,44,2.1510253,76,0.0266021765,0.6070673898,0.0901960784
4,1043,26,1.8962001,95,0.015719468,0.5219616225,0.1150326797
4,1044,20,1.8135039,85,0.0120918984,0.4943429899,0.1019607843
4,1045,7,1.9614588,66,0.0042321645,0.5437565303,0.077124183
4,1046,9,1.8979635,75,0.0054413543,0.5225505576,0.0888888889
4,1047,3,1.8979635,75,0.0018137848,0.5225505576,0.0888888889
4,1048,3,1.8979635,75,0.0018137848,0.5225505576,0.0888888889
4,1049,5,1.6981779,75,0.0030229746,0.4558267532,0.0888888889
3,1050,0,1.3938289,73,0,0.3541811735,0.0862745098
4,1051,17,1.6812503,66,0.0102781137,0.4501733234,0.077124183
4,1052,42,1.7251066,110,0.0253929867,0.4648203209,0.1346405229
3,1053,12,1.2906152,56,0.0072551391,0.319710167,0.0640522876
3,1054,30,1.3988512,34,0.0181378476,0.3558585064,0.0352941176
3,1055,0,0.76619166,19,0,0.1445647427,0.0156862745
3,1056,0,0.76619166,19,0,0.1445647427,0.0156862745
3,1057,6,1.0102814,38,0.0036275695,0.2260851128,0.0405228758
3,1058,0,0.42239243,16,0,0.0297436917,0.0117647059
3,1059,4,1.2726263,65,0.0024183797,0.3137022873,0.0758169935
3,1060,6,1.2726263,65,0.0036275695,0.3137022873,0.0758169935
3,1061,1,0.76619166,27,6.045949E-4,0.1445647427,0.0261437909
3,1062,0,0.63684219,17,0,0.1013649889,0.0130718954
3,1063,19,1.3076391,40,0.0114873035,0.3253957588,0.0431372549
3,1064,0,0.68957245,22,0,0.1189756853,0.0196078431
3,1065,4,0.98558021,24,0.0024183797,0.2178354823,0.0222222222
3,1066,3,0.8619656,24,0.0018137848,0.1765510402,0.0222222222
3,1067,7,1.1208336,45,0.0042321645,0.2630070099,0.0496732026
2,1068,92,2.3674295,296,0.0556227328,0.6793414251,0.3777777778
2,1069,180,2.4703612,295,0.1088270859,0.7137182501,0.3764705882
2,1070,52,2.1887512,285,0.0314389359,0.6196669744,0.3633986928
4,1071,13,1.7429162,173,0.007859734,0.4707683185,0.2169934641
3,1072,2,1.3592209,85,0.0012091898,0.3426228959,0.1019607843
4,1073,26,2.0609944,179,0.015719468,0.5769991358,0.2248366013
4,1074,35,2.0609944,179,0.0211608222,0.5769991358,0.2248366013
3,1075,4,1.3592209,85,0.0024183797,0.3426228959,0.1019607843
4,1076,11,1.5887082,132,0.0066505441,0.4192663863,0.1633986928
4,1077,5,1.4255327,112,0.0030229746,0.364769515,0.137254902
4,1078,31,2.0730002,286,0.0187424426,0.5810087974,0.3647058824
2,1079,147,2.3081322,350,0.0888754535,0.659537488,0.4483660131
4,1080,34,1.8077145,144,0.0205562273,0.4924094632,0.1790849673
4,1081,71,2.0671797,150,0.0429262394,0.579064884,0.1869281046
3,1082,3,1.3006579,63,0.0018137848,0.3230641982,0.0732026144
4,1083,38,1.8470125,175,0.022974607,0.5055340932,0.2196078431
4,1084,2,1.6338958,175,0.0012091898,0.4343580074,0.2196078431
4,1085,2,1.6338958,175,0.0012091898,0.4343580074,0.2196078431
4,1086,16,1.9881526,323,0.0096735187,0.5526716467,0.4130718954
4,1087,8,1.3992285,116,0.0048367594,0.355984516,0.1424836601
4,1088,6,1.5598243,91,0.0036275695,0.4096198267,0.1098039216
3,1089,7,1.3076391,65,0.0042321645,0.3253957588,0.0758169935
3,1090,0,1.3006579,63,0,0.3230641982,0.0732026144
4,1091,140,2.2275536,99,0.084643289,0.6326260853,0.1202614379
4,1092,48,1.8344558,101,0.0290205562,0.5013404436,0.122875817
3,1093,3,1.1981546,55,0.0018137848,0.288830449,0.062745098
4,1094,28,1.7217885,58,0.0169286578,0.4637121517,0.0666666667
3,1095,2,1.1365665,40,0.0012091898,0.2682614373,0.0431372549
3,1096,9,1.5405476,58,0.0054413543,0.4031818514,0.0666666667
3,1097,1,0.94787496,34,6.045949E-4,0.2052427944,0.0352941176
3,1098,11,1.3938289,58,0.0066505441,0.3541811735,0.0666666667
3,1099,0,1.2726263,58,0,0.3137022873,0.0666666667
3,1100,9,1.4644111,55,0.0054413543,0.3777540081,0.062745098
3,1101,0,1.3938289,58,0,0.3541811735,0.0666666667
3,1102,1,1.3938289,58,6.045949E-4,0.3541811735,0.0666666667
2,1103,66,2.1181297,327,0.0399032648,0.5960810145,0.4183006536
3,1104,6,1.2621337,93,0.0036275695,0.3101979998,0.1124183007
3,1105,3,0.8870222,34,0.0018137848,0.1849193694,0.0352941176
3,1106,7,1.2829794,95,0.0042321645,0.3171599851,0.1150326797
2,1107,73,2.1496761,331,0.0441354293,0.606616788,0.4235294118
4,1108,5,2.0144124,325,0.0030229746,0.5614418171,0.4156862745
4,1109,19,1.5448366,97,0.0114873035,0.404614279,0.1176470588
3,1110,5,1,36,0.0030229746,0.2226513612,0.0379084967
3,1111,2,1.1950141,91,0.0012091898,0.2877815941,0.1098039216
3,1112,10,1.3034559,97,0.0060459492,0.323998666,0.1176470588
3,1113,6,0.8870222,31,0.0036275695,0.1849193694,0.031372549
3,1114,6,0.87255627,13,0.0036275695,0.1800880808,0.0078431373
3,1115,4,0.70398736,9,0.0024183797,0.1237899344,0.0026143791
3,1116,0,0.33333334,7,0,0,0
4,1117,0,1.9516727,323,0,0.5404881975,0.4130718954
4,1118,35,1.7704608,158,0.0211608222,0.4799675826,0.1973856209
3,1119,5,1.0983083,86,0.0030229746,0.2554840767,0.1032679739
4,1120,25,1.9605217,269,0.015114873,0.5434435604,0.3424836601
3,1121,4,0.87255627,22,0.0024183797,0.1800880808,0.0196078431
3,1122,3,1.0983083,86,0.0018137848,0.2554840767,0.1032679739
4,1123,23,1.9605217,269,0.0139056832,0.5434435604,0.3424836601
4,1124,31,1.8104258,156,0.0187424426,0.4933149752,0.1947712418
4,1125,107,2.1103904,113,0.0646916566,0.5934962659,0.1385620915
4,1126,57,2.1181297,251,0.0344619105,0.5960810145,0.3189542484
2,1127,217,2.2908418,154,0.1311970979,0.6537628913,0.1921568627
4,1128,78,2.171875,174,0.0471584039,0.614030711,0.2183006536
4,1129,29,1.5785179,86,0.0175332527,0.41586306,0.1032679739
4,1130,34,1.6118186,77,0.0205562273,0.4269847294,0.091503268
3,1131,2,0.9792943,38,0.0012091898,0.2157361327,0.0405228758
3,1132,2,0.70398736,17,0.0012091898,0.1237899344,0.0130718954
3,1133,2,0.9792943,38,0.0012091898,0.2157361327,0.0405228758
4,1134,15,1.7325417,93,0.0090689238,0.4673034736,0.1124183007
4,1135,14,1.7488363,98,0.0084643289,0.472745496,0.1189542484
3,1136,3,1.1779915,75,0.0018137848,0.2820964364,0.0888888889
4,1137,26,1.9447519,148,0.015719468,0.5381768092,0.1843137255
4,1138,18,1.5226898,80,0.0108827086,0.3972177561,0.0954248366
3,1139,0,1.3636364,75,0,0.3440975716,0.0888888889
3,1140,10,1.1191936,46,0.0060459492,0.2624592875,0.0509803922
3,1141,6,0.8870222,31,0.0036275695,0.1849193694,0.031372549
3,1142,6,1.0102814,42,0.0036275695,0.2260851128,0.045751634
4,1143,18,1.5226898,79,0.0108827086,0.3972177561,0.0941176471
3,1144,10,1.3006579,51,0.0060459492,0.3230641982,0.0575163399
3,1145,6,1.1191936,46,0.0036275695,0.2624592875,0.0509803922
3,1146,7,1.0952908,47,0.0042321645,0.254476301,0.0522875817
3,1147,6,1.1981546,65,0.0036275695,0.288830449,0.0758169935
3,1148,14,1.2123377,46,0.0084643289,0.2935672788,0.0509803922
3,1149,12,1.4382962,69,0.0072551391,0.369032231,0.0810457516
3,1150,8,0.98510355,21,0.0048367594,0.2176762888,0.0183006536
3,1151,4,0.69804502,12,0.0024183797,0.1218053292,0.0065359477
3,1152,0,0.33333334,8,0,0,0.0013071895
4,1153,18,1.5346701,85,0.0108827086,0.4012189013,0.1019607843
4,1154,26,1.4896638,99,0.015719468,0.3861878302,0.1202614379
4,1155,31,1.9201292,219,0.0187424426,0.5299533926,0.277124183
3,1156,6,1.1768752,75,0.0036275695,0.2817236179,0.0888888889
4,1157,14,1.8129247,211,0.0084643289,0.4941495504,0.2666666667
3,1158,5,1.2639573,96,0.0030229746,0.3108070403,0.1163398693
3,1159,6,1,37,0.0036275695,0.2226513612,0.0392156863
3,1160,13,1.31797,77,0.007859734,0.3288460422,0.091503268
4,1161,38,1.8188498,160,0.022974607,0.4961283978,0.2
3,1162,13,1.4028426,67,0.007859734,0.3571915424,0.0784313726
3,1163,16,1.3270249,36,0.0096735187,0.331870171,0.0379084967
3,1164,8,1,27,0.0048367594,0.2226513612,0.0261437909
3,1165,6,0.8870222,29,0.0036275695,0.1849193694,0.0287581699
3,1166,8,1.1460608,61,0.0048367594,0.2714323156,0.0705882353
4,1167,55,1.9202406,163,0.0332527207,0.5299905976,0.2039215686
3,1168,25,1.4666082,67,0.015114873,0.3784877891,0.0784313726
3,1169,1,1.4244281,38,6.045949E-4,0.3644006039,0.0405228758
3,1170,0,0.80638385,31,0,0.1579880115,0.031372549
3,1171,10,1.3304729,65,0.0060459492,0.3330217238,0.0758169935
3,1172,4,1.1,34,0.0024183797,0.2560490657,0.0352941176
3,1173,0,1.054376,87,0,0.240811697,0.1045751634
4,1174,22,1.8020762,161,0.0133010883,0.4905264005,0.2013071895
3,1175,3,1.0405263,67,0.0018137848,0.2361862151,0.0784313726
4,1176,2,1.5490618,134,0.0012091898,0.4060253988,0.1660130719
4,1177,4,1.6791822,143,0.0024183797,0.4494826255,0.1777777778
4,1178,9,1.6791822,143,0.0054413543,0.4494826255,0.1777777778
3,1179,4,1.1191936,65,0.0024183797,0.2624592875,0.0758169935
4,1180,8,1.6791822,143,0.0048367594,0.4494826255,0.1777777778
4,1181,6,1.7484829,234,0.0036275695,0.4726274685,0.2967320261
4,1182,19,1.951013,248,0.0114873035,0.5402678728,0.3150326797
4,1183,19,1.5212561,105,0.0114873035,0.3967389332,0.1281045752
4,1184,35,2.0603385,284,0.0211608222,0.5767800803,0.3620915033
3,1185,0,0.73918515,37,0,0.1355451883,0.0392156863
3,1186,2,1.152335,84,0.0012091898,0.2735277544,0.1006535948
4,1187,3,1.9891347,283,0.0018137848,0.5529996456,0.3607843137
3,1188,7,0.98558021,20,0.0042321645,0.2178354823,0.0169934641
3,1189,4,0.84912294,16,0.0024183797,0.1722618865,0.0117647059
3,1190,3,0.84912294,16,0.0018137848,0.1722618865,0.0117647059
3,1191,5,0.98558021,20,0.0030229746,0.2178354823,0.0169934641
3,1192,10,1.1561403,48,0.0060459492,0.2747986372,0.0535947712
3,1193,0,0.56608194,19,0,0.0777326897,0.0156862745
3,1194,18,1.3791449,16,0.0108827086,0.3492770546,0.0117647059
3,1195,8,1,20,0.0048367594,0.2226513612,0.0169934641
3,1196,8,0.98558021,24,0.0048367594,0.2178354823,0.0222222222
3,1197,12,1.1058542,44,0.0072551391,0.2580042341,0.0483660131
4,1198,11,1.469555,113,0.0066505441,0.3794719526,0.1385620915
4,1199,1,1.469555,113,6.045949E-4,0.3794719526,0.1385620915
3,1200,0,0.63684219,13,0,0.1013649889,0.0078431373
3,1201,14,1.2736844,13,0.0084643289,0.3140556684,0.0078431373
3,1202,0,0.58170414,11,0,0.0829501459,0.0052287582
4,1203,34,1.5992693,84,0.0205562273,0.4227935513,0.1006535948
4,1204,78,1.9174613,62,0.0471584039,0.5290623752,0.0718954248
4,1205,205,2.8443856,56,0.1239419589,0.838633814,0.0640522876
3,1206,0,1.054376,41,0,0.240811697,0.0444444444
3,1207,0,1.054376,41,0,0.240811697,0.0444444444
3,1208,13,1.5364467,45,0.007859734,0.4018122449,0.0496732026
3,1209,5,1.5364467,45,0.0030229746,0.4018122449,0.0496732026
3,1210,2,0.9216888,32,0.0012091898,0.196497218,0.0326797386
3,1211,3,1.606352,46,0.0018137848,0.4251590105,0.0509803922
3,1212,0,1.4028426,45,0,0.3571915424,0.0496732026
3,1213,0,1.4028426,45,0,0.3571915424,0.0496732026
3,1214,13,1.3076391,39,0.007859734,0.3253957588,0.0418300654
4,1215,31,1.8135039,50,0.0187424426,0.4943429899,0.0562091503
3,1216,8,1.1708162,43,0.0048367594,0.2797000509,0.0470588235
3,1217,6,0.8619656,28,0.0036275695,0.1765510402,0.0274509804
3,1218,0,0.72781962,24,0,0.1317493621,0.0222222222
3,1219,12,1.606352,46,0.0072551391,0.4251590105,0.0509803922
3,1220,0,1.4028426,45,0,0.3571915424,0.0496732026
3,1221,22,1.6037242,48,0.0133010883,0.4242813856,0.0535947712
3,1222,6,1.0405263,35,0.0036275695,0.2361862151,0.0366013072
3,1223,4,0.70398736,17,0.0024183797,0.1237899344,0.0130718954
3,1224,0,0.33333334,7,0,0,0
3,1225,6,0.8619656,21,0.0036275695,0.1765510402,0.0183006536
3,1226,8,1.0445806,53,0.0048367594,0.2375402583,0.060130719
4,1227,30,1.727844,138,0.0181378476,0.4657345496,0.1712418301
3,1228,0,0.78571427,49,0,0.1510848463,0.0549019608
3,1229,12,1.2052853,58,0.0072551391,0.2912119391,0.0666666667
3,1230,11,1.2222222,29,0.0066505441,0.2968684749,0.0287581699
3,1231,3,1.2222222,29,0.0018137848,0.2968684749,0.0287581699
4,1232,14,1.7144747,142,0.0084643289,0.4612695103,0.1764705882
4,1233,14,1.7026527,144,0.0084643289,0.4573212337,0.1790849673
3,1234,10,1.1768752,62,0.0060459492,0.2817236179,0.0718954248
4,1235,54,1.8528867,143,0.0326481258,0.5074959411,0.1777777778
3,1236,0,0.95710868,57,0,0.2083266449,0.0653594771
3,1237,8,1.0697098,57,0.0048367594,0.2459328342,0.0653594771
3,1238,16,1.3845592,62,0.0096735187,0.3510853065,0.0718954248
3,1239,2,0.84912294,20,0.0012091898,0.1722618865,0.0169934641
3,1240,0,0.49860358,17,0,0.0551964664,0.0130718954
3,1241,0,0.80638385,20,0,0.1579880115,0.0169934641
3,1242,6,0.87255627,11,0.0036275695,0.1800880808,0.0052287582
3,1243,6,0.84912294,13,0.0036275695,0.1722618865,0.0078431373
3,1244,6,0.84912294,14,0.0036275695,0.1722618865,0.0091503268
3,1245,6,0.84912294,16,0.0036275695,0.1722618865,0.0117647059
3,1246,10,1.1058542,24,0.0060459492,0.2580042341,0.0222222222
3,1247,6,0.8870222,20,0.0036275695,0.1849193694,0.0169934641
3,1248,4,0.70398736,9,0.0024183797,0.1237899344,0.0026143791
3,1249,0,0.33333334,7,0,0,0
3,1250,0,0.62688404,41,0,0.0980391954,0.0444444444
3,1251,7,1.2186118,55,0.0042321645,0.2956626842,0.062745098
4,1252,16,1.5226898,77,0.0096735187,0.3972177561,0.091503268
4,1253,17,1.5887082,84,0.0102781137,0.4192663863,0.1006535948
4,1254,222,2.3121264,116,0.1342200726,0.6608714591,0.1424836601
3,1255,14,1.31797,43,0.0084643289,0.3288460422,0.0470588235
3,1256,8,1.1950141,63,0.0048367594,0.2877815941,0.0732026144
4,1257,35,1.7297633,111,0.0211608222,0.4663755518,0.1359477124
2,1258,250,2.4607673,154,0.1511487304,0.7105141077,0.1921568627
2,1259,281,2.4637816,142,0.1698911729,0.7115208147,0.1764705882
4,1260,22,1.7297633,166,0.0133010883,0.4663755518,0.2078431373
3,1261,10,1.1561403,48,0.0060459492,0.2747986372,0.0535947712
3,1262,0,0.56608194,19,0,0.0777326897,0.0156862745
3,1263,0,0.58170414,11,0,0.0829501459,0.0052287582
4,1264,121,2.1594694,103,0.0731559855,0.6098875253,0.1254901961
3,1265,10,1.5,76,0.0060459492,0.3896398838,0.0901960784
4,1266,15,1.6857162,90,0.0090689238,0.4516648315,0.108496732
4,1267,31,1.6700469,73,0.0187424426,0.446431645,0.0862745098
4,1268,58,1.8833622,94,0.0350665054,0.5176740585,0.1137254902
3,1269,3,1.1460608,53,0.0018137848,0.2714323156,0.060130719
4,1270,7,1.5469,89,0.0042321645,0.4053034072,0.1071895425
4,1271,18,1.5469,89,0.0108827086,0.4053034072,0.1071895425
3,1272,0,0.78060293,41,0,0.1493777761,0.0444444444
3,1273,14,1.390353,66,0.0084643289,0.3530203027,0.077124183
3,1274,4,0.80638385,33,0.0024183797,0.1579880115,0.0339869281
3,1275,0,0.33333334,11,0,0,0.0052287582
3,1276,18,1.2123377,40,0.0108827086,0.2935672788,0.0431372549
4,1277,56,1.7269484,68,0.0338573156,0.4654354398,0.0797385621
3,1278,8,1.0697098,40,0.0048367594,0.2459328342,0.0431372549
3,1279,0,0.49860358,18,0,0.0551964664,0.014379085
3,1280,1,1.0697098,40,6.045949E-4,0.2459328342,0.0431372549
3,1281,2,1.3272201,65,0.0012091898,0.3319353633,0.0758169935
3,1282,0,0.63684219,19,0,0.1013649889,0.0156862745
3,1283,0,0.63684219,19,0,0.1013649889,0.0156862745
3,1284,17,1.5110798,70,0.0102781137,0.3933402826,0.0823529412
3,1285,4,0.9792943,36,0.0024183797,0.2157361327,0.0379084967
3,1286,3,0.84912294,20,0.0018137848,0.1722618865,0.0169934641
3,1287,5,1.0697098,37,0.0030229746,0.2459328342,0.0392156863
4,1288,36,1.6118186,70,0.0217654172,0.4269847294,0.0823529412
3,1289,0,0.87048382,35,0,0.1793959301,0.0366013072
4,1290,3,1.5717616,87,0.0018137848,0.4136066109,0.1045751634
4,1291,26,1.7001897,90,0.015719468,0.4564986482,0.108496732
4,1292,19,1.7164973,100,0.0114873035,0.4619450123,0.1215686275
4,1293,19,1.7164973,100,0.0114873035,0.4619450123,0.1215686275
3,1294,16,1.4516129,68,0.0096735187,0.3734797031,0.0797385621
3,1295,0,0.73333335,31,0,0.1335908214,0.031372549
3,1296,22,1.3304729,54,0.0133010883,0.3330217238,0.0614379085
3,1297,6,0.8619656,26,0.0036275695,0.1765510402,0.0248366013
3,1298,0,0.42239243,11,0,0.0297436917,0.0052287582
3,1299,0,0.68957245,26,0,0.1189756853,0.0248366013
4,1300,14,1.5592309,99,0.0084643289,0.4094216447,0.1202614379
3,1301,6,0.94787496,43,0.0036275695,0.2052427944,0.0470588235
3,1302,6,0.84912294,18,0.0036275695,0.1722618865,0.014379085
3,1303,6,0.84912294,18,0.0036275695,0.1722618865,0.014379085
3,1304,6,0.94787496,43,0.0036275695,0.2052427944,0.0470588235
4,1305,14,1.5592309,99,0.0084643289,0.4094216447,0.1202614379
4,1306,103,1.9999412,129,0.0622732769,0.5566087685,0.1594771242
3,1307,9,1.3592209,66,0.0054413543,0.3426228959,0.077124183
3,1308,16,1.3076391,43,0.0096735187,0.3253957588,0.0470588235
3,1309,23,1.3873369,56,0.0139056832,0.3520129945,0.0640522876
3,1310,0,0.42239243,12,0,0.0297436917,0.0065359477
3,1311,6,0.8870222,24,0.0036275695,0.1849193694,0.0222222222
3,1312,8,1.2726263,50,0.0048367594,0.3137022873,0.0562091503
4,1313,56,1.7852225,79,0.0338573156,0.4848976515,0.0941176471
3,1314,27,1.4644111,47,0.0163240629,0.3777540081,0.0522875817
3,1315,0,0.80638385,27,0,0.1579880115,0.0261437909
3,1316,3,1.3006579,40,0.0018137848,0.3230641982,0.0431372549
4,1317,47,1.7217885,46,0.0284159613,0.4637121517,0.0509803922
3,1318,10,1.4135897,55,0.0060459492,0.3607808271,0.062745098
3,1319,30,1.569167,42,0.0181378476,0.4127400741,0.045751634
3,1320,6,1.1365665,32,0.0036275695,0.2682614373,0.0326797386
3,1321,5,1.3006579,40,0.0030229746,0.3230641982,0.0431372549
3,1322,10,1.2989333,36,0.0060459492,0.3224882214,0.0379084967
3,1323,14,1.2052853,31,0.0084643289,0.2912119391,0.031372549
3,1324,8,1,29,0.0048367594,0.2226513612,0.0287581699
3,1325,8,1.0445806,30,0.0048367594,0.2375402583,0.0300653595
3,1326,19,1.3873683,39,0.0114873035,0.3520234814,0.0418300654
3,1327,15,1.2123377,48,0.0090689238,0.2935672788,0.0535947712
3,1328,12,1.4337122,93,0.0072551391,0.3675012802,0.1124183007
3,1329,37,1.5405476,48,0.0223700121,0.4031818514,0.0535947712
3,1330,5,1.1191936,34,0.0030229746,0.2624592875,0.0352941176
3,1331,16,1.4791844,78,0.0096735187,0.3826879512,0.0928104575
3,1332,10,1.2196002,61,0.0060459492,0.2959927871,0.0705882353
3,1333,0,0.56608194,22,0,0.0777326897,0.0196078431
3,1334,18,1.3270249,30,0.0108827086,0.331870171,0.0300653595
3,1335,1,0.8619656,20,6.045949E-4,0.1765510402,0.0169934641
3,1336,2,0.70398736,13,0.0012091898,0.1237899344,0.0078431373
3,1337,3,0.8619656,20,0.0018137848,0.1765510402,0.0169934641
3,1338,16,1.2241485,36,0.0096735187,0.2975118149,0.0379084967
3,1339,6,1.1058542,35,0.0036275695,0.2580042341,0.0366013072
3,1340,26,1.3938289,52,0.015719468,0.3541811735,0.0588235294
3,1341,2,1.1058542,35,0.0012091898,0.2580042341,0.0366013072
3,1342,10,1.1,28,0.0060459492,0.2560490657,0.0274509804
3,1343,6,0.8619656,17,0.0036275695,0.1765510402,0.0130718954
3,1344,4,0.70398736,11,0.0024183797,0.1237899344,0.0052287582
3,1345,0,0.33333334,7,0,0,0
4,1346,22,1.6413553,86,0.0133010883,0.4368493092,0.1032679739
4,1347,22,1.4380959,105,0.0133010883,0.3689653354,0.1281045752
3,1348,0,0.68957245,31,0,0.1189756853,0.031372549
3,1349,0,0.68957245,31,0,0.1189756853,0.031372549
4,1350,16,1.7104453,158,0.0096735187,0.4599237832,0.1973856209
3,1351,6,1.2241485,59,0.0036275695,0.2975118149,0.0679738562
3,1352,3,1.3791449,28,0.0018137848,0.3492770546,0.0274509804
3,1353,6,1.2241485,59,0.0036275695,0.2975118149,0.0679738562
3,1354,4,1.3791449,28,0.0024183797,0.3492770546,0.0274509804
3,1355,4,1.2241485,59,0.0024183797,0.2975118149,0.0679738562
4,1356,41,2.0031416,269,0.0247883918,0.5576776286,0.3424836601
4,1357,18,1.5592874,132,0.0108827086,0.4094405144,0.1633986928
3,1358,2,0.91666669,41,0.0012091898,0.1948199486,0.0444444444
3,1359,1,1.0983083,87,6.045949E-4,0.2554840767,0.1045751634
2,1360,54,2.0524201,324,0.0326481258,0.5741355164,0.414379085
3,1361,0,1.013823,83,0,0.2272679259,0.0993464052
3,1362,6,1.0983083,83,0.0036275695,0.2554840767,0.0993464052
3,1363,0,0.42239243,19,0,0.0297436917,0.0156862745
3,1364,30,1.5154221,29,0.0181378476,0.3947905112,0.0287581699
3,1365,18,1.2052853,26,0.0108827086,0.2912119391,0.0248366013
3,1366,0,0.63684219,17,0,0.1013649889,0.0130718954
3,1367,8,1,26,0.0048367594,0.2226513612,0.0248366013
3,1368,8,1.0207884,26,0.0048367594,0.2295942096,0.0248366013
3,1369,16,1.3270249,30,0.0096735187,0.331870171,0.0300653595
3,1370,4,0.98558021,25,0.0024183797,0.2178354823,0.0235294118
3,1371,3,0.8619656,19,0.0018137848,0.1765510402,0.0156862745
3,1372,0,0.80638385,25,0,0.1579880115,0.0235294118
3,1373,8,1.0697098,28,0.0048367594,0.2459328342,0.0274509804
3,1374,8,1,26,0.0048367594,0.2226513612,0.0248366013
3,1375,15,1.2222222,24,0.0090689238,0.2968684749,0.0222222222
3,1376,5,0.98558021,21,0.0030229746,0.2178354823,0.0183006536
3,1377,6,1,23,0.0036275695,0.2226513612,0.0209150327
3,1378,21,1.3270249,26,0.0126964933,0.331870171,0.0248366013
3,1379,21,1.2989333,31,0.0126964933,0.3224882214,0.031372549
3,1380,10,1.1191936,30,0.0060459492,0.2624592875,0.0300653595
3,1381,8,1.1058542,26,0.0048367594,0.2580042341,0.0248366013
3,1382,14,1.2063863,28,0.0084643289,0.2915796478,0.0274509804
3,1383,17,1.3057258,30,0.0102781137,0.3247567605,0.0300653595
3,1384,18,1.2989333,32,0.0108827086,0.3224882214,0.0326797386
3,1385,22,1.3988512,32,0.0133010883,0.3558585064,0.0326797386
3,1386,10,1.1191936,33,0.0060459492,0.2624592875,0.0339869281
3,1387,6,1.1,25,0.0036275695,0.2560490657,0.0235294118
3,1388,8,0.98558021,25,0.0048367594,0.2178354823,0.0235294118
3,1389,6,0.8870222,20,0.0036275695,0.1849193694,0.0169934641
3,1390,8,0.98558021,22,0.0048367594,0.2178354823,0.0196078431
3,1391,14,1.2222222,24,0.0084643289,0.2968684749,0.0222222222
3,1392,6,1.1058542,27,0.0036275695,0.2580042341,0.0261437909
3,1393,10,1.2736844,18,0.0060459492,0.3140556684,0.014379085
3,1394,4,1.0207884,39,0.0024183797,0.2295942096,0.0418300654
3,1395,4,1.0189475,18,0.0024183797,0.2289793913,0.014379085
3,1396,0,0.58170414,13,0,0.0829501459,0.0078431373
3,1397,8,1,22,0.0048367594,0.2226513612,0.0196078431
3,1398,6,0.8619656,18,0.0036275695,0.1765510402,0.014379085
3,1399,6,0.84912294,15,0.0036275695,0.1722618865,0.0104575163
3,1400,6,0.84912294,13,0.0036275695,0.1722618865,0.0078431373
3,1401,6,0.87255627,11,0.0036275695,0.1800880808,0.0052287582
3,1402,4,0.70398736,9,0.0024183797,0.1237899344,0.0026143791
3,1403,0,0.33333334,7,0,0,0
3,1404,3,0.84912294,18,0.0018137848,0.1722618865,0.014379085
3,1405,2,0.8619656,20,0.0012091898,0.1765510402,0.0169934641
3,1406,0,0.73918515,28,0,0.1355451883,0.0274509804
3,1407,0,0.73918515,28,0,0.1355451883,0.0274509804
3,1408,0,1.3272201,63,0,0.3319353633,0.0732026144
4,1409,38,1.6693437,106,0.022974607,0.4461967923,0.1294117647
3,1410,0,0.87048382,42,0,0.1793959301,0.045751634
3,1411,0,0.87048382,42,0,0.1793959301,0.045751634
4,1412,0,1.5302317,106,0,0.3997365776,0.1294117647
4,1413,33,1.7164973,108,0.0199516324,0.4619450123,0.1320261438
4,1414,21,2.3343706,162,0.0126964933,0.6683005113,0.2026143791
4,1415,0,1.8950444,115,0,0.5215756452,0.1411764706
1,1416,770,3.0780914,177,0.4655380895,0.9166861865,0.2222222222
4,1417,34,2.0180571,118,0.0205562273,0.5626590632,0.1450980392
3,1418,4,1.3068799,76,0.0024183797,0.3251422034,0.0901960784
3,1419,13,1.4244281,50,0.007859734,0.3644006039,0.0562091503
4,1420,29,1.7081656,94,0.0175332527,0.4591624158,0.1137254902
4,1421,1,2.0180571,118,6.045949E-4,0.5626590632,0.1450980392
4,1422,5,2.0180571,118,0.0030229746,0.5626590632,0.1450980392
4,1423,38,2.1057987,118,0.022974607,0.5919627436,0.1450980392
3,1424,4,1.3068799,76,0.0024183797,0.3251422034,0.0901960784
4,1425,8,1.9756846,115,0.0048367594,0.5485076209,0.1411764706
3,1426,0,1.1663449,66,0,0.2782067394,0.077124183
4,1427,26,1.9756846,115,0.015719468,0.5485076209,0.1411764706
4,1428,38,2.0180571,116,0.022974607,0.5626590632,0.1424836601
3,1429,4,1.1917311,67,0.0024183797,0.2866851474,0.0784313726
3,1430,0,0.33333334,23,0,0,0.0209150327
4,1431,27,2.0186343,115,0.0163240629,0.5628518348,0.1411764706
4,1432,7,1.9756846,115,0.0042321645,0.5485076209,0.1411764706
3,1433,1,1.2027932,66,6.045949E-4,0.2903796349,0.077124183
4,1434,0,1.8950444,115,0,0.5215756452,0.1411764706
4,1435,25,2.0609944,116,0.015114873,0.5769991358,0.1424836601
4,1436,13,2.0180571,116,0.007859734,0.5626590632,0.1424836601
3,1437,9,1.3034559,68,0.0054413543,0.323998666,0.0797385621
3,1438,0,0.58170414,31,0,0.0829501459,0.031372549
4,1439,5,1.8193674,138,0.0030229746,0.4963012643,0.1712418301
4,1440,32,1.5517242,86,0.0193470375,0.4069145793,0.1032679739
3,1441,0,0.84615386,33,0,0.171270282,0.0339869281
3,1442,0,0.84615386,33,0,0.171270282,0.0339869281
4,1443,0,1.7026527,136,0,0.4573212337,0.168627451
3,1444,3,1.0102814,64,0.0018137848,0.2260851128,0.0745098039
3,1445,2,1.0102814,47,0.0012091898,0.2260851128,0.0522875817
4,1446,34,1.8351884,138,0.0205562273,0.5015851152,0.1712418301
4,1447,32,1.7626089,109,0.0193470375,0.4773452282,0.1333333333
3,1448,18,1.4652896,71,0.0108827086,0.3780474069,0.0836601307
3,1449,2,1.1208336,50,0.0012091898,0.2630070099,0.0562091503
3,1450,4,0.8870222,34,0.0024183797,0.1849193694,0.0352941176
3,1451,12,1.3815587,71,0.0072551391,0.3500832084,0.0836601307
3,1452,0,0.73918515,33,0,0.1355451883,0.0339869281
3,1453,17,1.2063863,32,0.0102781137,0.2915796478,0.0326797386
3,1454,10,1.1,26,0.0060459492,0.2560490657,0.0248366013
3,1455,8,0.98558021,21,0.0048367594,0.2178354823,0.0183006536
3,1456,6,0.8619656,24,0.0036275695,0.1765510402,0.0222222222
3,1457,6,1.0405263,49,0.0036275695,0.2361862151,0.0549019608
4,1458,20,1.6546941,110,0.0120918984,0.4413041622,0.1346405229
3,1459,0,1.3272201,63,0,0.3319353633,0.0732026144
4,1460,16,1.6322472,120,0.0096735187,0.4338074129,0.1477124183
3,1461,8,1.0445806,29,0.0048367594,0.2375402583,0.0287581699
3,1462,0,0.49860358,17,0,0.0551964664,0.0130718954
3,1463,8,0.98558021,24,0.0048367594,0.2178354823,0.0222222222
3,1464,6,0.84912294,16,0.0036275695,0.1722618865,0.0117647059
3,1465,4,0.70398736,10,0.0024183797,0.1237899344,0.0039215686
3,1466,0,0.33333334,7,0,0,0
3,1467,7,1.2052853,43,0.0042321645,0.2912119391,0.0470588235
3,1468,9,1.238816,48,0.0054413543,0.3024104232,0.0535947712
3,1469,5,1.2052853,43,0.0030229746,0.2912119391,0.0470588235
3,1470,1,0.84912294,23,6.045949E-4,0.1722618865,0.0209150327
4,1471,47,1.7914909,88,0.0284159613,0.4869911532,0.1058823529
3,1472,5,1.2196002,56,0.0030229746,0.2959927871,0.0640522876
3,1473,1,1.0952908,48,6.045949E-4,0.254476301,0.0535947712
4,1474,108,2.0993643,78,0.0652962515,0.5898138017,0.0928104575
3,1475,4,1.0445806,36,0.0024183797,0.2375402583,0.0379084967
3,1476,4,1,30,0.0024183797,0.2226513612,0.0300653595
3,1477,0,0.73918515,27,0,0.1355451883,0.0261437909
3,1478,22,1.4028426,51,0.0133010883,0.3571915424,0.0575163399
3,1479,25,1.5395753,56,0.015114873,0.4028571255,0.0640522876
4,1480,60,1.7257152,71,0.0362756953,0.4650235793,0.0836601307
3,1481,5,1.3443909,71,0.0030229746,0.3376700164,0.0836601307
3,1482,4,1.3443909,71,0.0024183797,0.3376700164,0.0836601307
3,1483,1,1.3443909,71,6.045949E-4,0.3376700164,0.0836601307
3,1484,14,1.3443909,54,0.0084643289,0.3376700164,0.0614379085
3,1485,26,1.4135897,75,0.015719468,0.3607808271,0.0888888889
3,1486,42,1.5405476,56,0.0253929867,0.4031818514,0.0640522876
3,1487,9,1.1058542,29,0.0054413543,0.2580042341,0.0287581699
3,1488,3,0.9792943,41,0.0018137848,0.2157361327,0.0444444444
3,1489,10,1.4221928,88,0.0060459492,0.363654065,0.1058823529
4,1490,162,2.2203498,164,0.0979443773,0.6302201814,0.2052287582
4,1491,16,1.507236,97,0.0096735187,0.3920565417,0.1176470588
3,1492,11,1.2989333,43,0.0066505441,0.3224882214,0.0470588235
3,1493,12,1.2241485,50,0.0072551391,0.2975118149,0.0562091503
3,1494,7,1.2052853,41,0.0042321645,0.2912119391,0.0444444444
3,1495,9,1.3746208,56,0.0054413543,0.347766109,0.0640522876
4,1496,12,1.5594513,107,0.0072551391,0.4094952533,0.1307189542
4,1497,28,1.6413553,96,0.0169286578,0.4368493092,0.1163398693
3,1498,6,1.0952908,44,0.0036275695,0.254476301,0.0483660131
4,1499,25,1.5110798,87,0.015114873,0.3933402826,0.1045751634
3,1500,6,0.91666669,34,0.0036275695,0.1948199486,0.0352941176
3,1501,0,0.42239243,14,0,0.0297436917,0.0091503268
3,1502,0,0.84615386,27,0,0.171270282,0.0261437909
4,1503,0,1.8950444,115,0,0.5215756452,0.1411764706
4,1504,0,1.8950444,115,0,0.5215756452,0.1411764706
3,1505,12,1.2906152,47,0.0072551391,0.319710167,0.0522875817
3,1506,30,1.4635203,45,0.0181378476,0.3774565014,0.0496732026
3,1507,6,0.91666669,25,0.0036275695,0.1948199486,0.0235294118
3,1508,0,0.42239243,13,0,0.0297436917,0.0078431373
4,1509,68,1.7669872,43,0.0411124547,0.4788074799,0.0470588235
3,1510,34,1.5405476,38,0.0205562273,0.4031818514,0.0405228758
3,1511,18,1.2123377,30,0.0108827086,0.2935672788,0.0300653595
3,1512,0,0.63684219,18,0,0.1013649889,0.014379085
3,1513,8,0.98558021,23,0.0048367594,0.2178354823,0.0209150327
3,1514,6,0.8870222,20,0.0036275695,0.1849193694,0.0169934641
3,1515,8,0.98558021,19,0.0048367594,0.2178354823,0.0156862745
3,1516,18,1.2671746,18,0.0108827086,0.3118815446,0.014379085
3,1517,6,0.84912294,14,0.0036275695,0.1722618865,0.0091503268
3,1518,0,0.42239243,10,0,0.0297436917,0.0039215686
3,1519,8,1.0697098,30,0.0048367594,0.2459328342,0.0300653595
3,1520,6,0.8619656,22,0.0036275695,0.1765510402,0.0196078431
3,1521,6,0.8619656,18,0.0036275695,0.1765510402,0.014379085
3,1522,8,0.98558021,18,0.0048367594,0.2178354823,0.014379085
3,1523,0,0.33333334,10,0,0,0.0039215686
3,1524,4,0.76619166,19,0.0024183797,0.1445647427,0.0156862745
3,1525,12,1.2123377,30,0.0072551391,0.2935672788,0.0300653595
3,1526,0,0.9792943,29,0,0.2157361327,0.0287581699
3,1527,12,1.238816,38,0.0072551391,0.3024104232,0.0405228758
3,1528,8,1.0952908,39,0.0048367594,0.254476301,0.0418300654
3,1529,10,1.1058542,33,0.0060459492,0.2580042341,0.0339869281
3,1530,4,0.72781962,16,0.0024183797,0.1317493621,0.0117647059
3,1531,0,0.33333334,9,0,0,0.0026143791
3,1532,12,1.3815587,72,0.0072551391,0.3500832084,0.0849673203
3,1533,0,1.3068799,72,0,0.3251422034,0.0849673203
3,1534,0,0.62688404,32,0,0.0980391954,0.0326797386
4,1535,0,1.5352089,89,0,0.4013988482,0.1071895425
4,1536,12,1.7429162,103,0.0072551391,0.4707683185,0.1254901961
3,1537,31,1.5364467,60,0.0187424426,0.4018122449,0.0692810458
3,1538,10,1.375,32,0.0060459492,0.3478927531,0.0326797386
3,1539,4,1.1087778,22,0.0024183797,0.2589806494,0.0196078431
3,1540,2,0.98558021,22,0.0012091898,0.2178354823,0.0196078431
4,1541,26,1.8333334,32,0.015719468,0.5009655878,0.0326797386
3,1542,0,0.80638385,22,0,0.1579880115,0.0196078431
3,1543,2,1.1087778,22,0.0012091898,0.2589806494,0.0196078431
4,1544,10,1.7429162,103,0.0060459492,0.4707683185,0.1254901961
4,1545,20,1.6100973,89,0.0120918984,0.4264098547,0.1071895425
3,1546,0,0.82466888,43,0,0.1640947918,0.0470588235
4,1547,14,1.9145788,134,0.0084643289,0.5280996864,0.1660130719
4,1548,1,1.4831443,109,6.045949E-4,0.3840104669,0.1333333333
3,1549,6,0.94787496,36,0.0036275695,0.2052427944,0.0379084967
3,1550,0,0.42239243,14,0,0.0297436917,0.0091503268
3,1551,0,0.9216888,43,0,0.196497218,0.0470588235
3,1552,8,0.98558021,24,0.0048367594,0.2178354823,0.0222222222
3,1553,6,0.84912294,14,0.0036275695,0.1722618865,0.0091503268
3,1554,4,0.70398736,10,0.0024183797,0.1237899344,0.0039215686
3,1555,0,0.33333334,7,0,0,0
3,1556,13,1.4791844,78,0.007859734,0.3826879512,0.0928104575
4,1557,58,1.8294003,41,0.0350665054,0.4996520226,0.0444444444
3,1558,13,1.3845592,39,0.007859734,0.3510853065,0.0418300654
3,1559,4,1.238816,39,0.0024183797,0.3024104232,0.0418300654
3,1560,8,1.0697098,30,0.0048367594,0.2459328342,0.0300653595
3,1561,0,0.49860358,17,0,0.0551964664,0.0130718954
3,1562,0,0.56608194,19,0,0.0777326897,0.0156862745
3,1563,10,1.1191936,32,0.0060459492,0.2624592875,0.0326797386
3,1564,0,0.63684219,18,0,0.1013649889,0.014379085
3,1565,31,1.6587812,30,0.0187424426,0.4426691598,0.0300653595
3,1566,22,1.5668709,33,0.0133010883,0.4119732294,0.0339869281
3,1567,0,0.80638385,22,0,0.1579880115,0.0196078431
3,1568,10,1.1191936,29,0.0060459492,0.2624592875,0.0287581699
3,1569,4,1.1191936,33,0.0024183797,0.2624592875,0.0339869281
3,1570,0,1.238816,39,0,0.3024104232,0.0418300654
3,1571,8,1.0207884,25,0.0048367594,0.2295942096,0.0235294118
3,1572,18,1.2671746,19,0.0108827086,0.3118815446,0.0156862745
3,1573,0,0.42239243,10,0,0.0297436917,0.0039215686
3,1574,6,0.84912294,14,0.0036275695,0.1722618865,0.0091503268
3,1575,8,0.98510355,15,0.0048367594,0.2176762888,0.0104575163
3,1576,4,0.69804502,12,0.0024183797,0.1218053292,0.0065359477
3,1577,0,0.33333334,8,0,0,0.0013071895
3,1578,0,1.0697098,31,0,0.2459328342,0.031372549
