Ref,Choice R3,Integration [HH] R3,Total Connectivity R3,Choice R3 normal,Integration [HH] R3 normal,Total Connectivity R3 normal
0,14,1.3057258,32,0.016726404,0.360426961,0.058548009
1,16,1.471094,38,0.01911589,0.421722333,0.072599532
2,0,0.80638385,26,0,0.175340888,0.044496487
3,6,0.8619656,19,0.007168459,0.195942818,0.028103044
4,6,0.84912294,15,0.007168459,0.191182558,0.018735363
5,6,0.84912294,14,0.007168459,0.191182558,0.016393443
6,6,0.84912294,14,0.007168459,0.191182558,0.016393443
7,6,0.84912294,14,0.007168459,0.191182558,0.016393443
8,6,0.84912294,13,0.007168459,0.191182558,0.014051522
9,6,0.87255627,11,0.007168459,0.199868356,0.009367681
10,4,0.70398736,9,0.004778973,0.137386608,0.004683841
11,0,0.33333334,7,0,0,0
12,11,1.3938289,52,0.013142174,0.393083254,0.105386417
13,43,1.7821976,74,0.051373955,0.537035985,0.156908665
14,10,1.1981546,49,0.011947431,0.320554623,0.098360656
15,6,0.8870222,27,0.007168459,0.205230297,0.046838407
16,6,0.84912294,16,0.007168459,0.191182558,0.021077283
17,6,0.84912294,14,0.007168459,0.191182558,0.016393443
18,6,0.84912294,14,0.007168459,0.191182558,0.016393443
19,6,0.84912294,14,0.007168459,0.191182558,0.016393443
20,6,0.84912294,14,0.007168459,0.191182558,0.016393443
21,6,0.84912294,14,0.007168459,0.191182558,0.016393443
22,6,0.84912294,17,0.007168459,0.191182558,0.023419204
23,6,0.91666669,30,0.007168459,0.216218323,0.053864169
24,12,1.2906152,56,0.014336918,0.354826067,0.114754098
25,0,0.8870222,26,0,0.205230297,0.044496487
26,14,1.31797,49,0.016726404,0.364965396,0.098360656
27,8,1,28,0.009557945,0.247106645,0.049180328
28,6,0.8619656,21,0.007168459,0.195942818,0.032786885
29,6,0.8619656,20,0.007168459,0.195942818,0.030444965
30,8,0.98558021,24,0.009557945,0.241761806,0.039812646
31,12,1.2123377,38,0.014336918,0.325811731,0.072599532
32,12,1.2123377,39,0.014336918,0.325811731,0.074941452
33,75,1.9363272,88,0.089605735,0.594165658,0.18969555
34,12,1.2241485,43,0.014336918,0.330189521,0.084309133
35,12,1.2123377,40,0.014336918,0.325811731,0.077283372
36,8,1,29,0.009557945,0.247106645,0.051522248
37,8,1,28,0.009557945,0.247106645,0.049180328
38,12,1.2052853,37,0.014336918,0.323197688,0.070257611
39,24,1.4803609,61,0.028673835,0.425157202,0.1264637
40,12,1.2906152,56,0.014336918,0.354826067,0.114754098
41,6,0.91666669,30,0.007168459,0.216218323,0.053864169
42,6,0.84912294,17,0.007168459,0.191182558,0.023419204
43,6,0.84912294,14,0.007168459,0.191182558,0.016393443
44,6,0.84912294,14,0.007168459,0.191182558,0.016393443
45,6,0.84912294,14,0.007168459,0.191182558,0.016393443
46,6,0.84912294,15,0.007168459,0.191182558,0.018735363
47,6,0.8619656,20,0.007168459,0.195942818,0.030444965
48,8,1,28,0.009557945,0.247106645,0.049180328
49,14,1.31797,49,0.016726404,0.364965396,0.098360656
50,83,1.9363272,88,0.09916368,0.594165658,0.18969555
51,24,1.4803609,60,0.028673835,0.425157202,0.12412178
52,26,1.550553,40,0.031063321,0.451174604,0.077283372
53,10,1.1191936,32,0.011947431,0.291286941,0.058548009
54,6,0.8870222,25,0.007168459,0.205230297,0.042154567
55,6,0.84912294,16,0.007168459,0.191182558,0.021077283
56,6,0.84912294,14,0.007168459,0.191182558,0.016393443
57,6,0.84912294,14,0.007168459,0.191182558,0.016393443
58,6,0.84912294,14,0.007168459,0.191182558,0.016393443
59,6,0.84912294,14,0.007168459,0.191182558,0.016393443
60,6,0.84912294,14,0.007168459,0.191182558,0.016393443
61,6,0.84912294,14,0.007168459,0.191182558,0.016393443
62,6,0.84912294,13,0.007168459,0.191182558,0.014051522
63,6,0.87255627,11,0.007168459,0.199868356,0.009367681
64,4,0.70398736,9,0.004778973,0.137386608,0.004683841
65,0,0.33333334,7,0,0,0
66,0,0.33333334,7,0,0,0
67,4,0.70398736,11,0.004778973,0.137386608,0.009367681
68,6,0.8619656,25,0.007168459,0.195942818,0.042154567
69,10,1.1365665,43,0.011947431,0.29772638,0.084309133
70,22,1.6261337,59,0.026284349,0.479189344,0.121779859
71,34,1.8135039,78,0.040621266,0.548639977,0.166276347
72,26,1.6673985,88,0.031063321,0.494484554,0.18969555
73,29,1.7265038,100,0.034647551,0.516392522,0.217798595
74,28,1.7265038,102,0.033452808,0.516392522,0.222482436
75,25,1.6700469,95,0.029868578,0.49546621,0.206088993
76,29,1.8597906,88,0.034647551,0.565796604,0.18969555
77,24,1.6828449,69,0.028673835,0.500209916,0.145199063
78,10,1.1561403,51,0.011947431,0.304981604,0.103044496
79,6,0.8870222,28,0.007168459,0.205230297,0.049180328
80,6,0.87255627,13,0.007168459,0.199868356,0.014051522
81,4,0.70398736,9,0.004778973,0.137386608,0.004683841
82,0,0.33333334,7,0,0,0
83,0,1.0445806,41,0,0.263630889,0.079625293
84,12,1.238816,53,0.014336918,0.335626177,0.107728337
85,12,1.2123377,45,0.014336918,0.325811731,0.088992974
86,18,1.471094,50,0.021505376,0.421722333,0.100702576
87,38,1.6734514,75,0.045400239,0.496728121,0.159250585
88,22,1.5785179,92,0.026284349,0.461540073,0.199063232
89,26,1.6857162,97,0.031063321,0.501274192,0.210772834
90,101,2.0270002,120,0.120669056,0.627774509,0.264637002
91,50,1.9710253,170,0.059737157,0.607026855,0.381733021
92,46,1.8699054,206,0.054958184,0.569545755,0.466042155
93,252,2.5025384,324,0.301075269,0.804037485,0.742388759
94,504,2.8544581,434,0.602150538,0.934480031,1
95,275,2.5959127,369,0.328554361,0.8386476,0.847775176
96,159,2.3069851,240,0.189964158,0.731553704,0.545667447
97,14,1.4221928,82,0.016726404,0.403596616,0.175644028
98,26,1.7265038,97,0.031063321,0.516392522,0.210772834
99,35,1.8369439,103,0.04181601,0.557328247,0.224824356
100,30,1.7841618,111,0.035842294,0.537764035,0.243559719
101,44,1.7820429,109,0.052568698,0.536978644,0.238875878
102,24,1.5448366,82,0.028673835,0.449055763,0.175644028
103,26,1.6037242,78,0.031063321,0.470883039,0.166276347
104,0,1.3873369,62,0,0.390676929,0.128805621
105,0,1.3845592,54,0,0.389647347,0.110070258
106,48,1.8328277,76,0.05734767,0.555802536,0.161592506
107,28,1.6828449,71,0.033452808,0.500209916,0.149882904
108,20,1.3938289,61,0.023894863,0.393083254,0.1264637
109,33,2.0810525,46,0.039426523,0.647809533,0.091334895
110,0,1.2989333,44,0,0.357909253,0.086651054
111,0,1.2989333,44,0,0.357909253,0.086651054
112,23,1.7342104,47,0.027479092,0.519249051,0.093676815
113,32,1.6812503,50,0.03823178,0.499618861,0.100702576
114,25,1.8105773,49,0.029868578,0.547555204,0.098360656
115,21,1.550553,54,0.025089606,0.451174604,0.110070258
116,36,1.6741856,97,0.043010753,0.49700026,0.210772834
117,18,1.4255327,74,0.021505376,0.404834583,0.156908665
118,20,1.4635203,61,0.023894863,0.418915066,0.1264637
119,26,1.7342104,49,0.031063321,0.519249051,0.098360656
120,0,1.2052853,42,0,0.323197688,0.081967213
121,10,1.1058542,33,0.011947431,0.28634256,0.06088993
122,8,1,29,0.009557945,0.247106645,0.051522248
123,8,1,28,0.009557945,0.247106645,0.049180328
124,12,1.2052853,39,0.014336918,0.323197688,0.074941452
125,65,1.9731473,95,0.077658303,0.607813395,0.206088993
126,28,1.6684235,75,0.033452808,0.49486448,0.159250585
127,20,1.3873369,56,0.023894863,0.390676929,0.114754098
128,12,1.2123377,42,0.014336918,0.325811731,0.081967213
129,0,0.33333334,7,0,0,0
130,0,0.33333334,7,0,0,0
131,4,0.70398736,9,0.004778973,0.137386608,0.004683841
132,6,0.87255627,11,0.007168459,0.199868356,0.009367681
133,6,0.84912294,13,0.007168459,0.191182558,0.014051522
134,6,0.84912294,15,0.007168459,0.191182558,0.018735363
135,6,0.8619656,19,0.007168459,0.195942818,0.028103044
136,8,0.98558021,21,0.009557945,0.241761806,0.032786885
137,12,1.2222222,23,0.014336918,0.329475519,0.037470726
138,12,1.2222222,23,0.014336918,0.329475519,0.037470726
139,8,0.98558021,21,0.009557945,0.241761806,0.032786885
140,6,0.8619656,19,0.007168459,0.195942818,0.028103044
141,6,0.84912294,15,0.007168459,0.191182558,0.018735363
142,6,0.84912294,14,0.007168459,0.191182558,0.016393443
143,6,0.84912294,14,0.007168459,0.191182558,0.016393443
144,6,0.84912294,14,0.007168459,0.191182558,0.016393443
145,6,0.84912294,15,0.007168459,0.191182558,0.018735363
146,6,0.8619656,17,0.007168459,0.195942818,0.023419204
147,8,0.98558021,19,0.009557945,0.241761806,0.028103044
148,18,1.2222222,25,0.021505376,0.329475519,0.042154567
149,8,1,25,0.009557945,0.247106645,0.042154567
150,8,1.0697098,38,0.009557945,0.272945277,0.072599532
151,30,1.4635203,54,0.035842294,0.418915066,0.110070258
152,26,1.6071428,71,0.031063321,0.472150178,0.149882904
153,32,1.6673985,76,0.03823178,0.494484554,0.161592506
154,32,1.6684235,69,0.03823178,0.49486448,0.145199063
155,36,1.6828449,60,0.043010753,0.500209916,0.12412178
156,16,1.3873683,42,0.01911589,0.390688568,0.081967213
157,8,1.0207884,33,0.009557945,0.254812073,0.06088993
158,6,0.8619656,21,0.007168459,0.195942818,0.032786885
159,6,0.84912294,15,0.007168459,0.191182558,0.018735363
160,6,0.84912294,14,0.007168459,0.191182558,0.016393443
161,6,0.84912294,14,0.007168459,0.191182558,0.016393443
162,6,0.84912294,14,0.007168459,0.191182558,0.016393443
163,6,0.84912294,14,0.007168459,0.191182558,0.016393443
164,6,0.84912294,15,0.007168459,0.191182558,0.018735363
165,6,0.8619656,19,0.007168459,0.195942818,0.028103044
166,8,0.98558021,23,0.009557945,0.241761806,0.037470726
167,12,1.2052853,31,0.014336918,0.323197688,0.056206089
168,12,1.2052853,31,0.014336918,0.323197688,0.056206089
169,8,0.98558021,23,0.009557945,0.241761806,0.037470726
170,6,0.8619656,19,0.007168459,0.195942818,0.028103044
171,6,0.84912294,17,0.007168459,0.191182558,0.023419204
172,6,0.8870222,26,0.007168459,0.205230297,0.044496487
173,10,1.1058542,30,0.011947431,0.28634256,0.053864169
174,18,1.5154221,34,0.021505376,0.438152986,0.06323185
175,18,1.5154221,34,0.021505376,0.438152986,0.06323185
176,10,1.1058542,30,0.011947431,0.28634256,0.053864169
177,6,0.8870222,26,0.007168459,0.205230297,0.044496487
178,6,0.84912294,16,0.007168459,0.191182558,0.021077283
179,6,0.84912294,14,0.007168459,0.191182558,0.016393443
180,6,0.84912294,14,0.007168459,0.191182558,0.016393443
181,6,0.84912294,14,0.007168459,0.191182558,0.016393443
182,6,0.84912294,14,0.007168459,0.191182558,0.016393443
183,6,0.84912294,15,0.007168459,0.191182558,0.018735363
184,6,0.8619656,19,0.007168459,0.195942818,0.028103044
185,8,0.98558021,21,0.009557945,0.241761806,0.032786885
186,12,1.2222222,23,0.014336918,0.329475519,0.037470726
187,12,1.2222222,23,0.014336918,0.329475519,0.037470726
188,8,0.98558021,21,0.009557945,0.241761806,0.032786885
189,6,0.8619656,18,0.007168459,0.195942818,0.025761124
190,6,0.87255627,12,0.007168459,0.199868356,0.011709602
191,4,0.70398736,9,0.004778973,0.137386608,0.004683841
192,36,1.7164973,132,0.043010753,0.512683513,0.292740047
193,125,2.1024222,126,0.149342891,0.655730426,0.278688525
194,72,1.9445313,128,0.086021505,0.597206589,0.283372365
195,31,1.7983205,174,0.037037037,0.543012098,0.391100703
196,54,2.0115998,230,0.064516129,0.622066198,0.522248244
197,10,1.4522455,141,0.011947431,0.414735949,0.31381733
198,28,1.872734,163,0.033452808,0.570594204,0.365339578
199,323,2.6211631,256,0.385902031,0.848006913,0.583138173
200,117,2.4509857,290,0.139784946,0.784928963,0.662763466
201,282,2.6317604,343,0.336917563,0.851934908,0.786885246
202,249,2.5245593,319,0.297491039,0.812199751,0.730679157
203,199,2.3148217,275,0.237753883,0.734458418,0.62763466
204,114,2.3017344,269,0.136200717,0.72960748,0.613583138
205,84,1.9777361,195,0.100358423,0.60951428,0.44028103
206,66,2.0416565,213,0.078853047,0.633207013,0.482435597
207,26,1.6413553,96,0.031063321,0.484831382,0.208430913
208,66,1.8649745,159,0.078853047,0.567718068,0.355971897
209,212,2.4753733,258,0.253285544,0.79396847,0.587822014
210,164,2.3363075,242,0.195937873,0.742422344,0.550351288
211,50,1.8815688,161,0.059737157,0.573868911,0.360655738
212,54,1.7914909,122,0.064516129,0.540480639,0.269320843
213,8,1.0697098,43,0.009557945,0.272945277,0.084309133
214,16,1.3873683,46,0.01911589,0.390688568,0.091334895
215,36,1.6684235,69,0.043010753,0.49486448,0.145199063
216,32,1.6741856,86,0.03823178,0.49700026,0.18501171
217,64,1.7963344,102,0.07646356,0.542275931,0.222482436
218,48,1.8571436,109,0.05734767,0.564815467,0.238875878
219,80,1.9756846,127,0.09557945,0.608753871,0.281030445
220,109,2.028795,148,0.130227001,0.62843977,0.330210773
221,83,2.2437077,188,0.09916368,0.708099305,0.423887588
222,215,2.443996,246,0.256869773,0.782338161,0.55971897
223,76,2.4147038,356,0.090800478,0.771480715,0.817330211
224,8,0.98558021,22,0.009557945,0.241761806,0.035128806
225,18,1.2052853,34,0.021505376,0.323197688,0.06323185
226,10,1.1191936,36,0.011947431,0.291286941,0.067915691
227,19,1.3746208,60,0.022700119,0.38596358,0.12412178
228,51,1.8337219,88,0.0609319,0.55613398,0.18969555
229,26,1.7093985,124,0.031063321,0.510052272,0.274004684
230,38,1.7700537,137,0.045400239,0.532534727,0.304449649
231,105,1.9787503,136,0.125448029,0.609890203,0.302107728
232,271,2.5060155,186,0.323775388,0.805326307,0.419203747
233,222,2.4119055,175,0.265232975,0.770443497,0.393442623
234,38,1.7777745,133,0.045400239,0.535396519,0.295081967
235,34,1.7195774,160,0.040621266,0.513825183,0.358313817
236,35,1.8805417,185,0.04181601,0.573488206,0.416861827
237,0,1.3873683,48,0,0.390688568,0.096018735
238,20,1.569167,50,0.023894863,0.458074069,0.100702576
239,10,1.1191936,41,0.011947431,0.291286941,0.079625293
240,6,0.94787496,41,0.007168459,0.227785979,0.079625293
241,10,1.1365665,47,0.011947431,0.29772638,0.093676815
242,22,1.6037242,70,0.026284349,0.470883039,0.147540984
243,66,1.9491093,98,0.078853047,0.598903471,0.213114754
244,35,1.8344558,103,0.04181601,0.556406008,0.224824356
245,33,1.7325417,111,0.039426523,0.51863053,0.243559719
246,16,1.5448366,88,0.01911589,0.449055763,0.18969555
247,0,0.84615386,41,0,0.190082039,0.079625293
248,14,1.3270249,27,0.016726404,0.368321685,0.046838407
249,8,1,25,0.009557945,0.247106645,0.042154567
250,6,0.8619656,22,0.007168459,0.195942818,0.035128806
251,6,0.8870222,27,0.007168459,0.205230297,0.046838407
252,10,1.1058542,30,0.011947431,0.28634256,0.053864169
253,18,1.5154221,36,0.021505376,0.438152986,0.067915691
254,18,1.471094,49,0.021505376,0.421722333,0.098360656
255,14,1.3443909,67,0.016726404,0.374758566,0.140515222
256,24,1.6684235,79,0.028673835,0.49486448,0.168618267
257,45,2.0454545,77,0.053763441,0.63461478,0.163934426
258,26,1.7495173,70,0.031063321,0.524922706,0.147540984
259,10,1.1981546,60,0.011947431,0.320554623,0.12412178
260,8,1,34,0.009557945,0.247106645,0.06323185
261,10,1.1492875,20,0.011947431,0.302441545,0.030444965
262,6,0.84912294,13,0.007168459,0.191182558,0.014051522
263,6,0.84912294,16,0.007168459,0.191182558,0.021077283
264,6,0.8870222,20,0.007168459,0.205230297,0.030444965
265,10,1.1058542,23,0.011947431,0.28634256,0.037470726
266,36,1.5668709,29,0.043010753,0.457222996,0.051522248
267,10,1.1365665,35,0.011947431,0.29772638,0.06557377
268,10,1.1365665,38,0.011947431,0.29772638,0.072599532
269,18,1.471094,44,0.021505376,0.421722333,0.086651054
270,18,1.471094,43,0.021505376,0.421722333,0.084309133
271,10,1.1191936,37,0.011947431,0.291286941,0.070257611
272,30,1.8489804,93,0.035842294,0.561789695,0.201405152
273,24,1.6666666,85,0.028673835,0.494213268,0.182669789
274,12,1.2726263,64,0.014336918,0.348158301,0.133489461
275,22,1.3304729,61,0.026284349,0.369599721,0.1264637
276,14,1.3592209,65,0.016726404,0.380255453,0.135831382
277,50,1.8362781,96,0.059737157,0.557081461,0.208430913
278,89,2.0183253,133,0.106332139,0.624559071,0.295081967
279,269,2.3620975,200,0.321385902,0.751981665,0.451990632
280,294,2.5883479,274,0.35125448,0.835843632,0.62529274
281,42,1.8783784,182,0.050179211,0.572686357,0.409836066
282,24,1.6211112,135,0.028673835,0.477327704,0.299765808
283,34,1.8882366,183,0.040621266,0.576340397,0.412177986
284,304,2.5040345,337,0.363201912,0.804592029,0.772833724
285,58,1.7963344,85,0.069295102,0.542275931,0.182669789
286,68,1.7495173,55,0.081242533,0.524922706,0.112412178
287,26,1.3873683,37,0.031063321,0.390688568,0.070257611
288,8,1.0445806,32,0.009557945,0.263630889,0.058548009
289,8,1.0952908,42,0.009557945,0.28242713,0.081967213
290,26,1.5364467,56,0.031063321,0.445945963,0.114754098
291,75,1.8900454,84,0.089605735,0.577010847,0.180327869
292,92,2.0671797,128,0.109916368,0.642667442,0.283372365
293,43,1.9161526,173,0.051373955,0.586687741,0.388758782
294,80,2.2428508,242,0.09557945,0.707781687,0.550351288
295,78,2.0257483,177,0.093189964,0.62731048,0.398126464
296,121,2.1385241,232,0.144563919,0.669111955,0.526932084
297,150,2.2717023,191,0.17921147,0.718475783,0.430913349
298,0,0.33333334,7,0,0,0
299,4,0.70398736,9,0.004778973,0.137386608,0.004683841
300,6,0.87255627,11,0.007168459,0.199868356,0.009367681
301,6,0.84912294,13,0.007168459,0.191182558,0.014051522
302,6,0.84912294,15,0.007168459,0.191182558,0.018735363
303,6,0.8619656,19,0.007168459,0.195942818,0.028103044
304,8,1.0207884,27,0.009557945,0.254812073,0.046838407
305,26,1.3873683,35,0.031063321,0.390688568,0.06557377
306,26,1.3873369,41,0.031063321,0.390676929,0.079625293
307,26,1.4028426,50,0.031063321,0.396424271,0.100702576
308,29,1.5517242,63,0.034647551,0.451608721,0.131147541
309,31,1.6118186,70,0.037037037,0.47388331,0.147540984
310,65,1.8900454,82,0.077658303,0.577010847,0.175644028
311,18,1.5887082,82,0.021505376,0.465317209,0.175644028
312,77,1.8861139,90,0.091995221,0.575553598,0.194379391
313,64,1.8427275,91,0.07646356,0.559471996,0.196721311
314,20,1.5592874,77,0.023894863,0.454412096,0.163934426
315,30,1.4666082,53,0.035842294,0.420059627,0.107728337
316,22,1.3006579,36,0.026284349,0.358548493,0.067915691
317,8,1,27,0.009557945,0.247106645,0.046838407
318,6,0.94787496,28,0.007168459,0.227785979,0.049180328
319,12,1.2241485,35,0.014336918,0.330189521,0.06557377
320,66,1.7669872,50,0.078853047,0.531398098,0.100702576
321,30,1.4644111,40,0.035842294,0.41924525,0.077283372
322,10,1.1981546,50,0.011947431,0.320554623,0.100702576
323,20,1.4652896,86,0.023894863,0.419570875,0.18501171
324,33,1.7488363,124,0.039426523,0.524670286,0.274004684
325,51,1.7307693,91,0.0609319,0.517973573,0.196721311
326,50,1.9487677,157,0.059737157,0.598776853,0.351288056
327,0,0.33333334,7,0,0,0
328,4,0.70398736,9,0.004778973,0.137386608,0.004683841
329,6,0.87255627,13,0.007168459,0.199868356,0.014051522
330,6,0.8870222,29,0.007168459,0.205230297,0.051522248
331,10,1.1768752,56,0.011947431,0.312667201,0.114754098
332,26,1.7495173,69,0.031063321,0.524922706,0.145199063
333,49,1.9912097,88,0.058542413,0.614508404,0.18969555
334,34,1.7852225,95,0.040621266,0.538157194,0.206088993
335,33,1.7288883,105,0.039426523,0.517276361,0.229508197
336,32,1.7265038,99,0.03823178,0.516392522,0.215456674
337,31,1.7307693,85,0.037037037,0.517973573,0.182669789
338,26,1.8135039,76,0.031063321,0.548639977,0.161592506
339,20,1.5405476,58,0.023894863,0.447466003,0.119437939
340,8,1.0697098,46,0.009557945,0.272945277,0.091334895
341,6,0.84912294,20,0.007168459,0.191182558,0.030444965
342,4,0.70398736,10,0.004778973,0.137386608,0.007025761
343,0,0.33333334,7,0,0,0
344,12,1.2241485,38,0.014336918,0.330189521,0.072599532
345,18,1.4864661,38,0.021505376,0.427420156,0.072599532
346,18,1.5154221,35,0.021505376,0.438152986,0.06557377
347,10,1.1058542,30,0.011947431,0.28634256,0.053864169
348,6,0.8870222,26,0.007168459,0.205230297,0.044496487
349,6,0.84912294,18,0.007168459,0.191182558,0.025761124
350,6,0.8870222,28,0.007168459,0.205230297,0.049180328
351,10,1.1365665,46,0.011947431,0.29772638,0.091334895
352,22,1.606352,72,0.026284349,0.47185706,0.152224824
353,30,1.8,83,0.035842294,0.543634622,0.177985948
354,18,1.5154221,34,0.021505376,0.438152986,0.06323185
355,10,1.1058542,30,0.011947431,0.28634256,0.053864169
356,6,0.8870222,26,0.007168459,0.205230297,0.044496487
357,6,0.84912294,16,0.007168459,0.191182558,0.021077283
358,6,0.84912294,14,0.007168459,0.191182558,0.016393443
359,6,0.84912294,14,0.007168459,0.191182558,0.016393443
360,6,0.84912294,14,0.007168459,0.191182558,0.016393443
361,6,0.84912294,14,0.007168459,0.191182558,0.016393443
362,6,0.84912294,14,0.007168459,0.191182558,0.016393443
363,6,0.84912294,14,0.007168459,0.191182558,0.016393443
364,6,0.84912294,14,0.007168459,0.191182558,0.016393443
365,6,0.84912294,14,0.007168459,0.191182558,0.016393443
366,6,0.84912294,14,0.007168459,0.191182558,0.016393443
367,6,0.84912294,14,0.007168459,0.191182558,0.016393443
368,6,0.84912294,14,0.007168459,0.191182558,0.016393443
369,6,0.84912294,14,0.007168459,0.191182558,0.016393443
370,6,0.84912294,14,0.007168459,0.191182558,0.016393443
371,6,0.84912294,14,0.007168459,0.191182558,0.016393443
372,6,0.84912294,14,0.007168459,0.191182558,0.016393443
373,6,0.84912294,14,0.007168459,0.191182558,0.016393443
374,6,0.84912294,14,0.007168459,0.191182558,0.016393443
375,6,0.84912294,14,0.007168459,0.191182558,0.016393443
376,6,0.84912294,16,0.007168459,0.191182558,0.021077283
377,6,0.8870222,28,0.007168459,0.205230297,0.049180328
378,10,1.1365665,46,0.011947431,0.29772638,0.091334895
379,22,1.606352,73,0.026284349,0.47185706,0.154566745
380,30,1.8,85,0.035842294,0.543634622,0.182669789
381,44,1.7821976,98,0.052568698,0.537035985,0.213114754
382,56,1.8839941,119,0.066905615,0.574767873,0.262295082
383,37,1.9363272,121,0.044205496,0.594165658,0.266978923
384,16,1.5517242,73,0.01911589,0.451608721,0.154566745
385,32,1.6037242,58,0.03823178,0.470883039,0.119437939
386,12,1.2552096,47,0.014336918,0.341702628,0.093676815
387,22,1.3006579,37,0.026284349,0.358548493,0.070257611
388,22,1.3076391,44,0.026284349,0.361136145,0.086651054
389,12,1.2726263,46,0.014336918,0.348158301,0.091334895
390,54,1.6700469,70,0.064516129,0.49546621,0.147540984
391,59,1.7852225,75,0.070489845,0.538157194,0.159250585
392,30,1.7914909,95,0.035842294,0.540480639,0.206088993
393,50,1.8427275,112,0.059737157,0.559471996,0.245901639
394,56,1.820729,129,0.066905615,0.551318032,0.285714286
395,60,1.7257152,88,0.071684588,0.51610022,0.18969555
396,30,1.606352,55,0.035842294,0.47185706,0.112412178
397,18,1.471094,42,0.021505376,0.421722333,0.081967213
398,10,1.1058542,33,0.011947431,0.28634256,0.06088993
399,6,0.91666669,32,0.007168459,0.216218323,0.058548009
400,8,1.0445806,34,0.009557945,0.263630889,0.06323185
401,30,1.4803609,49,0.035842294,0.425157202,0.098360656
402,25,1.4635203,45,0.029868578,0.418915066,0.088992974
403,21,1.3873683,38,0.025089606,0.390688568,0.072599532
404,0,0.73918515,24,0,0.15043302,0.039812646
405,0,0.33333334,8,0,0,0.00234192
406,4,0.69804502,14,0.004778973,0.135184021,0.016393443
407,8,0.98510355,18,0.009557945,0.241585127,0.025761124
408,12,1.2222222,23,0.014336918,0.329475519,0.037470726
409,12,1.2063863,28,0.014336918,0.323605785,0.049180328
410,10,1.1058542,28,0.011947431,0.28634256,0.049180328
411,12,1.2063863,30,0.014336918,0.323605785,0.053864169
412,12,1.2052853,38,0.014336918,0.323197688,0.072599532
413,12,1.238816,51,0.014336918,0.335626177,0.103044496
414,22,1.6132691,63,0.026284349,0.474420952,0.131147541
415,27,1.8599865,65,0.032258065,0.565869216,0.135831382
416,0,0.63684219,19,0,0.112498582,0.028103044
417,10,1.2222222,25,0.011947431,0.329475519,0.042154567
418,24,1.5668709,29,0.028673835,0.457222996,0.051522248
419,14,1.3057258,29,0.016726404,0.360426961,0.051522248
420,8,1,27,0.009557945,0.247106645,0.046838407
421,6,0.8870222,25,0.007168459,0.205230297,0.042154567
422,8,0.98558021,23,0.009557945,0.241761806,0.037470726
423,12,1.2063863,30,0.014336918,0.323605785,0.053864169
424,16,1.3006579,44,0.01911589,0.358548493,0.086651054
425,20,1.4666082,62,0.023894863,0.420059627,0.128805621
426,44,1.7909094,88,0.052568698,0.5402651,0.18969555
427,58,1.9051077,99,0.069295102,0.582593839,0.215456674
428,22,1.6071428,88,0.026284349,0.472150178,0.18969555
429,10,1.1768752,59,0.011947431,0.312667201,0.121779859
430,10,1.1365665,44,0.011947431,0.29772638,0.086651054
431,18,1.5154221,37,0.021505376,0.438152986,0.070257611
432,18,1.5154221,35,0.021505376,0.438152986,0.06557377
433,10,1.1058542,30,0.011947431,0.28634256,0.053864169
434,6,0.8870222,26,0.007168459,0.205230297,0.044496487
435,6,0.84912294,16,0.007168459,0.191182558,0.021077283
436,6,0.84912294,14,0.007168459,0.191182558,0.016393443
437,6,0.84912294,14,0.007168459,0.191182558,0.016393443
438,6,0.84912294,14,0.007168459,0.191182558,0.016393443
439,6,0.84912294,14,0.007168459,0.191182558,0.016393443
440,6,0.84912294,15,0.007168459,0.191182558,0.018735363
441,6,0.8619656,22,0.007168459,0.195942818,0.035128806
442,8,1.0445806,41,0.009557945,0.263630889,0.079625293
443,18,1.4896638,80,0.021505376,0.428605415,0.170960187
444,12,1.2222222,24,0.014336918,0.329475519,0.039812646
445,8,0.98558021,21,0.009557945,0.241761806,0.032786885
446,6,0.8619656,19,0.007168459,0.195942818,0.028103044
447,6,0.84912294,15,0.007168459,0.191182558,0.018735363
448,6,0.84912294,14,0.007168459,0.191182558,0.016393443
449,6,0.84912294,14,0.007168459,0.191182558,0.016393443
450,6,0.84912294,14,0.007168459,0.191182558,0.016393443
451,6,0.84912294,15,0.007168459,0.191182558,0.018735363
452,6,0.8619656,20,0.007168459,0.195942818,0.030444965
453,8,1,26,0.009557945,0.247106645,0.044496487
454,14,1.3057258,29,0.016726404,0.360426961,0.051522248
455,12,1.2063863,30,0.014336918,0.323605785,0.053864169
456,8,0.98558021,22,0.009557945,0.241761806,0.035128806
457,6,0.8619656,19,0.007168459,0.195942818,0.028103044
458,6,0.84912294,15,0.007168459,0.191182558,0.018735363
459,6,0.84912294,14,0.007168459,0.191182558,0.016393443
460,6,0.84912294,14,0.007168459,0.191182558,0.016393443
461,6,0.84912294,14,0.007168459,0.191182558,0.016393443
462,6,0.84912294,15,0.007168459,0.191182558,0.018735363
463,6,0.8619656,19,0.007168459,0.195942818,0.028103044
464,8,0.98558021,21,0.009557945,0.241761806,0.032786885
465,12,1.2222222,26,0.014336918,0.329475519,0.044496487
466,0,0.49860358,19,0,0.061259062,0.028103044
467,8,0.98558021,25,0.009557945,0.241761806,0.042154567
468,18,1.5668709,34,0.021505376,0.457222996,0.06323185
469,18,1.4864661,42,0.021505376,0.427420156,0.081967213
470,12,1.238816,52,0.014336918,0.335626177,0.105386417
471,16,1.4135897,70,0.01911589,0.400407791,0.147540984
472,36,1.7217885,58,0.043010753,0.51464475,0.119437939
473,32,1.6828449,67,0.03823178,0.500209916,0.140515222
474,34,1.7265038,96,0.040621266,0.516392522,0.208430913
475,66,1.9491093,110,0.078853047,0.598903471,0.241217799
476,0,0.33333334,7,0,0,0
477,4,0.70398736,10,0.004778973,0.137386608,0.007025761
478,6,0.84912294,16,0.007168459,0.191182558,0.021077283
479,8,0.98558021,21,0.009557945,0.241761806,0.032786885
480,12,1.2063863,28,0.014336918,0.323605785,0.049180328
481,16,1.3057258,30,0.01911589,0.360426961,0.053864169
482,16,1.3057258,30,0.01911589,0.360426961,0.053864169
483,12,1.2063863,28,0.014336918,0.323605785,0.049180328
484,10,1.1561403,36,0.011947431,0.304981604,0.067915691
485,6,0.8870222,26,0.007168459,0.205230297,0.044496487
486,6,0.84912294,17,0.007168459,0.191182558,0.023419204
487,6,0.8619656,19,0.007168459,0.195942818,0.028103044
488,8,0.98558021,21,0.009557945,0.241761806,0.032786885
489,12,1.2222222,23,0.014336918,0.329475519,0.037470726
490,0,0.80638385,29,0,0.175340888,0.051522248
491,14,1.4864661,48,0.016726404,0.427420156,0.096018735
492,14,1.4864661,48,0.016726404,0.427420156,0.096018735
493,0,0.80638385,29,0,0.175340888,0.051522248
494,0,0.58170414,18,0,0.092061114,0.025761124
495,8,1.1191936,45,0.009557945,0.291286941,0.088992974
496,20,1.3873369,59,0.023894863,0.390676929,0.121779859
497,26,1.6261337,65,0.031063321,0.479189344,0.135831382
498,35,1.7217885,71,0.04181601,0.51464475,0.149882904
499,0,1.2989333,55,0,0.357909253,0.112412178
500,0,0.33333334,7,0,0,0
501,4,0.70398736,10,0.004778973,0.137386608,0.007025761
502,6,0.84912294,16,0.007168459,0.191182558,0.021077283
503,8,0.98558021,21,0.009557945,0.241761806,0.032786885
504,12,1.2063863,30,0.014336918,0.323605785,0.053864169
505,0,0.49860358,24,0,0.061259062,0.039812646
506,8,1.0952908,56,0.009557945,0.28242713,0.114754098
507,28,1.8328277,70,0.033452808,0.555802536,0.147540984
508,50,2.317255,72,0.059737157,0.735360345,0.152224824
509,26,1.7669872,68,0.031063321,0.531398098,0.142857143
510,10,1.1768752,54,0.011947431,0.312667201,0.110070258
511,6,0.8619656,27,0.007168459,0.195942818,0.046838407
512,4,0.70398736,11,0.004778973,0.137386608,0.009367681
513,0,0.33333334,7,0,0,0
514,0,1.4724894,71,0,0.422239552,0.149882904
515,39,1.7307693,84,0.046594982,0.517973573,0.180327869
516,12,1.2063863,29,0.014336918,0.323605785,0.051522248
517,8,1,27,0.009557945,0.247106645,0.046838407
518,8,1,26,0.009557945,0.247106645,0.044496487
519,12,1.2222222,24,0.014336918,0.329475519,0.039812646
520,12,1.2063863,28,0.014336918,0.323605785,0.049180328
521,10,1.1058542,28,0.011947431,0.28634256,0.049180328
522,12,1.2063863,30,0.014336918,0.323605785,0.053864169
523,12,1.2063863,30,0.014336918,0.323605785,0.053864169
524,10,1.1058542,28,0.011947431,0.28634256,0.049180328
525,12,1.2063863,28,0.014336918,0.323605785,0.049180328
526,12,1.2222222,24,0.014336918,0.329475519,0.039812646
527,8,0.98558021,21,0.009557945,0.241761806,0.032786885
528,6,0.8619656,19,0.007168459,0.195942818,0.028103044
529,6,0.84912294,15,0.007168459,0.191182558,0.018735363
530,6,0.84912294,14,0.007168459,0.191182558,0.016393443
531,6,0.84912294,14,0.007168459,0.191182558,0.016393443
532,6,0.84912294,14,0.007168459,0.191182558,0.016393443
533,6,0.84912294,14,0.007168459,0.191182558,0.016393443
534,6,0.84912294,14,0.007168459,0.191182558,0.016393443
535,6,0.84912294,14,0.007168459,0.191182558,0.016393443
536,6,0.84912294,14,0.007168459,0.191182558,0.016393443
537,6,0.84912294,14,0.007168459,0.191182558,0.016393443
538,6,0.84912294,14,0.007168459,0.191182558,0.016393443
539,6,0.84912294,14,0.007168459,0.191182558,0.016393443
540,6,0.84912294,14,0.007168459,0.191182558,0.016393443
541,6,0.84912294,15,0.007168459,0.191182558,0.018735363
542,6,0.8619656,21,0.007168459,0.195942818,0.032786885
543,8,1.0207884,30,0.009557945,0.254812073,0.053864169
544,16,1.3988512,37,0.01911589,0.394944819,0.070257611
545,10,1.4644111,61,0.011947431,0.41924525,0.1264637
546,10,1.3845592,56,0.011947431,0.389647347,0.114754098
547,0,1.1561403,55,0,0.304981604,0.112412178
548,20,1.3873683,44,0.023894863,0.390688568,0.086651054
549,26,1.6474625,51,0.031063321,0.487095076,0.103044496
550,42,1.7669872,70,0.050179211,0.531398098,0.147540984
551,32,1.6684235,84,0.03823178,0.49486448,0.180327869
552,34,1.7307693,88,0.040621266,0.517973573,0.18969555
553,21,1.7379411,81,0.025089606,0.520631872,0.173302108
554,12,1.2063863,30,0.014336918,0.323605785,0.053864169
555,10,1.1058542,28,0.011947431,0.28634256,0.049180328
556,12,1.2063863,28,0.014336918,0.323605785,0.049180328
557,12,1.2222222,25,0.014336918,0.329475519,0.042154567
558,8,1,26,0.009557945,0.247106645,0.044496487
559,8,1,28,0.009557945,0.247106645,0.049180328
560,12,1.2052853,36,0.014336918,0.323197688,0.067915691
561,20,1.3873683,39,0.023894863,0.390688568,0.074941452
562,24,1.569167,41,0.028673835,0.458074069,0.079625293
563,18,1.4864661,38,0.021505376,0.427420156,0.072599532
564,10,1.1,28,0.011947431,0.284172642,0.049180328
565,4,0.72781962,21,0.004778973,0.146220273,0.032786885
566,0,0.33333334,9,0,0,0.004683841
567,36,1.8979635,66,0.043010753,0.57994577,0.138173302
568,27,1.9633191,70,0.032258065,0.604170475,0.147540984
569,0,1.3076391,60,0,0.361136145,0.12412178
570,0,1.3006579,44,0,0.358548493,0.086651054
571,24,1.5405476,53,0.028673835,0.447466003,0.107728337
572,22,1.4635203,53,0.026284349,0.418915066,0.107728337
573,20,1.4028426,65,0.023894863,0.396424271,0.135831382
574,28,1.6684235,74,0.033452808,0.49486448,0.156908665
575,22,1.6037242,71,0.026284349,0.470883039,0.149882904
576,10,1.1561403,52,0.011947431,0.304981604,0.105386417
577,8,1.0697098,51,0.009557945,0.272945277,0.103044496
578,16,1.4028426,71,0.01911589,0.396424271,0.149882904
579,0,0.58170414,16,0,0.092061114,0.021077283
580,8,1.1,31,0.009557945,0.284172642,0.056206089
581,12,1.2063863,34,0.014336918,0.323605785,0.06323185
582,8,1,27,0.009557945,0.247106645,0.046838407
583,8,1,26,0.009557945,0.247106645,0.044496487
584,12,1.2222222,24,0.014336918,0.329475519,0.039812646
585,12,1.2222222,24,0.014336918,0.329475519,0.039812646
586,8,1,26,0.009557945,0.247106645,0.044496487
587,8,1,30,0.009557945,0.247106645,0.053864169
588,12,1.2241485,50,0.014336918,0.330189521,0.100702576
589,20,1.3873369,56,0.023894863,0.390676929,0.114754098
590,24,1.550553,50,0.028673835,0.451174604,0.100702576
591,32,1.6812503,48,0.03823178,0.499618861,0.096018735
592,0,1.0207884,33,0,0.254812073,0.06088993
593,0,0.68957245,25,0,0.132043578,0.042154567
594,12,1.3270249,35,0.014336918,0.368321685,0.06557377
595,16,1.3873683,51,0.01911589,0.390688568,0.103044496
596,12,1.3088794,74,0.014336918,0.361595874,0.156908665
597,26,1.7265038,96,0.031063321,0.516392522,0.208430913
598,68,1.9916508,112,0.081242533,0.614671902,0.245901639
599,27,1.7288883,103,0.032258065,0.517276361,0.224824356
600,22,1.5448366,84,0.026284349,0.449055763,0.180327869
601,16,1.3938289,66,0.01911589,0.393083254,0.138173302
602,8,1.0207884,36,0.009557945,0.254812073,0.067915691
603,6,0.8619656,21,0.007168459,0.195942818,0.032786885
604,6,0.84912294,15,0.007168459,0.191182558,0.018735363
605,6,0.84912294,14,0.007168459,0.191182558,0.016393443
606,6,0.84912294,14,0.007168459,0.191182558,0.016393443
607,6,0.84912294,14,0.007168459,0.191182558,0.016393443
608,6,0.84912294,14,0.007168459,0.191182558,0.016393443
609,6,0.84912294,14,0.007168459,0.191182558,0.016393443
610,6,0.84912294,14,0.007168459,0.191182558,0.016393443
611,6,0.84912294,14,0.007168459,0.191182558,0.016393443
612,6,0.84912294,15,0.007168459,0.191182558,0.018735363
613,6,0.8619656,19,0.007168459,0.195942818,0.028103044
614,8,0.98558021,21,0.009557945,0.241761806,0.032786885
615,12,1.2222222,23,0.014336918,0.329475519,0.037470726
616,12,1.2222222,23,0.014336918,0.329475519,0.037470726
617,8,0.98558021,21,0.009557945,0.241761806,0.032786885
618,6,0.8619656,19,0.007168459,0.195942818,0.028103044
619,6,0.84912294,15,0.007168459,0.191182558,0.018735363
620,6,0.84912294,14,0.007168459,0.191182558,0.016393443
621,6,0.84912294,13,0.007168459,0.191182558,0.014051522
622,6,0.87255627,11,0.007168459,0.199868356,0.009367681
623,4,0.70398736,9,0.004778973,0.137386608,0.004683841
624,0,0.33333334,7,0,0,0
625,0,0.68957245,31,0,0.132043578,0.056206089
626,12,1.31797,61,0.014336918,0.364965396,0.1264637
627,41,2.0257571,70,0.048984468,0.627313742,0.147540984
628,49,2.0147731,83,0.058542413,0.623242413,0.177985948
629,0,1.4666082,74,0,0.420059627,0.156908665
630,18,1.4644111,51,0.021505376,0.41924525,0.103044496
631,30,1.6261337,53,0.035842294,0.479189344,0.107728337
632,30,1.606352,57,0.035842294,0.47185706,0.117096019
633,18,1.4635203,54,0.021505376,0.418915066,0.110070258
634,10,1.1191936,39,0.011947431,0.291286941,0.074941452
635,8,1.0207884,33,0.009557945,0.254812073,0.06088993
636,12,1.2222222,25,0.014336918,0.329475519,0.042154567
637,167,2.2486382,72,0.199522103,0.709926844,0.152224824
638,16,1.4516129,58,0.01911589,0.414501469,0.119437939
639,8,1.0952908,40,0.009557945,0.28242713,0.077283372
640,12,1.2222222,28,0.014336918,0.329475519,0.049180328
641,12,1.2222222,23,0.014336918,0.329475519,0.037470726
642,8,0.98558021,21,0.009557945,0.241761806,0.032786885
643,6,0.8619656,20,0.007168459,0.195942818,0.030444965
644,6,0.8619656,20,0.007168459,0.195942818,0.030444965
645,8,0.98558021,21,0.009557945,0.241761806,0.032786885
646,12,1.2222222,23,0.014336918,0.329475519,0.037470726
647,14,1.3746208,89,0.016726404,0.38596358,0.192037471
648,8,1,32,0.009557945,0.247106645,0.058548009
649,6,0.8619656,20,0.007168459,0.195942818,0.030444965
650,6,0.84912294,16,0.007168459,0.191182558,0.021077283
651,6,0.8619656,17,0.007168459,0.195942818,0.023419204
652,8,0.98558021,19,0.009557945,0.241761806,0.028103044
653,18,1.2222222,24,0.021505376,0.329475519,0.039812646
654,8,0.98558021,19,0.009557945,0.241761806,0.028103044
655,6,0.8619656,17,0.007168459,0.195942818,0.023419204
656,6,0.84912294,15,0.007168459,0.191182558,0.018735363
657,6,0.84912294,15,0.007168459,0.191182558,0.018735363
658,6,0.8619656,17,0.007168459,0.195942818,0.023419204
659,8,0.98558021,21,0.009557945,0.241761806,0.032786885
660,18,1.2052853,27,0.021505376,0.323197688,0.046838407
661,8,0.98558021,21,0.009557945,0.241761806,0.032786885
662,6,0.8619656,18,0.007168459,0.195942818,0.025761124
663,6,0.8619656,22,0.007168459,0.195942818,0.035128806
664,8,1.0697098,32,0.009557945,0.272945277,0.058548009
665,34,1.5365106,52,0.040621266,0.445969648,0.105386417
666,8,1.0697098,32,0.009557945,0.272945277,0.058548009
667,6,0.8619656,21,0.007168459,0.195942818,0.032786885
668,6,0.84912294,15,0.007168459,0.191182558,0.018735363
669,6,0.84912294,15,0.007168459,0.191182558,0.018735363
670,6,0.8619656,18,0.007168459,0.195942818,0.025761124
671,8,1,22,0.009557945,0.247106645,0.035128806
672,22,1.3057258,29,0.026284349,0.360426961,0.051522248
673,22,1.3006579,37,0.026284349,0.358548493,0.070257611
674,8,1,24,0.009557945,0.247106645,0.039812646
675,6,0.8619656,18,0.007168459,0.195942818,0.025761124
676,6,0.84912294,15,0.007168459,0.191182558,0.018735363
677,6,0.84912294,14,0.007168459,0.191182558,0.016393443
678,6,0.84912294,15,0.007168459,0.191182558,0.018735363
679,6,0.8619656,20,0.007168459,0.195942818,0.030444965
680,8,1.0445806,36,0.009557945,0.263630889,0.067915691
681,30,1.4666082,52,0.035842294,0.420059627,0.105386417
682,26,1.6037242,63,0.031063321,0.470883039,0.131147541
683,20,1.5364467,58,0.023894863,0.445945963,0.119437939
684,10,1.1191936,39,0.011947431,0.291286941,0.074941452
685,6,0.91666669,34,0.007168459,0.216218323,0.06323185
686,8,1.0207884,35,0.009557945,0.254812073,0.06557377
687,16,1.3873683,44,0.01911589,0.390688568,0.086651054
688,0,0.33333334,7,0,0,0
689,4,0.70398736,9,0.004778973,0.137386608,0.004683841
690,6,0.87255627,11,0.007168459,0.199868356,0.009367681
691,6,0.84912294,14,0.007168459,0.191182558,0.016393443
692,6,0.8619656,19,0.007168459,0.195942818,0.028103044
693,8,0.98558021,21,0.009557945,0.241761806,0.032786885
694,12,1.2222222,23,0.014336918,0.329475519,0.037470726
695,60,1.7269484,73,0.071684588,0.516557318,0.154566745
696,10,1.1981546,49,0.011947431,0.320554623,0.098360656
697,46,1.7572933,40,0.054958184,0.527804958,0.077283372
698,48,1.6132691,43,0.05734767,0.474420952,0.084309133
699,12,1.2052853,31,0.014336918,0.323197688,0.056206089
700,12,1.238816,37,0.014336918,0.335626177,0.070257611
701,26,1.3845592,35,0.031063321,0.389647347,0.06557377
702,0,0.8870222,26,0,0.205230297,0.044496487
703,34,1.4864661,36,0.040621266,0.427420156,0.067915691
704,10,1.1058542,30,0.011947431,0.28634256,0.053864169
705,0,0.33333334,7,0,0,0
706,4,0.70398736,9,0.004778973,0.137386608,0.004683841
707,6,0.87255627,11,0.007168459,0.199868356,0.009367681
708,6,0.84912294,13,0.007168459,0.191182558,0.014051522
709,6,0.84912294,14,0.007168459,0.191182558,0.016393443
710,6,0.84912294,14,0.007168459,0.191182558,0.016393443
711,6,0.84912294,15,0.007168459,0.191182558,0.018735363
712,6,0.8619656,19,0.007168459,0.195942818,0.028103044
713,26,1.3845592,35,0.031063321,0.389647347,0.06557377
714,22,1.3006579,44,0.026284349,0.358548493,0.086651054
715,0,0.84912294,16,0,0.191182558,0.021077283
716,10,1.1492875,19,0.011947431,0.302441545,0.028103044
717,8,0.98558021,22,0.009557945,0.241761806,0.035128806
718,8,1.0207884,28,0.009557945,0.254812073,0.049180328
719,12,1.2052853,35,0.014336918,0.323197688,0.06557377
720,8,0.98558021,23,0.009557945,0.241761806,0.037470726
721,6,0.8619656,19,0.007168459,0.195942818,0.028103044
722,6,0.84912294,15,0.007168459,0.191182558,0.018735363
723,6,0.84912294,14,0.007168459,0.191182558,0.016393443
724,6,0.84912294,14,0.007168459,0.191182558,0.016393443
725,6,0.84912294,16,0.007168459,0.191182558,0.021077283
726,6,0.8870222,26,0.007168459,0.205230297,0.044496487
727,10,1.1058542,30,0.011947431,0.28634256,0.053864169
728,18,1.5154221,34,0.021505376,0.438152986,0.06323185
729,18,1.5154221,34,0.021505376,0.438152986,0.06323185
730,10,1.1058542,30,0.011947431,0.28634256,0.053864169
731,6,0.8870222,26,0.007168459,0.205230297,0.044496487
732,6,0.84912294,16,0.007168459,0.191182558,0.021077283
733,6,0.84912294,14,0.007168459,0.191182558,0.016393443
734,6,0.84912294,14,0.007168459,0.191182558,0.016393443
735,6,0.84912294,14,0.007168459,0.191182558,0.016393443
736,6,0.84912294,14,0.007168459,0.191182558,0.016393443
737,6,0.84912294,14,0.007168459,0.191182558,0.016393443
738,6,0.84912294,14,0.007168459,0.191182558,0.016393443
739,6,0.84912294,14,0.007168459,0.191182558,0.016393443
740,6,0.84912294,15,0.007168459,0.191182558,0.018735363
741,6,0.8619656,19,0.007168459,0.195942818,0.028103044
742,8,0.98558021,21,0.009557945,0.241761806,0.032786885
743,12,1.2222222,25,0.014336918,0.329475519,0.042154567
744,12,1.2222222,25,0.014336918,0.329475519,0.042154567
745,8,0.98558021,21,0.009557945,0.241761806,0.032786885
746,6,0.8619656,19,0.007168459,0.195942818,0.028103044
747,6,0.84912294,15,0.007168459,0.191182558,0.018735363
748,6,0.84912294,14,0.007168459,0.191182558,0.016393443
749,6,0.84912294,14,0.007168459,0.191182558,0.016393443
750,6,0.84912294,14,0.007168459,0.191182558,0.016393443
751,6,0.84912294,14,0.007168459,0.191182558,0.016393443
752,6,0.84912294,15,0.007168459,0.191182558,0.018735363
753,6,0.8619656,19,0.007168459,0.195942818,0.028103044
754,8,0.98558021,21,0.009557945,0.241761806,0.032786885
755,12,1.2222222,23,0.014336918,0.329475519,0.037470726
756,20,1.3873369,39,0.023894863,0.390676929,0.074941452
757,54,1.6828449,47,0.064516129,0.500209916,0.093676815
758,10,1.1981546,47,0.011947431,0.320554623,0.093676815
759,10,1.1365665,39,0.011947431,0.29772638,0.074941452
760,18,1.5154221,36,0.021505376,0.438152986,0.067915691
761,18,1.5154221,34,0.021505376,0.438152986,0.06323185
762,10,1.1058542,30,0.011947431,0.28634256,0.053864169
763,6,0.8870222,26,0.007168459,0.205230297,0.044496487
764,6,0.84912294,17,0.007168459,0.191182558,0.023419204
765,6,0.8619656,19,0.007168459,0.195942818,0.028103044
766,8,0.98558021,21,0.009557945,0.241761806,0.032786885
767,12,1.2222222,24,0.014336918,0.329475519,0.039812646
768,12,1.2222222,24,0.014336918,0.329475519,0.039812646
769,8,0.98558021,21,0.009557945,0.241761806,0.032786885
770,6,0.8619656,19,0.007168459,0.195942818,0.028103044
771,6,0.84912294,15,0.007168459,0.191182558,0.018735363
772,6,0.84912294,14,0.007168459,0.191182558,0.016393443
773,6,0.84912294,14,0.007168459,0.191182558,0.016393443
774,6,0.84912294,14,0.007168459,0.191182558,0.016393443
775,6,0.84912294,14,0.007168459,0.191182558,0.016393443
776,6,0.84912294,14,0.007168459,0.191182558,0.016393443
777,6,0.84912294,14,0.007168459,0.191182558,0.016393443
778,6,0.84912294,14,0.007168459,0.191182558,0.016393443
779,6,0.84912294,14,0.007168459,0.191182558,0.016393443
780,6,0.84912294,15,0.007168459,0.191182558,0.018735363
781,6,0.8619656,19,0.007168459,0.195942818,0.028103044
782,8,0.98558021,21,0.009557945,0.241761806,0.032786885
783,12,1.2222222,23,0.014336918,0.329475519,0.037470726
784,12,1.2222222,23,0.014336918,0.329475519,0.037470726
785,8,0.98558021,21,0.009557945,0.241761806,0.032786885
786,6,0.8619656,19,0.007168459,0.195942818,0.028103044
787,6,0.84912294,15,0.007168459,0.191182558,0.018735363
788,6,0.84912294,14,0.007168459,0.191182558,0.016393443
789,6,0.84912294,14,0.007168459,0.191182558,0.016393443
790,6,0.84912294,14,0.007168459,0.191182558,0.016393443
791,6,0.84912294,14,0.007168459,0.191182558,0.016393443
792,6,0.84912294,14,0.007168459,0.191182558,0.016393443
793,6,0.84912294,14,0.007168459,0.191182558,0.016393443
794,6,0.84912294,14,0.007168459,0.191182558,0.016393443
795,6,0.84912294,14,0.007168459,0.191182558,0.016393443
796,6,0.84912294,14,0.007168459,0.191182558,0.016393443
797,6,0.84912294,14,0.007168459,0.191182558,0.016393443
798,6,0.84912294,13,0.007168459,0.191182558,0.014051522
799,6,0.87255627,11,0.007168459,0.199868356,0.009367681
800,4,0.70398736,9,0.004778973,0.137386608,0.004683841
801,0,0.33333334,7,0,0,0
802,0,1.1561403,47,0,0.304981604,0.093676815
803,6,0.8619656,19,0.007168459,0.195942818,0.028103044
804,6,0.84912294,16,0.007168459,0.191182558,0.021077283
805,6,0.8619656,20,0.007168459,0.195942818,0.030444965
806,8,1,29,0.009557945,0.247106645,0.051522248
807,14,1.3076391,46,0.016726404,0.361136145,0.091334895
808,28,1.550553,49,0.033452808,0.451174604,0.098360656
809,24,1.4864661,41,0.028673835,0.427420156,0.079625293
810,16,1.2989333,38,0.01911589,0.357909253,0.072599532
811,16,1.2989333,40,0.01911589,0.357909253,0.077283372
812,16,1.3076391,47,0.01911589,0.361136145,0.093676815
813,20,1.4644111,49,0.023894863,0.41924525,0.098360656
814,16,1.3938289,52,0.01911589,0.393083254,0.105386417
815,12,1.2726263,50,0.014336918,0.348158301,0.100702576
816,48,1.6132691,45,0.05734767,0.474420952,0.088992974
817,10,1.1365665,31,0.011947431,0.29772638,0.056206089
818,6,0.8870222,22,0.007168459,0.205230297,0.035128806
819,6,0.84912294,16,0.007168459,0.191182558,0.021077283
820,6,0.84912294,14,0.007168459,0.191182558,0.016393443
821,6,0.84912294,15,0.007168459,0.191182558,0.018735363
822,6,0.8619656,21,0.007168459,0.195942818,0.032786885
823,8,1.0207884,33,0.009557945,0.254812073,0.06088993
824,16,1.3873683,42,0.01911589,0.390688568,0.081967213
825,8,0.98558021,22,0.009557945,0.241761806,0.035128806
826,10,1.1365665,31,0.011947431,0.29772638,0.056206089
827,6,0.8870222,22,0.007168459,0.205230297,0.035128806
828,6,0.84912294,16,0.007168459,0.191182558,0.021077283
829,6,0.84912294,14,0.007168459,0.191182558,0.016393443
830,6,0.84912294,16,0.007168459,0.191182558,0.021077283
831,10,1.1058542,30,0.011947431,0.28634256,0.053864169
832,18,1.5154221,34,0.021505376,0.438152986,0.06323185
833,6,0.8870222,26,0.007168459,0.205230297,0.044496487
834,8,1.0207884,28,0.009557945,0.254812073,0.049180328
835,6,0.91666669,29,0.007168459,0.216218323,0.051522248
836,12,1.2052853,38,0.014336918,0.323197688,0.072599532
837,13,1.4028426,57,0.015531661,0.396424271,0.117096019
838,54,1.8337219,85,0.064516129,0.55613398,0.182669789
839,22,1.5110798,71,0.026284349,0.436543469,0.149882904
840,42,1.6042534,63,0.050179211,0.471079193,0.131147541
841,10,1.1365665,37,0.011947431,0.29772638,0.070257611
842,8,0.98558021,25,0.009557945,0.241761806,0.042154567
843,8,0.98558021,23,0.009557945,0.241761806,0.037470726
844,10,1.1365665,37,0.011947431,0.29772638,0.070257611
845,42,1.6042534,63,0.050179211,0.471079193,0.131147541
846,22,1.5110798,71,0.026284349,0.436543469,0.149882904
847,65,1.8362781,90,0.077658303,0.557081461,0.194379391
848,20,1.4135897,59,0.023894863,0.400407791,0.121779859
849,12,1.2052853,36,0.014336918,0.323197688,0.067915691
850,6,0.91666669,29,0.007168459,0.216218323,0.051522248
851,8,1.0207884,28,0.009557945,0.254812073,0.049180328
852,0,1.2989333,44,0,0.357909253,0.086651054
853,18,1.4864661,45,0.021505376,0.427420156,0.088992974
854,10,1.1,30,0.011947431,0.284172642,0.053864169
855,4,0.72781962,21,0.004778973,0.146220273,0.032786885
856,0,0.33333334,9,0,0,0.004683841
857,20,1.4724894,58,0.023894863,0.422239552,0.119437939
858,62,1.8369439,88,0.074074074,0.557328247,0.18969555
859,0,0.84615386,37,0,0.190082039,0.070257611
860,16,1.5405476,66,0.01911589,0.447466003,0.138173302
861,34,1.7257152,99,0.040621266,0.51610022,0.215456674
862,38,1.8362781,127,0.045400239,0.557081461,0.281030445
863,50,2.0201983,148,0.059737157,0.625253317,0.330210773
864,66,2.0789747,136,0.078853047,0.647039376,0.302107728
865,40,1.8900454,111,0.047789725,0.577010847,0.243559719
866,22,1.606352,73,0.026284349,0.47185706,0.154566745
867,10,1.1365665,46,0.011947431,0.29772638,0.091334895
868,6,0.8870222,28,0.007168459,0.205230297,0.049180328
869,6,0.84912294,16,0.007168459,0.191182558,0.021077283
870,6,0.84912294,15,0.007168459,0.191182558,0.018735363
871,6,0.8619656,19,0.007168459,0.195942818,0.028103044
872,8,0.98558021,22,0.009557945,0.241761806,0.035128806
873,12,1.2063863,30,0.014336918,0.323605785,0.053864169
874,16,1.3006579,42,0.01911589,0.358548493,0.081967213
875,16,1.4028426,56,0.01911589,0.396424271,0.114754098
876,8,1.0207884,35,0.009557945,0.254812073,0.06557377
877,6,0.8870222,30,0.007168459,0.205230297,0.053864169
878,8,1.0697098,49,0.009557945,0.272945277,0.098360656
879,20,1.5364467,67,0.023894863,0.445945963,0.140515222
880,36,1.8369439,105,0.043010753,0.557328247,0.229508197
881,28,1.7820429,116,0.033452808,0.536978644,0.255269321
882,28,1.8369439,113,0.033452808,0.557328247,0.24824356
883,42,2.0269725,114,0.050179211,0.627764242,0.25058548
884,32,1.7812788,108,0.03823178,0.536695422,0.236533958
885,26,1.6178579,97,0.031063321,0.476121836,0.210772834
886,42,1.7495173,74,0.050179211,0.524922706,0.156908665
887,0,1.3845592,54,0,0.389647347,0.110070258
888,18,1.4028426,69,0.021505376,0.396424271,0.145199063
889,16,1.31797,65,0.01911589,0.364965396,0.135831382
890,13,1.3938289,70,0.015531661,0.393083254,0.147540984
891,22,1.8,93,0.026284349,0.543634622,0.201405152
892,47,1.9851656,131,0.056152927,0.612268098,0.290398126
893,37,1.8337219,121,0.044205496,0.55613398,0.266978923
894,32,1.6684235,89,0.03823178,0.49486448,0.192037471
895,0,1.3845592,60,0,0.389647347,0.12412178
896,0,1.2989333,55,0,0.357909253,0.112412178
897,27,1.6037242,89,0.032258065,0.470883039,0.192037471
898,36,1.8839941,128,0.043010753,0.574767873,0.283372365
899,46,2.040309,130,0.054958184,0.632707549,0.288056206
900,24,1.7909094,100,0.028673835,0.5402651,0.217798595
901,14,1.3938289,72,0.016726404,0.393083254,0.152224824
902,0,0.84912294,22,0,0.191182558,0.035128806
903,16,1.3270249,38,0.01911589,0.368321685,0.072599532
904,32,1.6261337,66,0.03823178,0.479189344,0.138173302
905,0,0.84912294,22,0,0.191182558,0.035128806
906,0,1.1058542,38,0,0.28634256,0.072599532
907,6,0.8870222,22,0.007168459,0.205230297,0.035128806
908,8,1,26,0.009557945,0.247106645,0.044496487
909,8,1.0207884,27,0.009557945,0.254812073,0.046838407
910,6,0.8870222,24,0.007168459,0.205230297,0.039812646
911,8,1.0207884,28,0.009557945,0.254812073,0.049180328
912,26,1.3873369,39,0.031063321,0.390676929,0.074941452
913,8,1.0207884,27,0.009557945,0.254812073,0.046838407
914,6,0.8619656,19,0.007168459,0.195942818,0.028103044
915,6,0.84912294,15,0.007168459,0.191182558,0.018735363
916,6,0.84912294,15,0.007168459,0.191182558,0.018735363
917,6,0.8619656,19,0.007168459,0.195942818,0.028103044
918,8,1.0207884,26,0.009557945,0.254812073,0.044496487
919,26,1.3845592,35,0.031063321,0.389647347,0.06557377
920,8,1.0207884,26,0.009557945,0.254812073,0.044496487
921,6,0.8619656,20,0.007168459,0.195942818,0.030444965
922,6,0.8619656,22,0.007168459,0.195942818,0.035128806
923,6,0.84912294,17,0.007168459,0.191182558,0.023419204
924,6,0.8619656,19,0.007168459,0.195942818,0.028103044
925,8,1.0207884,26,0.009557945,0.254812073,0.044496487
926,26,1.3845592,35,0.031063321,0.389647347,0.06557377
927,8,1.0207884,26,0.009557945,0.254812073,0.044496487
928,6,0.8619656,19,0.007168459,0.195942818,0.028103044
929,6,0.84912294,15,0.007168459,0.191182558,0.018735363
930,6,0.84912294,15,0.007168459,0.191182558,0.018735363
931,6,0.8619656,19,0.007168459,0.195942818,0.028103044
932,8,1.0207884,27,0.009557945,0.254812073,0.046838407
933,26,1.3873369,39,0.031063321,0.390676929,0.074941452
934,8,1.0207884,28,0.009557945,0.254812073,0.049180328
935,6,0.8870222,24,0.007168459,0.205230297,0.039812646
936,8,1.0207884,27,0.009557945,0.254812073,0.046838407
937,26,1.4255327,77,0.031063321,0.404834583,0.163934426
938,24,1.5364467,61,0.028673835,0.445945963,0.1264637
939,24,1.5405476,54,0.028673835,0.447466003,0.110070258
940,18,1.2989333,40,0.021505376,0.357909253,0.077283372
941,0,0.91666669,31,0,0.216218323,0.056206089
942,18,1.5967636,125,0.021505376,0.468303024,0.276346604
943,0,0.63684219,15,0,0.112498582,0.018735363
944,18,1.2222222,22,0.021505376,0.329475519,0.035128806
945,8,0.98558021,19,0.009557945,0.241761806,0.028103044
946,6,0.8619656,17,0.007168459,0.195942818,0.023419204
947,6,0.84912294,15,0.007168459,0.191182558,0.018735363
948,6,0.84912294,14,0.007168459,0.191182558,0.016393443
949,6,0.84912294,14,0.007168459,0.191182558,0.016393443
950,22,1.375,24,0.026284349,0.386104134,0.039812646
951,0,0.68957245,18,0,0.132043578,0.025761124
952,14,1.2052853,34,0.016726404,0.323197688,0.06323185
953,6,0.84912294,14,0.007168459,0.191182558,0.016393443
954,6,0.84912294,14,0.007168459,0.191182558,0.016393443
955,6,0.84912294,14,0.007168459,0.191182558,0.016393443
956,6,0.84912294,16,0.007168459,0.191182558,0.021077283
957,6,0.8870222,26,0.007168459,0.205230297,0.044496487
958,10,1.1058542,32,0.011947431,0.28634256,0.058548009
959,18,1.471094,47,0.021505376,0.421722333,0.093676815
960,18,1.471094,47,0.021505376,0.421722333,0.093676815
961,6,0.84912294,14,0.007168459,0.191182558,0.016393443
962,12,1.2123377,39,0.014336918,0.325811731,0.074941452
963,0,0.42239243,12,0,0.03301064,0.011709602
964,6,0.84912294,16,0.007168459,0.191182558,0.021077283
965,12,1.2671746,22,0.014336918,0.346137574,0.035128806
966,12,1.2052853,34,0.014336918,0.323197688,0.06323185
967,6,0.84912294,16,0.007168459,0.191182558,0.021077283
968,6,0.8870222,26,0.007168459,0.205230297,0.044496487
969,6,0.84912294,14,0.007168459,0.191182558,0.016393443
970,6,0.84912294,14,0.007168459,0.191182558,0.016393443
971,6,0.84912294,14,0.007168459,0.191182558,0.016393443
972,6,0.84912294,14,0.007168459,0.191182558,0.016393443
973,6,0.84912294,15,0.007168459,0.191182558,0.018735363
974,6,0.8619656,18,0.007168459,0.195942818,0.025761124
975,8,1,29,0.009557945,0.247106645,0.051522248
976,22,1.3443909,69,0.026284349,0.374758566,0.145199063
977,10,1.1365665,38,0.011947431,0.29772638,0.072599532
978,22,1.2989333,39,0.026284349,0.357909253,0.074941452
979,18,1.4382962,72,0.021505376,0.409565502,0.152224824
980,18,1.4791844,83,0.021505376,0.424721121,0.177985948
981,22,1.5598243,74,0.026284349,0.454611104,0.156908665
982,102,1.9731473,80,0.121863799,0.607813395,0.170960187
983,58,1.7426945,101,0.069295102,0.522393767,0.220140515
984,14,1.3592209,71,0.016726404,0.380255453,0.149882904
985,18,1.5110798,110,0.021505376,0.436543469,0.241217799
986,10,1.1058542,32,0.011947431,0.28634256,0.058548009
987,6,0.84912294,14,0.007168459,0.191182558,0.016393443
988,0,0.33333334,7,0,0,0
989,4,0.70398736,9,0.004778973,0.137386608,0.004683841
990,6,0.87255627,11,0.007168459,0.199868356,0.009367681
991,6,0.84912294,13,0.007168459,0.191182558,0.014051522
992,26,1.3873369,37,0.031063321,0.390676929,0.070257611
993,8,1.0207884,27,0.009557945,0.254812073,0.046838407
994,6,0.8619656,19,0.007168459,0.195942818,0.028103044
995,6,0.84912294,15,0.007168459,0.191182558,0.018735363
996,6,0.84912294,14,0.007168459,0.191182558,0.016393443
997,6,0.84912294,15,0.007168459,0.191182558,0.018735363
998,6,0.8619656,19,0.007168459,0.195942818,0.028103044
999,8,0.98558021,22,0.009557945,0.241761806,0.035128806
1000,12,1.2063863,26,0.014336918,0.323605785,0.044496487
1001,8,1.0207884,27,0.009557945,0.254812073,0.046838407
1002,12,1.2063863,28,0.014336918,0.323605785,0.049180328
1003,16,1.3057258,30,0.01911589,0.360426961,0.053864169
1004,22,1.3006579,37,0.026284349,0.358548493,0.070257611
1005,8,1.0207884,32,0.009557945,0.254812073,0.058548009
1006,8,1.0697098,47,0.009557945,0.272945277,0.093676815
1007,27,1.5469,93,0.032258065,0.449820583,0.201405152
1008,36,1.8077145,125,0.043010753,0.546494078,0.276346604
1009,60,1.8628219,130,0.071684588,0.566920185,0.288056206
1010,8,1.0207884,34,0.009557945,0.254812073,0.06323185
1011,6,0.84912294,14,0.007168459,0.191182558,0.016393443
1012,6,0.84912294,14,0.007168459,0.191182558,0.016393443
1013,6,0.84912294,15,0.007168459,0.191182558,0.018735363
1014,6,0.8619656,20,0.007168459,0.195942818,0.030444965
1015,8,1.0445806,30,0.009557945,0.263630889,0.053864169
1016,25,1.471094,37,0.029868578,0.421722333,0.070257611
1017,21,1.3873683,36,0.025089606,0.390688568,0.067915691
1018,8,1.0207884,28,0.009557945,0.254812073,0.049180328
1019,6,0.8619656,19,0.007168459,0.195942818,0.028103044
1020,6,0.84912294,15,0.007168459,0.191182558,0.018735363
1021,6,0.84912294,15,0.007168459,0.191182558,0.018735363
1022,6,0.8619656,19,0.007168459,0.195942818,0.028103044
1023,6,0.84912294,14,0.007168459,0.191182558,0.016393443
1024,12,1.2222222,24,0.014336918,0.329475519,0.039812646
1025,8,0.98558021,21,0.009557945,0.241761806,0.032786885
1026,6,0.8619656,19,0.007168459,0.195942818,0.028103044
1027,6,0.84912294,15,0.007168459,0.191182558,0.018735363
1028,6,0.84912294,14,0.007168459,0.191182558,0.016393443
1029,6,0.84912294,14,0.007168459,0.191182558,0.016393443
1030,6,0.84912294,14,0.007168459,0.191182558,0.016393443
1031,6,0.84912294,14,0.007168459,0.191182558,0.016393443
1032,6,0.84912294,14,0.007168459,0.191182558,0.016393443
1033,6,0.84912294,14,0.007168459,0.191182558,0.016393443
1034,6,0.84912294,14,0.007168459,0.191182558,0.016393443
1035,6,0.84912294,13,0.007168459,0.191182558,0.014051522
1036,6,0.87255627,11,0.007168459,0.199868356,0.009367681
1037,4,0.70398736,9,0.004778973,0.137386608,0.004683841
1038,0,0.33333334,7,0,0,0
1039,0,1.1492875,22,0,0.302441545,0.035128806
1040,14,1.4783703,26,0.016726404,0.424419367,0.044496487
1041,10,1.1058542,36,0.011947431,0.28634256,0.067915691
1042,10,1.1365665,41,0.011947431,0.29772638,0.079625293
1043,18,1.4864661,41,0.021505376,0.427420156,0.079625293
1044,18,1.4864661,39,0.021505376,0.427420156,0.074941452
1045,10,1.1058542,31,0.011947431,0.28634256,0.056206089
1046,6,0.8870222,26,0.007168459,0.205230297,0.044496487
1047,6,0.84912294,16,0.007168459,0.191182558,0.021077283
1048,6,0.84912294,14,0.007168459,0.191182558,0.016393443
1049,6,0.84912294,15,0.007168459,0.191182558,0.018735363
1050,6,0.8619656,19,0.007168459,0.195942818,0.028103044
1051,8,0.98558021,22,0.009557945,0.241761806,0.035128806
1052,12,1.2063863,28,0.014336918,0.323605785,0.049180328
1053,12,1.2052853,36,0.014336918,0.323197688,0.067915691
1054,8,1,28,0.009557945,0.247106645,0.049180328
1055,8,1,26,0.009557945,0.247106645,0.044496487
1056,12,1.2222222,25,0.014336918,0.329475519,0.042154567
1057,12,1.2222222,24,0.014336918,0.329475519,0.039812646
1058,8,0.98558021,21,0.009557945,0.241761806,0.032786885
1059,6,0.8619656,19,0.007168459,0.195942818,0.028103044
1060,6,0.84912294,15,0.007168459,0.191182558,0.018735363
1061,6,0.84912294,14,0.007168459,0.191182558,0.016393443
1062,6,0.84912294,14,0.007168459,0.191182558,0.016393443
1063,6,0.84912294,14,0.007168459,0.191182558,0.016393443
1064,6,0.84912294,14,0.007168459,0.191182558,0.016393443
1065,6,0.84912294,14,0.007168459,0.191182558,0.016393443
1066,6,0.84912294,14,0.007168459,0.191182558,0.016393443
1067,6,0.84912294,14,0.007168459,0.191182558,0.016393443
1068,6,0.84912294,16,0.007168459,0.191182558,0.021077283
1069,6,0.8870222,24,0.007168459,0.205230297,0.039812646
1070,10,1.1087778,24,0.011947431,0.287426221,0.039812646
1071,14,1.4783703,24,0.016726404,0.424419367,0.039812646
1072,0,1.1492875,22,0,0.302441545,0.035128806
1073,78,2.1645069,243,0.093189964,0.678742739,0.552693208
1074,413,2.6165133,256,0.493428913,0.846283418,0.583138173
1075,837,3.0312238,312,1,1,0.714285714
1076,110,2.280468,223,0.131421744,0.721724877,0.505854801
1077,17,1.5717616,122,0.020310633,0.459035783,0.269320843
1078,29,1.6684235,88,0.034647551,0.49486448,0.18969555
1079,6,0.91666669,24,0.007168459,0.216218323,0.039812646
1080,0,0.42239243,13,0,0.03301064,0.014051522
1081,7,1.4135897,82,0.008363202,0.400407791,0.175644028
1082,60,1.8855816,140,0.071684588,0.575356295,0.31147541
1083,46,2.2081959,229,0.054958184,0.694936502,0.519906323
1084,3,2.0531211,206,0.003584229,0.637456481,0.466042155
1085,12,2.0531211,206,0.014336918,0.637456481,0.466042155
1086,6,2.0531211,206,0.007168459,0.637456481,0.466042155
1087,71,2.072258,141,0.084826762,0.644549764,0.31381733
1088,0,0.9792943,42,0,0.239431871,0.081967213
1089,1,1.3304729,73,0.001194743,0.369599721,0.154566745
1090,3,1.3304729,73,0.003584229,0.369599721,0.154566745
1091,40,1.8348413,146,0.047789725,0.556548897,0.325526932
1092,37,1.6118186,63,0.044205496,0.47388331,0.131147541
1093,7,1.0697098,38,0.008363202,0.272945277,0.072599532
1094,9,1.2123377,32,0.010752688,0.325811731,0.058548009
1095,3,0.8870222,22,0.003584229,0.205230297,0.035128806
1096,4,0.84912294,20,0.004778973,0.191182558,0.030444965
1097,22,1.3006579,38,0.026284349,0.358548493,0.072599532
1098,8,1,24,0.009557945,0.247106645,0.039812646
1099,6,0.8619656,18,0.007168459,0.195942818,0.025761124
1100,6,0.84912294,16,0.007168459,0.191182558,0.021077283
1101,6,0.8619656,18,0.007168459,0.195942818,0.025761124
1102,8,1,24,0.009557945,0.247106645,0.039812646
1103,10,1.1561403,39,0.011947431,0.304981604,0.074941452
1104,8,1.0445806,32,0.009557945,0.263630889,0.058548009
1105,48,1.6037242,58,0.05734767,0.470883039,0.119437939
1106,8,1.0207884,31,0.009557945,0.254812073,0.056206089
1107,0,0.49860358,15,0,0.061259062,0.018735363
1108,10,1.1191936,32,0.011947431,0.291286941,0.058548009
1109,4,0.72781962,17,0.004778973,0.146220273,0.023419204
1110,0,0.33333334,9,0,0,0.004683841
1111,29,1.5688319,75,0.034647551,0.457949861,0.159250585
1112,8,1.1561403,45,0.009557945,0.304981604,0.088992974
1113,17,1.2241485,40,0.020310633,0.330189521,0.077283372
1114,37,1.606352,52,0.044205496,0.47185706,0.105386417
1115,8,1.0952908,37,0.009557945,0.28242713,0.070257611
1116,6,0.8870222,25,0.007168459,0.205230297,0.042154567
1117,18,1.2671746,19,0.021505376,0.346137574,0.028103044
1118,8,0.98558021,19,0.009557945,0.241761806,0.028103044
1119,8,1,31,0.009557945,0.247106645,0.056206089
1120,8,1.1950141,60,0.009557945,0.319390566,0.12412178
1121,29,1.7914909,107,0.034647551,0.540480639,0.234192037
1122,6,0.84912294,14,0.007168459,0.191182558,0.016393443
1123,0,0.42239243,10,0,0.03301064,0.007025761
1124,0,0.63684219,20,0,0.112498582,0.030444965
1125,94,1.9731473,74,0.112305854,0.607813395,0.156908665
1126,0,1.1208336,45,0,0.291894824,0.088992974
1127,12,1.238816,47,0.014336918,0.335626177,0.093676815
1128,65,1.7909094,85,0.077658303,0.5402651,0.182669789
1129,17,1.3845592,49,0.020310633,0.389647347,0.098360656
1130,7,1.2621337,73,0.008363202,0.344269115,0.154566745
1131,25,1.8496778,164,0.029868578,0.562048194,0.367681499
1132,31,1.8688198,137,0.037037037,0.569143367,0.304449649
1133,0,1.1708162,65,0,0.310421373,0.135831382
1134,20,1.8688198,137,0.023894863,0.569143367,0.304449649
1135,5,1.8351884,173,0.005973716,0.556677553,0.388758782
1136,82,2.1750336,264,0.097968937,0.682644565,0.601873536
1137,159,2.2292216,234,0.189964158,0.702729888,0.531615925
1138,43,1.6249448,85,0.051373955,0.478748666,0.182669789
1139,14,1.5992693,108,0.016726404,0.469231786,0.236533958
1140,79,1.9768722,125,0.094384707,0.609194066,0.276346604
1141,203,2.3334558,189,0.242532855,0.741365333,0.426229508
1142,37,1.6178579,83,0.044205496,0.476121836,0.177985948
1143,18,1.4135897,64,0.021505376,0.400407791,0.133489461
1144,14,1.390353,87,0.016726404,0.391794877,0.18735363
1145,17,1.3076391,45,0.020310633,0.361136145,0.088992974
1146,1,1.0207884,37,0.001194743,0.254812073,0.070257611
1147,6,1.2829794,70,0.007168459,0.351995781,0.147540984
1148,30,1.4666082,54,0.035842294,0.420059627,0.110070258
1149,77,1.8337219,99,0.091995221,0.55613398,0.215456674
1150,14,1.469555,82,0.016726404,0.421151888,0.175644028
1151,32,1.787379,115,0.03823178,0.538956522,0.2529274
1152,12,1.5592874,113,0.014336918,0.454412096,0.24824356
1153,111,2.1592584,260,0.132616487,0.67679733,0.592505855
1154,22,2.0031416,244,0.026284349,0.618931081,0.555035129
1155,670,2.8609815,345,0.800477897,0.936897994,0.791569087
1156,62,2.1488113,259,0.074074074,0.672925008,0.590163934
1157,24,1.8443592,172,0.028673835,0.560076802,0.386416862
1158,32,1.6741856,88,0.03823178,0.49700026,0.18969555
1159,8,1.238816,47,0.009557945,0.335626177,0.093676815
1160,18,1.3006579,48,0.021505376,0.358548493,0.096018735
1161,26,1.5346701,94,0.031063321,0.445287449,0.203747073
1162,64,1.9261212,175,0.07646356,0.590382702,0.393442623
1163,18,1.5110798,79,0.021505376,0.436543469,0.168618267
1164,122,2.0270002,135,0.145758662,0.627774509,0.299765808
1165,10,1.6071428,70,0.011947431,0.472150178,0.147540984
1166,68,1.8599865,60,0.081242533,0.565869216,0.12412178
1167,76,1.8597906,89,0.090800478,0.565796604,0.192037471
1168,0,1.0405263,43,0,0.262128122,0.084309133
1169,0,1.0405263,43,0,0.262128122,0.084309133
1170,0,1.0445806,37,0,0.263630889,0.070257611
1171,0,1.2552096,47,0,0.341702628,0.093676815
1172,32,1.6741856,96,0.03823178,0.49700026,0.208430913
1173,5,1.1460608,53,0.005973716,0.301245537,0.107728337
1174,9,1.2409762,78,0.010752688,0.336426876,0.166276347
1175,16,1.4028426,60,0.01911589,0.396424271,0.12412178
1176,6,1.0102814,36,0.007168459,0.250917548,0.067915691
1177,8,1,31,0.009557945,0.247106645,0.056206089
1178,12,1.5517242,70,0.014336918,0.451608721,0.147540984
1179,2,1.5517242,70,0.002389486,0.451608721,0.147540984
1180,48,2.1060605,195,0.05734767,0.657078998,0.44028103
1181,11,1.8839605,139,0.013142174,0.574755418,0.309133489
1182,43,1.8750838,183,0.051373955,0.571465181,0.412177986
1183,8,1.8888417,224,0.009557945,0.576564684,0.508196721
1184,271,2.5235329,258,0.323775388,0.811819306,0.587822014
1185,4,1.7488363,137,0.004778973,0.524670286,0.304449649
1186,8,1.7488363,137,0.009557945,0.524670286,0.304449649
1187,5,1.7488363,137,0.005973716,0.524670286,0.304449649
1188,5,1.7488363,137,0.005973716,0.524670286,0.304449649
1189,8,1.7488363,137,0.009557945,0.524670286,0.304449649
1190,32,2.019321,183,0.03823178,0.624928137,0.412177986
1191,240,2.3357198,194,0.286738351,0.742204507,0.43793911
1192,67,2.0712798,201,0.08004779,0.644187185,0.454332553
1193,43,1.8421876,163,0.051373955,0.559271876,0.365339578
1194,2,1.0952908,63,0.002389486,0.28242713,0.131147541
1195,3,1.5627899,144,0.003584229,0.455710333,0.320843091
1196,10,1.1981546,67,0.011947431,0.320554623,0.140515222
1197,6,0.8870222,30,0.007168459,0.205230297,0.053864169
1198,6,0.8870222,24,0.007168459,0.205230297,0.039812646
1199,10,1.1365665,31,0.011947431,0.29772638,0.056206089
1200,44,1.6474625,37,0.052568698,0.487095076,0.070257611
1201,10,1.1365665,34,0.011947431,0.29772638,0.06323185
1202,6,0.9792943,36,0.007168459,0.239431871,0.067915691
1203,12,1.2906152,60,0.014336918,0.354826067,0.12412178
1204,256,2.4884739,164,0.305854241,0.798824338,0.367681499
1205,100,1.9445313,115,0.119474313,0.597206589,0.2529274
1206,37,1.6992515,108,0.044205496,0.506291186,0.236533958
1207,6,1.0952908,55,0.007168459,0.28242713,0.112412178
1208,5,1.0697098,46,0.005973716,0.272945277,0.091334895
1209,19,1.5395753,68,0.022700119,0.44710561,0.142857143
1210,21,1.4666082,60,0.025089606,0.420059627,0.12412178
1211,9,1.2409762,69,0.010752688,0.336426876,0.145199063
1212,29,1.8140556,116,0.034647551,0.54884447,0.255269321
1213,22,1.7429162,111,0.026284349,0.522475942,0.243559719
1214,14,1.7429162,116,0.016726404,0.522475942,0.255269321
1215,316,2.5152185,205,0.377538829,0.80873749,0.463700234
1216,117,2.3036129,202,0.139784946,0.730303765,0.456674473
1217,367,2.6014655,170,0.438470729,0.840705801,0.381733021
1218,88,2.1240644,121,0.105137395,0.663752323,0.266978923
1219,34,1.9329244,110,0.040621266,0.592904376,0.241217799
1220,26,1.9512056,169,0.031063321,0.599680485,0.379391101
1221,42,1.8077145,133,0.050179211,0.546494078,0.295081967
1222,40,1.6700469,99,0.047789725,0.49546621,0.215456674
1223,9,1.9161526,199,0.010752688,0.586687741,0.449648712
1224,16,1.5212561,113,0.01911589,0.440315416,0.24824356
1225,10,1.4175341,116,0.011947431,0.401869822,0.255269321
1226,74,2.1333411,226,0.088410992,0.667190824,0.512880562
1227,5,1.0697098,44,0.005973716,0.272945277,0.086651054
1228,5,1.0697098,53,0.005973716,0.272945277,0.107728337
1229,25,1.6434549,120,0.029868578,0.48560962,0.264637002
1230,111,2.0183253,146,0.132616487,0.624559071,0.325526932
1231,2,1.3592209,68,0.002389486,0.380255453,0.142857143
1232,22,1.5395753,70,0.026284349,0.44710561,0.147540984
1233,25,1.6666666,98,0.029868578,0.494213268,0.213114754
1234,0,1.3592209,68,0,0.380255453,0.142857143
1235,8,1.2052853,47,0.009557945,0.323197688,0.093676815
1236,4,1.1708162,65,0.004778973,0.310421373,0.135831382
1237,42,1.8188498,169,0.050179211,0.550621488,0.379391101
1238,80,2.1592584,241,0.09557945,0.67679733,0.548009368
1239,607,2.8430991,362,0.72520908,0.930269704,0.831381733
1240,344,2.4695692,233,0.410991637,0.791817122,0.529274005
1241,6,0.94787496,37,0.007168459,0.227785979,0.070257611
1242,8,1.1460608,53,0.009557945,0.301245537,0.107728337
1243,44,1.7555087,109,0.052568698,0.527143478,0.238875878
1244,20,1.6322472,109,0.023894863,0.481455374,0.238875878
1245,6,1.0983083,55,0.007168459,0.283545597,0.112412178
1246,10,1.1561403,43,0.011947431,0.304981604,0.084309133
1247,49,1.6981779,48,0.058542413,0.505893245,0.096018735
1248,16,1.5717616,107,0.01911589,0.459035783,0.234192037
1249,7,1.3034559,71,0.008363202,0.3595856,0.149882904
1250,22,1.3938289,52,0.026284349,0.393083254,0.105386417
1251,0,0.73918515,28,0,0.15043302,0.049180328
1252,10,1.1981546,50,0.011947431,0.320554623,0.100702576
1253,26,1.5395753,67,0.031063321,0.44710561,0.140515222
1254,32,1.4644111,50,0.03823178,0.41924525,0.100702576
1255,0,0.80638385,26,0,0.175340888,0.044496487
1256,25,1.5365106,59,0.029868578,0.445969648,0.121779859
1257,20,1.5395753,60,0.023894863,0.44710561,0.12412178
1258,10,1.2196002,48,0.011947431,0.328503649,0.096018735
1259,14,1.2052853,31,0.016726404,0.323197688,0.056206089
1260,14,1.2052853,30,0.016726404,0.323197688,0.053864169
1261,26,1.3988512,36,0.031063321,0.394944819,0.067915691
1262,18,1.2222222,23,0.021505376,0.329475519,0.037470726
1263,6,0.84912294,15,0.007168459,0.191182558,0.018735363
1264,0,0.42239243,10,0,0.03301064,0.007025761
1265,0,0.63684219,15,0,0.112498582,0.018735363
1266,0,0.8870222,24,0,0.205230297,0.039812646
1267,8,1.0207884,29,0.009557945,0.254812073,0.051522248
1268,6,0.8619656,19,0.007168459,0.195942818,0.028103044
1269,6,0.84912294,16,0.007168459,0.191182558,0.021077283
1270,6,0.8619656,19,0.007168459,0.195942818,0.028103044
1271,8,1.0207884,27,0.009557945,0.254812073,0.046838407
1272,25,1.6071428,68,0.029868578,0.472150178,0.142857143
1273,3,1.3304729,51,0.003584229,0.369599721,0.103044496
1274,12,1.3992285,78,0.014336918,0.395084669,0.166276347
1275,26,1.4255327,60,0.031063321,0.404834583,0.12412178
1276,12,1.2726263,47,0.014336918,0.348158301,0.093676815
1277,38,1.6474625,42,0.045400239,0.487095076,0.081967213
1278,54,1.6828449,49,0.064516129,0.500209916,0.098360656
1279,16,1.3845592,39,0.01911589,0.389647347,0.074941452
1280,4,1.2123377,34,0.004778973,0.325811731,0.06323185
1281,39,1.7520223,135,0.046594982,0.525851209,0.299765808
1282,16,1.6434549,126,0.01911589,0.48560962,0.278688525
1283,32,1.6857162,90,0.03823178,0.501274192,0.194379391
1284,168,2.3100555,83,0.200716846,0.732691779,0.177985948
1285,6,1.5226898,83,0.007168459,0.440846831,0.177985948
1286,3,1.4028426,50,0.003584229,0.396424271,0.100702576
1287,41,1.6666666,59,0.048984468,0.494213268,0.121779859
1288,10,1.2196002,45,0.011947431,0.328503649,0.088992974
1289,6,0.8870222,24,0.007168459,0.205230297,0.039812646
1290,8,1.0697098,35,0.009557945,0.272945277,0.06557377
1291,34,1.5448366,53,0.040621266,0.449055763,0.107728337
1292,0,0.82939059,30,0,0.183868566,0.053864169
1293,110,2.062937,70,0.131421744,0.641094843,0.147540984
1294,12,1.3455029,55,0.014336918,0.37517074,0.112412178
1295,8,1.0445806,35,0.009557945,0.263630889,0.06557377
1296,0,0.33333334,7,0,0,0
1297,4,0.70398736,9,0.004778973,0.137386608,0.004683841
1298,6,0.87255627,11,0.007168459,0.199868356,0.009367681
1299,6,0.84912294,15,0.007168459,0.191182558,0.018735363
1300,6,0.8870222,24,0.007168459,0.205230297,0.039812646
1301,10,1.1561403,40,0.011947431,0.304981604,0.077283372
1302,51,1.6700469,62,0.0609319,0.49546621,0.128805621
1303,6,1.1561403,41,0.007168459,0.304981604,0.079625293
1304,0,1.2621337,49,0,0.344269115,0.098360656
1305,2,1.0102814,37,0.002389486,0.250917548,0.070257611
1306,8,1.2906152,48,0.009557945,0.354826067,0.096018735
1307,12,1.4135897,49,0.014336918,0.400407791,0.098360656
1308,11,1.3088794,50,0.013142174,0.361595874,0.100702576
1309,13,1.4255327,51,0.015531661,0.404834583,0.103044496
1310,4,0.94787496,31,0.004778973,0.227785979,0.056206089
1311,5,0.8870222,28,0.005973716,0.205230297,0.049180328
1312,22,1.31797,49,0.026284349,0.364965396,0.098360656
1313,12,1.2552096,45,0.014336918,0.341702628,0.088992974
1314,44,1.6037242,66,0.052568698,0.470883039,0.138173302
1315,12,1.3088794,62,0.014336918,0.361595874,0.128805621
1316,8,1.0207884,27,0.009557945,0.254812073,0.046838407
1317,8,1.0445806,31,0.009557945,0.263630889,0.056206089
1318,12,1.2123377,30,0.014336918,0.325811731,0.053864169
1319,36,1.471094,33,0.043010753,0.421722333,0.06088993
1320,10,1.1,23,0.011947431,0.284172642,0.037470726
1321,37,1.6008096,33,0.044205496,0.469802714,0.06088993
1322,10,1.3076391,35,0.011947431,0.361136145,0.06557377
1323,0,0.84615386,25,0,0.190082039,0.042154567
1324,4,0.72781962,15,0.004778973,0.146220273,0.018735363
1325,0,0.33333334,9,0,0,0.004683841
1326,10,1.1,23,0.011947431,0.284172642,0.037470726
1327,4,0.72781962,15,0.004778973,0.146220273,0.018735363
1328,0,0.33333334,9,0,0,0.004683841
1329,12,1.2241485,34,0.014336918,0.330189521,0.06323185
1330,22,1.3076391,42,0.026284349,0.361136145,0.081967213
1331,26,1.4135897,54,0.031063321,0.400407791,0.110070258
1332,14,1.40625,72,0.016726404,0.397687258,0.152224824
1333,12,1.2726263,55,0.014336918,0.348158301,0.112412178
1334,4,0.76619166,23,0.004778973,0.160443252,0.037470726
1335,0,0.33333334,10,0,0,0.007025761
1336,12,1.2906152,58,0.014336918,0.354826067,0.119437939
1337,6,0.91666669,27,0.007168459,0.216218323,0.046838407
1338,6,0.87255627,14,0.007168459,0.199868356,0.016393443
1339,4,0.70398736,9,0.004778973,0.137386608,0.004683841
1340,0,0.33333334,7,0,0,0
1341,8,1,28,0.009557945,0.247106645,0.049180328
1342,6,0.94787496,28,0.007168459,0.227785979,0.049180328
1343,12,1.2052853,31,0.014336918,0.323197688,0.056206089
1344,46,1.6474625,40,0.054958184,0.487095076,0.077283372
1345,20,1.4644111,42,0.023894863,0.41924525,0.081967213
1346,16,1.3873683,35,0.01911589,0.390688568,0.06557377
1347,8,1.0207884,28,0.009557945,0.254812073,0.049180328
1348,0,0.91666669,26,0,0.216218323,0.044496487
1349,14,1.3076391,38,0.016726404,0.361136145,0.072599532
1350,26,1.3873369,48,0.031063321,0.390676929,0.096018735
1351,22,1.31797,41,0.026284349,0.364965396,0.079625293
1352,8,1,27,0.009557945,0.247106645,0.046838407
1353,6,0.8870222,25,0.007168459,0.205230297,0.042154567
1354,10,1.2196002,55,0.011947431,0.328503649,0.112412178
1355,10,1.1768752,53,0.011947431,0.312667201,0.107728337
1356,12,1.2552096,52,0.014336918,0.341702628,0.105386417
1357,16,1.6178579,99,0.01911589,0.476121836,0.215456674
1358,94,2.1023719,77,0.112305854,0.655711782,0.163934426
1359,14,1.8959359,68,0.016726404,0.57919422,0.142857143
1360,6,1.7379411,68,0.007168459,0.520631872,0.142857143
1361,151,3,78,0.180406213,0.988426587,0.166276347
1362,3,1.7379411,68,0.003584229,0.520631872,0.142857143
1363,3,1.7379411,68,0.003584229,0.520631872,0.142857143
1364,21,1.8959359,68,0.025089606,0.57919422,0.142857143
1365,1,1.6261337,56,0.001194743,0.479189344,0.114754098
1366,0,1.7379411,68,0,0.520631872,0.142857143
1367,7,1.31797,53,0.008363202,0.364965396,0.107728337
1368,7,1.6261337,56,0.008363202,0.479189344,0.114754098
1369,2,1.6261337,56,0.002389486,0.479189344,0.114754098
1370,26,1.7963344,115,0.031063321,0.542275931,0.2529274
1371,34,1.7821976,95,0.040621266,0.537035985,0.206088993
1372,20,1.7702218,169,0.023894863,0.532597035,0.379391101
1373,2,1.1950141,62,0.002389486,0.319390566,0.128805621
1374,20,1.6322472,137,0.023894863,0.481455374,0.304449649
1375,4,0.9216888,48,0.004778973,0.218079818,0.096018735
1376,0,0.33333334,14,0,0,0.016393443
1377,15,1.7213885,175,0.017921147,0.514496486,0.393442623
1378,42,1.896242,184,0.050179211,0.579307679,0.414519906
1379,6,1.0698866,66,0.007168459,0.27301081,0.138173302
1380,0,0.42239243,19,0,0.03301064,0.028103044
1381,2,1.390353,91,0.002389486,0.391794877,0.196721311
1382,27,2.0980964,162,0.032258065,0.654127025,0.362997658
1383,30,1.8273257,146,0.035842294,0.553763165,0.325526932
1384,31,2.0980964,162,0.037037037,0.654127025,0.362997658
1385,16,1.6100973,135,0.01911589,0.473245293,0.299765808
1386,12,1.727844,188,0.014336918,0.516889281,0.423887588
1387,16,1.7426945,113,0.01911589,0.522393767,0.24824356
1388,17,1.787379,127,0.020310633,0.538956522,0.281030445
1389,2,1.787379,127,0.002389486,0.538956522,0.281030445
1390,3,1.787379,127,0.003584229,0.538956522,0.281030445
1391,2,1.787379,127,0.002389486,0.538956522,0.281030445
1392,23,1.8017781,135,0.027479092,0.544293692,0.299765808
1393,12,1.4931926,110,0.014336918,0.4299134,0.241217799
1394,34,1.5887082,101,0.040621266,0.465317209,0.220140515
1395,33,1.7093985,121,0.039426523,0.510052272,0.266978923
1396,8,1.238816,58,0.009557945,0.335626177,0.119437939
1397,18,1.3746208,81,0.021505376,0.38596358,0.173302108
1398,0,0.68957245,28,0,0.132043578,0.049180328
1399,6,1.1365665,46,0.007168459,0.29772638,0.091334895
1400,22,1.5110798,93,0.026284349,0.436543469,0.201405152
1401,18,1.2241485,51,0.021505376,0.330189521,0.103044496
1402,0,0.63684219,19,0,0.112498582,0.028103044
1403,8,0.98510355,20,0.009557945,0.241585127,0.030444965
1404,4,0.69804502,12,0.004778973,0.135184021,0.011709602
1405,0,0.33333334,8,0,0,0.00234192
1406,8,1.6503496,102,0.009557945,0.488165209,0.222482436
1407,3,1.1561403,52,0.003584229,0.304981604,0.105386417
1408,22,1.7372102,102,0.026284349,0.520360956,0.222482436
1409,14,1.7081656,106,0.016726404,0.509595286,0.231850117
1410,48,1.7164973,99,0.05734767,0.512683513,0.215456674
1411,4,1.7081656,106,0.004778973,0.509595286,0.231850117
1412,4,1.4255327,68,0.004778973,0.404834583,0.142857143
1413,2,1.2409762,63,0.002389486,0.336426876,0.131147541
1414,14,1.3746208,72,0.016726404,0.38596358,0.152224824
1415,0,1.1768752,64,0,0.312667201,0.133489461
1416,0,1.4522455,95,0,0.414735949,0.206088993
1417,6,0.8870222,25,0.007168459,0.205230297,0.042154567
1418,10,1.1561403,49,0.011947431,0.304981604,0.098360656
1419,6,0.84912294,16,0.007168459,0.191182558,0.021077283
1420,6,0.84912294,15,0.007168459,0.191182558,0.018735363
1421,6,0.8619656,24,0.007168459,0.195942818,0.039812646
1422,8,1.1460608,71,0.009557945,0.301245537,0.149882904
1423,2,1.6503496,102,0.002389486,0.488165209,0.222482436
1424,172,2.2601235,258,0.205495818,0.714183985,0.587822014
1425,74,2.2399478,303,0.088410992,0.706705661,0.693208431
1426,34,1.5598243,96,0.040621266,0.454611104,0.208430913
1427,0,0.84615386,36,0,0.190082039,0.067915691
1428,0,0.84615386,36,0,0.190082039,0.067915691
1429,6,1.4652896,107,0.007168459,0.419570875,0.234192037
1430,2,1.3815587,96,0.002389486,0.388535182,0.208430913
1431,19,2.0069087,247,0.022700119,0.620327395,0.56206089
1432,14,1.4538981,100,0.016726404,0.415348502,0.217798595
1433,6,0.94787496,39,0.007168459,0.227785979,0.074941452
1434,6,0.84912294,22,0.007168459,0.191182558,0.035128806
1435,6,0.94787496,43,0.007168459,0.227785979,0.084309133
1436,14,1.469555,102,0.016726404,0.421151888,0.222482436
1437,38,1.8833622,114,0.045400239,0.574533652,0.25058548
1438,28,1.5110798,81,0.033452808,0.436543469,0.173302108
1439,8,1.2621337,77,0.009557945,0.344269115,0.163934426
1440,22,1.7777745,130,0.026284349,0.535396519,0.288056206
1441,22,1.7195774,124,0.026284349,0.513825183,0.274004684
1442,63,2.0485446,168,0.075268817,0.635760156,0.37704918
1443,118,2.2324619,216,0.140979689,0.703930937,0.489461358
1444,56,1.9742178,160,0.066905615,0.608210187,0.358313817
1445,3,1.3034559,78,0.003584229,0.3595856,0.166276347
1446,39,1.6503496,108,0.046594982,0.488165209,0.236533958
1447,5,1.5352089,117,0.005973716,0.44548716,0.257611241
1448,156,2.2474272,214,0.186379928,0.709477975,0.484777518
1449,27,1.785715,151,0.032258065,0.538339744,0.337236534
1450,9,1.3088794,72,0.010752688,0.361595874,0.152224824
1451,31,1.632839,88,0.037037037,0.48167473,0.18969555
1452,38,1.5598243,84,0.045400239,0.454611104,0.180327869
1453,18,1.5967636,118,0.021505376,0.468303024,0.259953162
1454,20,1.6597091,120,0.023894863,0.491634401,0.264637002
1455,1,0.9792943,48,0.001194743,0.239431871,0.096018735
1456,3,1.3431821,103,0.003584229,0.374310512,0.224824356
1457,8,1.3815587,97,0.009557945,0.388535182,0.210772834
1458,6,1.8952166,190,0.007168459,0.578927604,0.428571429
1459,5,1.8952166,190,0.005973716,0.578927604,0.428571429
1460,1,1.0233698,73,0.001194743,0.255768894,0.154566745
1461,19,1.8952166,190,0.022700119,0.578927604,0.428571429
1462,0,1.5003179,103,0,0.432554463,0.224824356
1463,19,1.6211112,105,0.022700119,0.477327704,0.229508197
1464,4,1.0102814,44,0.004778973,0.250917548,0.086651054
1465,3,0.84912294,22,0.003584229,0.191182558,0.035128806
1466,5,1.1208336,48,0.005973716,0.291894824,0.096018735
1467,8,1.1460608,55,0.009557945,0.301245537,0.112412178
1468,20,1.6434549,112,0.023894863,0.48560962,0.245901639
1469,12,1.2063863,36,0.014336918,0.323605785,0.067915691
1470,7,1.2222222,27,0.008363202,0.329475519,0.046838407
1471,15,1.3873683,36,0.017921147,0.390688568,0.067915691
1472,6,1.1191936,32,0.007168459,0.291286941,0.058548009
1473,3,0.98558021,25,0.003584229,0.241761806,0.042154567
1474,19,1.4744722,32,0.022700119,0.422974497,0.058548009
1475,12,1.4644111,51,0.014336918,0.41924525,0.103044496
1476,15,1.4244281,34,0.017921147,0.404425152,0.06323185
1477,0,1.0207884,32,0,0.254812073,0.058548009
1478,0,0.76619166,23,0,0.160443252,0.037470726
1479,3,1.31797,51,0.003584229,0.364965396,0.103044496
1480,10,1.1561403,53,0.011947431,0.304981604,0.107728337
1481,12,1.4255327,64,0.014336918,0.404834583,0.133489461
1482,10,1.3034559,78,0.011947431,0.3595856,0.166276347
1483,4,1.2726263,66,0.004778973,0.348158301,0.138173302
1484,11,1.6546941,125,0.013142174,0.489775541,0.276346604
1485,21,1.8883823,173,0.025089606,0.576394403,0.388758782
1486,22,1.906162,200,0.026284349,0.582984626,0.451990632
1487,5,1.7500782,153,0.005973716,0.525130609,0.341920375
1488,8,0.98558021,21,0.009557945,0.241761806,0.032786885
1489,4,0.69804502,13,0.004778973,0.135184021,0.014051522
1490,0,0.33333334,8,0,0,0.00234192
1491,0,0.80638385,26,0,0.175340888,0.044496487
1492,26,1.5405476,54,0.031063321,0.447466003,0.110070258
1493,21,1.5,64,0.025089606,0.432436631,0.133489461
1494,14,1.4635203,57,0.016726404,0.418915066,0.117096019
1495,23,1.4666082,57,0.027479092,0.420059627,0.117096019
1496,0,0.78571427,32,0,0.167679502,0.058548009
1497,0,0.9792943,32,0,0.239431871,0.058548009
1498,0,0.9792943,32,0,0.239431871,0.058548009
1499,0,0.73918515,21,0,0.15043302,0.032786885
1500,14,1.3006579,34,0.016726404,0.358548493,0.06323185
1501,10,0.98558021,21,0.011947431,0.241761806,0.032786885
1502,0,0.52799052,12,0,0.072151625,0.011709602
1503,0,0.52799052,12,0,0.072151625,0.011709602
1504,0,0.9792943,30,0,0.239431871,0.053864169
1505,14,1.5627899,124,0.016726404,0.455710333,0.274004684
1506,4,1.0102814,52,0.004778973,0.250917548,0.105386417
1507,8,1.1561403,52,0.009557945,0.304981604,0.105386417
1508,58,1.7325417,99,0.069295102,0.51863053,0.215456674
1509,0,0.95710868,50,0,0.23120855,0.100702576
1510,0,0.95710868,50,0,0.23120855,0.100702576
1511,6,1.5887082,97,0.007168459,0.465317209,0.210772834
1512,8,1.5785179,98,0.009557945,0.461540073,0.213114754
1513,5,1.5887082,97,0.005973716,0.465317209,0.210772834
1514,2,1.1058542,51,0.002389486,0.28634256,0.103044496
1515,9,1.5887082,97,0.010752688,0.465317209,0.210772834
1516,1,0.87255627,16,0.001194743,0.199868356,0.021077283
1517,11,1.1,31,0.013142174,0.284172642,0.056206089
1518,14,1.390353,79,0.016726404,0.391794877,0.168618267
1519,3,0.87255627,16,0.003584229,0.199868356,0.021077283
1520,1,0.70398736,11,0.001194743,0.137386608,0.009367681
1521,12,1.3455029,80,0.014336918,0.37517074,0.170960187
1522,8,1.0445806,35,0.009557945,0.263630889,0.06557377
1523,34,1.6771457,155,0.040621266,0.498097451,0.346604215
1524,0,0.82939059,50,0,0.183868566,0.100702576
1525,8,1.1208336,60,0.009557945,0.291894824,0.12412178
1526,10,1.1191936,35,0.011947431,0.291286941,0.06557377
1527,29,1.4864661,34,0.034647551,0.427420156,0.06323185
1528,7,1.1,26,0.008363202,0.284172642,0.044496487
1529,4,0.91666669,25,0.004778973,0.216218323,0.042154567
1530,9,1.1058542,27,0.010752688,0.28634256,0.046838407
1531,8,1.2989333,31,0.009557945,0.357909253,0.056206089
1532,203,2.2784922,220,0.242532855,0.720992527,0.49882904
1533,35,1.8805417,160,0.04181601,0.573488206,0.358313817
1534,1,1.6791822,121,0.001194743,0.4988523,0.266978923
1535,13,1.6092162,116,0.015531661,0.472918704,0.255269321
1536,3,1.31797,46,0.003584229,0.364965396,0.091334895
1537,3,1.1,30,0.003584229,0.284172642,0.053864169
1538,21,1.4644111,46,0.025089606,0.41924525,0.091334895
1539,2,0.87255627,18,0.002389486,0.199868356,0.025761124
1540,3,0.91666669,30,0.003584229,0.216218323,0.053864169
1541,35,1.7339301,121,0.04181601,0.519145155,0.266978923
1542,8,1.1208336,60,0.009557945,0.291894824,0.12412178
1543,6,0.9792943,40,0.007168459,0.239431871,0.077283372
1544,14,1.3304729,49,0.016726404,0.369599721,0.098360656
1545,27,1.8688198,135,0.032258065,0.569143367,0.299765808
1546,0,1.3992285,94,0,0.395084669,0.203747073
1547,78,1.8839941,119,0.093189964,0.574767873,0.262295082
1548,10,1.2409762,68,0.011947431,0.336426876,0.142857143
1549,6,0.94787496,38,0.007168459,0.227785979,0.072599532
1550,10,1.1981546,67,0.011947431,0.320554623,0.140515222
1551,116,2.2108853,159,0.138590203,0.695933355,0.355971897
1552,5,1.8,108,0.005973716,0.543634622,0.236533958
1553,31,2.9729321,74,0.037037037,0.9783936,0.156908665
1554,5,1.8,108,0.005973716,0.543634622,0.236533958
1555,74,2.317255,96,0.088410992,0.735360345,0.208430913
1556,5,1.8,108,0.005973716,0.543634622,0.236533958
1557,4,1.8,108,0.004778973,0.543634622,0.236533958
1558,1,2.9729321,74,0.001194743,0.9783936,0.156908665
1559,0,1.8,108,0,0.543634622,0.236533958
1560,0,1.8,108,0,0.543634622,0.236533958
1561,0,1.6132691,97,0,0.474420952,0.210772834
1562,7,1.8,108,0.008363202,0.543634622,0.236533958
1563,10,1.2409762,66,0.011947431,0.336426876,0.138173302
1564,6,0.8870222,27,0.007168459,0.205230297,0.046838407
1565,6,0.84912294,16,0.007168459,0.191182558,0.021077283
1566,6,0.84912294,14,0.007168459,0.191182558,0.016393443
1567,6,0.84912294,21,0.007168459,0.191182558,0.032786885
1568,6,1.0405263,53,0.007168459,0.262128122,0.107728337
1569,20,1.6434549,140,0.023894863,0.48560962,0.31147541
1570,22,1.6794915,112,0.026284349,0.498966945,0.245901639
1571,5,1.6460875,155,0.005973716,0.486585419,0.346604215
1572,21,1.7093985,155,0.025089606,0.510052272,0.346604215
1573,14,1.6926663,112,0.016726404,0.503850316,0.245901639
1574,0,1.4574034,131,0,0.416647776,0.290398126
1575,8,1.0952908,61,0.009557945,0.28242713,0.1264637
1576,0,1.054376,65,0,0.267261652,0.135831382
1577,59,1.8912494,116,0.070489845,0.577457122,0.255269321
1578,19,1.6132691,69,0.022700119,0.474420952,0.145199063
1579,12,1.5627899,127,0.014336918,0.455710333,0.281030445
1580,4,1.1208336,62,0.004778973,0.291894824,0.128805621
1581,14,1.4644111,63,0.016726404,0.41924525,0.131147541
1582,76,1.9805739,128,0.090800478,0.610566138,0.283372365
1583,0,1.2552096,63,0,0.341702628,0.131147541
1584,0,1.2552096,63,0,0.341702628,0.131147541
1585,4,1.2552096,63,0.004778973,0.341702628,0.131147541
1586,33,1.7429162,121,0.039426523,0.522475942,0.266978923
1587,29,1.5992693,105,0.034647551,0.469231786,0.229508197
1588,11,1.3746208,77,0.013142174,0.38596358,0.163934426
1589,47,1.7257152,88,0.056152927,0.51610022,0.18969555
1590,0,0.95710868,47,0,0.23120855,0.093676815
1591,14,1.3304729,59,0.016726404,0.369599721,0.121779859
1592,102,1.9491093,80,0.121863799,0.598903471,0.170960187
1593,11,1.31797,46,0.013142174,0.364965396,0.091334895
1594,14,1.4255327,57,0.016726404,0.404834583,0.117096019
1595,18,1.4028426,51,0.021505376,0.396424271,0.103044496
1596,8,1.0207884,30,0.009557945,0.254812073,0.053864169
1597,8,1,26,0.009557945,0.247106645,0.044496487
1598,12,1.2063863,33,0.014336918,0.323605785,0.06088993
1599,4,1.1365665,36,0.004778973,0.29772638,0.067915691
1600,38,1.6741856,64,0.045400239,0.49700026,0.133489461
1601,13,1.2063863,36,0.015531661,0.323605785,0.067915691
1602,8,1.1981546,46,0.009557945,0.320554623,0.091334895
1603,18,1.3873369,46,0.021505376,0.390676929,0.091334895
1604,18,1.3443909,53,0.021505376,0.374758566,0.107728337
1605,8,1.1365665,41,0.009557945,0.29772638,0.079625293
1606,10,1.1561403,50,0.011947431,0.304981604,0.100702576
1607,0,0.49860358,16,0,0.061259062,0.021077283
1608,8,1.0445806,29,0.009557945,0.263630889,0.051522248
1609,0,0.49860358,13,0,0.061259062,0.014051522
1610,8,0.98558021,19,0.009557945,0.241761806,0.028103044
1611,6,0.87255627,11,0.007168459,0.199868356,0.009367681
1612,4,0.70398736,9,0.004778973,0.137386608,0.004683841
1613,0,0.33333334,7,0,0,0
1614,10,1.1365665,33,0.011947431,0.29772638,0.06088993
1615,10,1.2196002,53,0.011947431,0.328503649,0.107728337
1616,41,1.9261212,157,0.048984468,0.590382702,0.351288056
1617,2,1.238816,51,0.002389486,0.335626177,0.103044496
1618,41,1.8900454,103,0.048984468,0.577010847,0.224824356
1619,57,1.8900454,103,0.068100358,0.577010847,0.224824356
1620,0,1.238816,51,0,0.335626177,0.103044496
1621,2,1.238816,51,0.002389486,0.335626177,0.103044496
1622,2,1.238816,51,0.002389486,0.335626177,0.103044496
1623,22,1.5448366,75,0.026284349,0.449055763,0.159250585
1624,0,0.78571427,40,0,0.167679502,0.077283372
1625,30,1.5346701,84,0.035842294,0.445287449,0.180327869
1626,90,2.0229185,120,0.107526882,0.626261587,0.264637002
1627,30,1.6037242,62,0.035842294,0.470883039,0.128805621
1628,4,1.3592209,60,0.004778973,0.380255453,0.12412178
1629,13,1.3988512,42,0.015531661,0.394944819,0.081967213
1630,16,1.2989333,44,0.01911589,0.357909253,0.086651054
1631,11,1.4255327,62,0.013142174,0.404834583,0.128805621
1632,8,1.6100973,104,0.009557945,0.473245293,0.227166276
1633,9,1.1191936,40,0.010752688,0.291286941,0.077283372
1634,4,1.0102814,44,0.004778973,0.250917548,0.086651054
1635,8,1.0445806,48,0.009557945,0.263630889,0.096018735
1636,10,1.3431821,103,0.011947431,0.374310512,0.224824356
1637,0,1.152335,64,0,0.303571132,0.133489461
1638,16,1.4931926,96,0.01911589,0.4299134,0.208430913
1639,0,0.73333335,34,0,0.148263992,0.06323185
1640,13,1.5469,98,0.015531661,0.449820583,0.213114754
1641,0,1.4166186,96,0,0.401530483,0.208430913
1642,0,0.9216888,34,0,0.218079818,0.06323185
1643,6,0.84912294,25,0.007168459,0.191182558,0.042154567
1644,6,1.0102814,52,0.007168459,0.250917548,0.105386417
1645,18,1.6092162,109,0.021505376,0.472918704,0.238875878
1646,6,0.9792943,49,0.007168459,0.239431871,0.098360656
1647,16,1.5212561,115,0.01911589,0.440315416,0.2529274
1648,0,1.1257849,68,0,0.293730072,0.142857143
1649,1,0.72781962,24,0.001194743,0.146220273,0.039812646
1650,6,1.2196002,68,0.007168459,0.328503649,0.142857143
1651,2,1.2196002,68,0.002389486,0.328503649,0.142857143
1652,2,1.5490618,105,0.002389486,0.450621876,0.229508197
1653,1,1.0102814,56,0.001194743,0.250917548,0.114754098
1654,0,0.87048382,63,0,0.199100181,0.131147541
1655,28,1.6597091,119,0.033452808,0.491634401,0.262295082
1656,22,1.3076391,63,0.026284349,0.361136145,0.131147541
1657,6,1.1208336,47,0.007168459,0.291894824,0.093676815
1658,14,1.4803609,56,0.016726404,0.425157202,0.114754098
1659,8,1.1208336,47,0.009557945,0.291894824,0.093676815
1660,16,1.4803609,56,0.01911589,0.425157202,0.114754098
1661,11,1.4028426,50,0.013142174,0.396424271,0.100702576
1662,1,0.84615386,29,0.001194743,0.190082039,0.051522248
1663,7,1.1208336,41,0.008363202,0.291894824,0.079625293
1664,6,1,32,0.007168459,0.247106645,0.058548009
1665,6,1.1561403,46,0.007168459,0.304981604,0.091334895
1666,0,0.78571427,27,0,0.167679502,0.046838407
1667,9,1.238816,45,0.010752688,0.335626177,0.088992974
1668,4,0.9792943,41,0.004778973,0.239431871,0.079625293
1669,11,1.3272201,93,0.013142174,0.368394038,0.201405152
1670,20,1.8800701,196,0.023894863,0.573313403,0.442622951
1671,15,1.8096997,183,0.017921147,0.547229912,0.412177986
1672,5,1.367028,107,0.005973716,0.383149233,0.234192037
1673,50,1.9378124,195,0.059737157,0.594716162,0.44028103
1674,2,1.0983083,70,0.002389486,0.283545597,0.147540984
1675,2,0.84912294,31,0.002389486,0.191182558,0.056206089
1676,14,1.3992285,116,0.016726404,0.395084669,0.255269321
1677,20,1.7213885,149,0.023894863,0.514496486,0.332552693
1678,8,1.6161586,131,0.009557945,0.475491974,0.290398126
1679,3,1.4516129,107,0.003584229,0.414501469,0.234192037
1680,0,1.3636364,107,0,0.381892102,0.234192037
1681,0,1.3636364,107,0,0.381892102,0.234192037
1682,18,1.5226898,111,0.021505376,0.440846831,0.243559719
1683,6,1.0102814,40,0.007168459,0.250917548,0.077283372
1684,6,0.84912294,28,0.007168459,0.191182558,0.049180328
1685,6,1.0698866,60,0.007168459,0.27301081,0.12412178
1686,22,1.6791822,139,0.026284349,0.4988523,0.309133489
1687,25,1.9742178,195,0.029868578,0.608210187,0.44028103
1688,0,0.95710868,64,0,0.23120855,0.133489461
1689,30,1.787379,127,0.035842294,0.538956522,0.281030445
1690,0,0.9807294,62,0,0.239963805,0.128805621
1691,6,1.0698866,55,0.007168459,0.27301081,0.112412178
1692,0,0.42239243,18,0,0.03301064,0.025761124
1693,1,1.0102814,40,0.001194743,0.250917548,0.077283372
1694,0,0.70398736,18,0,0.137386608,0.025761124
1695,3,1.0102814,40,0.003584229,0.250917548,0.077283372
1696,0,1.4221928,97,0,0.403596616,0.210772834
1697,0,1.1663449,80,0,0.308764041,0.170960187
1698,0,1.5717616,102,0,0.459035783,0.222482436
1699,6,0.8619656,21,0.007168459,0.195942818,0.032786885
1700,0,0.42239243,11,0,0.03301064,0.009367681
1701,0,0.49860358,18,0,0.061259062,0.025761124
1702,13,1.31797,46,0.015531661,0.364965396,0.091334895
1703,3,0.91666669,26,0.003584229,0.216218323,0.044496487
1704,4,0.87255627,16,0.004778973,0.199868356,0.021077283
1705,5,0.91666669,26,0.005973716,0.216218323,0.044496487
1706,18,1.5448366,68,0.021505376,0.449055763,0.142857143
1707,2,1,37,0.002389486,0.247106645,0.070257611
1708,15,1.3873369,57,0.017921147,0.390676929,0.117096019
1709,14,1.4803609,61,0.016726404,0.425157202,0.1264637
