Cluster_Kmeans_916395,Ref,Choice R3,Integration [HH] R3,Total Connectivity R3,choice_normal,integration_normal,connect_normal
3,0,0,0.33333334,9,0.0000000 ,0.0000000 ,0.00483092 
3,1,4,0.72781962,22,0.0031646 ,0.0880975 ,0.03623188 
3,2,10,1.1981546,52,0.0079114 ,0.1931336 ,0.10869565 
2,3,60,1.8628219,99,0.0474684 ,0.3415684 ,0.22222222 
2,4,34,1.5992693,83,0.0268987 ,0.2827113 ,0.18357488 
3,5,10,1.1561403,46,0.0079114 ,0.1837509 ,0.09420290 
3,6,14,1.1365665,37,0.0110759 ,0.1793796 ,0.07246377 
3,7,0,0.58170414,17,0.0000000 ,0.0554667 ,0.02415459 
3,8,0,0.33333334,9,0.0000000 ,0.0000000 ,0.00483092 
3,9,4,0.72781962,21,0.0031646 ,0.0880975 ,0.03381643 
3,10,10,1.1768752,47,0.0079114 ,0.1883814 ,0.09661836 
2,11,60,1.8017781,87,0.0474684 ,0.3279360 ,0.19323671 
3,12,10,1.2409762,59,0.0079114 ,0.2026966 ,0.12560386 
3,13,10,1.1365665,40,0.0079114 ,0.1793796 ,0.07971014 
3,14,24,1.5154221,34,0.0189873 ,0.2639864 ,0.06521739 
3,15,0,1.1191936,30,0.0000000 ,0.1754999 ,0.05555556 
3,16,24,1.5517242,64,0.0189873 ,0.2720935 ,0.13768116 
3,17,18,1.2123377,37,0.0142405 ,0.1963010 ,0.07246377 
3,18,8,0.98558021,23,0.0063291 ,0.1456611 ,0.03864734 
3,19,6,0.8619656,17,0.0047468 ,0.1180552 ,0.02415459 
3,20,6,0.84912294,15,0.0047468 ,0.1151872 ,0.01932367 
3,21,6,0.84912294,15,0.0047468 ,0.1151872 ,0.01932367 
3,22,6,0.8619656,20,0.0047468 ,0.1180552 ,0.03140097 
3,23,8,1.0445806,46,0.0063291 ,0.1588371 ,0.09420290 
2,24,30,1.6338958,143,0.0237342 ,0.2904442 ,0.32850242 
2,25,235,2.4105148,108,0.1859177 ,0.4638803 ,0.24396135 
2,26,91,1.9363272,81,0.0719937 ,0.3579838 ,0.17874396 
3,27,12,1.3088794,58,0.0094937 ,0.2178609 ,0.12318841 
3,28,8,1.0697098,40,0.0063291 ,0.1644490 ,0.07971014 
3,29,22,1.3006579,42,0.0174051 ,0.2160248 ,0.08454106 
3,30,10,1.1365665,32,0.0079114 ,0.1793796 ,0.06038647 
3,31,22,1.3006579,33,0.0174051 ,0.2160248 ,0.06280193 
3,32,8,1,24,0.0063291 ,0.1488813 ,0.04106280 
3,33,6,0.8619656,18,0.0047468 ,0.1180552 ,0.02657005 
3,34,8,1.0697098,49,0.0063291 ,0.1644490 ,0.10144928 
3,35,8,1,24,0.0063291 ,0.1488813 ,0.04106280 
3,36,18,1.2671746,19,0.0142405 ,0.2085473 ,0.02898551 
3,37,6,0.84912294,14,0.0047468 ,0.1151872 ,0.01690821 
3,38,6,0.84912294,15,0.0047468 ,0.1151872 ,0.01932367 
3,39,6,0.84912294,15,0.0047468 ,0.1151872 ,0.01932367 
3,40,6,0.8619656,16,0.0047468 ,0.1180552 ,0.02173913 
3,41,8,0.98510355,20,0.0063291 ,0.1455546 ,0.03140097 
2,42,196,2.4394479,316,0.1550633 ,0.4703417 ,0.74637681 
2,43,108,2.099642,229,0.0854430 ,0.3944555 ,0.53623188 
2,44,74,2.1085443,208,0.0585443 ,0.3964436 ,0.48550725 
2,45,562,2.7366571,267,0.4446203 ,0.5367150 ,0.62801932 
2,46,181,2.2401507,185,0.1431962 ,0.4258342 ,0.42995169 
3,47,10,1.5212561,96,0.0079114 ,0.2652893 ,0.21497585 
2,48,311,2.5708916,244,0.2460443 ,0.4996959 ,0.57246377 
2,49,28,1.8168314,146,0.0221519 ,0.3312977 ,0.33574879 
2,50,48,1.6178579,86,0.0379747 ,0.2868626 ,0.19082126 
3,51,0,0.88468331,35,0.0000000 ,0.1231286 ,0.06763285 
3,52,34,1.5365106,52,0.0268987 ,0.2686959 ,0.10869565 
3,53,8,1.0952908,37,0.0063291 ,0.1701618 ,0.07246377 
3,54,8,1.0445806,38,0.0063291 ,0.1588371 ,0.07487923 
3,55,22,1.4028426,59,0.0174051 ,0.2388449 ,0.12560386 
2,56,61,1.8140556,106,0.0482595 ,0.3306778 ,0.23913043 
2,57,108,2.0999382,132,0.0854430 ,0.3945217 ,0.30193237 
3,58,12,1.4505,92,0.0094937 ,0.2494879 ,0.20531401 
3,59,26,1.3938289,61,0.0205696 ,0.2368320 ,0.13043478 
3,60,32,1.6042534,65,0.0253165 ,0.2838244 ,0.14009662 
2,61,319,2.883322,111,0.2523734 ,0.5694685 ,0.25120773 
3,62,26,1.4255327,53,0.0205696 ,0.2439121 ,0.11111111 
2,63,46,1.7288883,64,0.0363924 ,0.3116581 ,0.13768116 
2,64,155,2.1603272,73,0.1226266 ,0.4080079 ,0.15942029 
3,65,18,1.5,56,0.0142405 ,0.2605423 ,0.11835749 
1,66,1264,3.2388017,421,1.0000000 ,0.6488549 ,1.00000000 
2,67,575,2.7507501,353,0.4549051 ,0.5398623 ,0.83574879 
2,68,114,2.27426,191,0.0901899 ,0.4334516 ,0.44444444 
2,69,36,1.8188498,159,0.0284810 ,0.3317485 ,0.36714976 
2,70,24,1.911975,193,0.0189873 ,0.3525454 ,0.44927536 
2,71,50,1.9233313,177,0.0395570 ,0.3550815 ,0.41062802 
2,72,249,2.5199258,143,0.1969937 ,0.4883141 ,0.32850242 
2,73,219,2.4105148,120,0.1732595 ,0.4638803 ,0.27294686 
3,74,16,1.5490618,93,0.0126582 ,0.2714989 ,0.20772947 
3,75,10,1.2409762,60,0.0079114 ,0.2026966 ,0.12801932 
3,76,45,1.6261337,48,0.0356013 ,0.2887107 ,0.09903382 
3,77,5,1.2241485,39,0.0039557 ,0.1989386 ,0.07729469 
3,78,5,1.2241485,39,0.0039557 ,0.1989386 ,0.07729469 
3,79,16,1.507236,81,0.0126582 ,0.2621583 ,0.17874396 
3,80,4,0.84615386,36,0.0031646 ,0.1145241 ,0.07004831 
3,81,0,0.33333334,12,0.0000000 ,0.0000000 ,0.01207729 
2,82,20,1.6211112,89,0.0158228 ,0.2875891 ,0.19806763 
3,83,21,1.3076391,53,0.0166139 ,0.2175839 ,0.11111111 
3,84,0,0.72781962,22,0.0000000 ,0.0880975 ,0.03623188 
2,85,82,2.2583046,265,0.0648734 ,0.4298884 ,0.62318841 
2,86,328,2.5001314,183,0.2594937 ,0.4838936 ,0.42512077 
2,87,100,2.0682282,139,0.0791139 ,0.3874401 ,0.31884058 
2,88,51,1.7081656,95,0.0403481 ,0.3070303 ,0.21256039 
3,89,26,1.3938289,58,0.0205696 ,0.2368320 ,0.12318841 
2,90,52,1.6857162,80,0.0411392 ,0.3020168 ,0.17632850 
3,91,26,1.3873369,46,0.0205696 ,0.2353822 ,0.09420290 
3,92,22,1.2989333,31,0.0174051 ,0.2156397 ,0.05797101 
3,93,8,1,24,0.0063291 ,0.1488813 ,0.04106280 
3,94,6,0.8870222,23,0.0047468 ,0.1236509 ,0.03864734 
3,95,8,1.0207884,26,0.0063291 ,0.1535238 ,0.04589372 
3,96,26,1.3873683,30,0.0205696 ,0.2353892 ,0.05555556 
3,97,8,1.0207884,25,0.0063291 ,0.1535238 ,0.04347826 
3,98,6,0.8619656,19,0.0047468 ,0.1180552 ,0.02898551 
3,99,6,0.84912294,15,0.0047468 ,0.1151872 ,0.01932367 
3,100,6,0.84912294,14,0.0047468 ,0.1151872 ,0.01690821 
3,101,42,1.6008096,30,0.0332278 ,0.2830553 ,0.05555556 
3,102,12,1.2241485,37,0.0094937 ,0.1989386 ,0.07246377 
3,103,18,1.3088794,52,0.0142405 ,0.2178609 ,0.10869565 
3,104,8,0.98558021,28,0.0063291 ,0.1456611 ,0.05072464 
3,105,6,0.8619656,17,0.0047468 ,0.1180552 ,0.02415459 
3,106,6,0.84912294,15,0.0047468 ,0.1151872 ,0.01932367 
3,107,6,0.84912294,14,0.0047468 ,0.1151872 ,0.01690821 
3,108,6,0.84912294,14,0.0047468 ,0.1151872 ,0.01690821 
3,109,6,0.84912294,14,0.0047468 ,0.1151872 ,0.01690821 
3,110,6,0.84912294,14,0.0047468 ,0.1151872 ,0.01690821 
3,111,8,1,22,0.0063291 ,0.1488813 ,0.03623188 
3,112,0,0.49860358,14,0.0000000 ,0.0369085 ,0.01690821 
3,113,22,1.6249448,66,0.0174051 ,0.2884452 ,0.14251208 
2,114,239,2.4275022,87,0.1890823 ,0.4676739 ,0.19323671 
2,115,90,1.975305,88,0.0712025 ,0.3666884 ,0.19565217 
3,116,8,1.1950141,52,0.0063291 ,0.1924322 ,0.10869565 
3,117,0,0.49860358,22,0.0000000 ,0.0369085 ,0.03623188 
2,118,66,1.8391043,81,0.0522152 ,0.3362717 ,0.17874396 
2,119,60,1.7821976,69,0.0474684 ,0.3235632 ,0.14975845 
3,120,37,1.569167,48,0.0292722 ,0.2759888 ,0.09903382 
3,121,4,1.1087778,24,0.0031646 ,0.1731738 ,0.04106280 
3,122,5,1.1208336,48,0.0039557 ,0.1758661 ,0.09903382 
3,123,0,0.8870222,24,0.0000000 ,0.1236509 ,0.04106280 
2,124,360,2.5666354,294,0.2848101 ,0.4987454 ,0.69323671 
2,125,56,1.9582232,166,0.0443038 ,0.3628736 ,0.38405797 
2,126,29,1.6794915,95,0.0229430 ,0.3006267 ,0.21256039 
2,127,74,1.8900454,96,0.0585443 ,0.3476480 ,0.21497585 
2,128,22,1.7297633,128,0.0174051 ,0.3118535 ,0.29227053 
2,129,54,1.7495173,63,0.0427215 ,0.3162650 ,0.13526570 
3,130,9,1.2906152,57,0.0071203 ,0.2137821 ,0.12077295 
3,131,23,1.4791844,90,0.0181962 ,0.2558937 ,0.20048309 
2,132,28,1.5346701,92,0.0221519 ,0.2682849 ,0.20531401 
2,133,44,1.8572819,146,0.0348101 ,0.3403312 ,0.33574879 
2,134,144,2.2662139,213,0.1139241 ,0.4316547 ,0.49758454 
3,135,12,1.4337122,97,0.0094937 ,0.2457388 ,0.21739130 
3,136,6,0.91666669,40,0.0047468 ,0.1302712 ,0.07971014 
3,137,6,0.91666669,37,0.0047468 ,0.1302712 ,0.07246377 
3,138,12,1.3992285,90,0.0094937 ,0.2380378 ,0.20048309 
2,139,131,2.182054,188,0.1036392 ,0.4128600 ,0.43719807 
2,140,11,1.5627899,126,0.0087025 ,0.2745647 ,0.28743961 
2,141,29,1.7777745,161,0.0229430 ,0.3225755 ,0.37198068 
2,142,18,1.7797406,180,0.0142405 ,0.3230145 ,0.41787440 
2,143,77,2.0473592,201,0.0609177 ,0.3827796 ,0.46859903 
2,144,254,2.3914368,219,0.2009494 ,0.4596197 ,0.51207729 
3,145,14,1.4850357,98,0.0110759 ,0.2572004 ,0.21980676 
3,146,14,1.1058542,42,0.0110759 ,0.1725209 ,0.08454106 
3,147,0,0.58170414,15,0.0000000 ,0.0554667 ,0.01932367 
3,148,8,1.0207884,46,0.0063291 ,0.1535238 ,0.09420290 
2,149,12,1.4669775,129,0.0094937 ,0.2531677 ,0.29468599 
2,150,128,2.3182597,272,0.1012658 ,0.4432777 ,0.64009662 
2,151,115,2.3081322,270,0.0909810 ,0.4410160 ,0.63526570 
2,152,109,2.1774147,228,0.0862342 ,0.4118239 ,0.53381643 
2,153,286,2.5498323,329,0.2262658 ,0.4949929 ,0.77777778 
2,154,17,1.8193674,205,0.0134494 ,0.3318641 ,0.47826087 
2,155,9,1.6992515,158,0.0071203 ,0.3050395 ,0.36473430 
3,156,12,1.4382962,92,0.0094937 ,0.2467625 ,0.20531401 
2,157,6,1.4538981,127,0.0047468 ,0.2502467 ,0.28985507 
2,158,101,2.2662139,259,0.0799051 ,0.4316547 ,0.60869565 
2,159,26,1.8348413,161,0.0205696 ,0.3353197 ,0.37198068 
2,160,4,1.5594513,138,0.0031646 ,0.2738191 ,0.31642512 
2,161,100,2.2578673,298,0.0791139 ,0.4297907 ,0.70289855 
2,162,72,2.0991912,223,0.0569620 ,0.3943549 ,0.52173913 
2,163,460,2.7006531,266,0.3639241 ,0.5286745 ,0.62560386 
2,164,124,2.1796062,183,0.0981013 ,0.4123133 ,0.42512077 
2,165,80,1.8427275,106,0.0632911 ,0.3370809 ,0.23913043 
3,166,12,1.2552096,52,0.0094937 ,0.2058752 ,0.10869565 
3,167,6,0.94787496,32,0.0047468 ,0.1372406 ,0.06038647 
3,168,8,1.0207884,37,0.0063291 ,0.1535238 ,0.07246377 
3,169,23,1.4028426,51,0.0181962 ,0.2388449 ,0.10628019 
2,170,54,1.8369439,70,0.0427215 ,0.3357893 ,0.15217391 
2,171,71,1.8597906,68,0.0561709 ,0.3408915 ,0.14734300 
3,172,28,1.4803609,60,0.0221519 ,0.2561565 ,0.12801932 
3,173,9,1.2726263,50,0.0071203 ,0.2097648 ,0.10386473 
3,174,8,1.1561403,46,0.0063291 ,0.1837509 ,0.09420290 
2,175,20,1.6771457,117,0.0158228 ,0.3001028 ,0.26570048 
3,176,41,1.5598243,78,0.0324367 ,0.2739024 ,0.17149758 
3,177,11,1.2552096,51,0.0087025 ,0.2058752 ,0.10628019 
2,178,38,1.6178579,78,0.0300633 ,0.2868626 ,0.17149758 
3,179,12,1.3455029,59,0.0094937 ,0.2260397 ,0.12560386 
3,180,47,1.6828449,54,0.0371835 ,0.3013756 ,0.11352657 
3,181,8,1.1365665,36,0.0063291 ,0.1793796 ,0.07004831 
3,182,5,0.8870222,25,0.0039557 ,0.1236509 ,0.04347826 
3,183,7,0.98558021,26,0.0055380 ,0.1456611 ,0.04589372 
3,184,12,1.3076391,40,0.0094937 ,0.2175839 ,0.07971014 
3,185,10,1.1768752,47,0.0079114 ,0.1883814 ,0.09661836 
3,186,14,1.3304729,47,0.0110759 ,0.2226832 ,0.09661836 
3,187,47,1.7669872,49,0.0371835 ,0.3201664 ,0.10144928 
3,188,44,1.6132691,47,0.0348101 ,0.2858378 ,0.09661836 
3,189,10,1.1768752,41,0.0079114 ,0.1883814 ,0.08212560 
3,190,10,1.1365665,39,0.0079114 ,0.1793796 ,0.07729469 
3,191,26,1.4135897,60,0.0205696 ,0.2412450 ,0.12801932 
3,192,8,1.0207884,33,0.0063291 ,0.1535238 ,0.06280193 
3,193,6,0.91666669,27,0.0047468 ,0.1302712 ,0.04830918 
3,194,10,1.1365665,36,0.0079114 ,0.1793796 ,0.07004831 
3,195,8,1.238816,40,0.0063291 ,0.2022142 ,0.07971014 
3,196,22,1.3938289,47,0.0174051 ,0.2368320 ,0.09661836 
3,197,10,1.1768752,45,0.0079114 ,0.1883814 ,0.09178744 
2,198,62,1.8077145,111,0.0490506 ,0.3292617 ,0.25120773 
3,199,10,1.1981546,53,0.0079114 ,0.1931336 ,0.11111111 
3,200,6,0.94787496,32,0.0047468 ,0.1372406 ,0.06038647 
3,201,10,1.1058542,33,0.0079114 ,0.1725209 ,0.06280193 
3,202,32,1.4666082,61,0.0253165 ,0.2530852 ,0.13043478 
2,203,18,1.6891669,109,0.0142405 ,0.3027874 ,0.24637681 
2,204,242,2.4571872,205,0.1914557 ,0.4743032 ,0.47826087 
2,205,8,1.6659329,112,0.0063291 ,0.2975988 ,0.25362319 
2,206,13,1.7399356,127,0.0102848 ,0.3141252 ,0.28985507 
2,207,13,1.6030675,124,0.0102848 ,0.2835595 ,0.28260870 
2,208,381,2.7193871,174,0.3014241 ,0.5328582 ,0.40338164 
2,209,16,1.5627899,105,0.0126582 ,0.2745647 ,0.23671498 
3,210,8,1.0952908,58,0.0063291 ,0.1701618 ,0.12318841 
3,211,14,1.3272201,72,0.0110759 ,0.2219568 ,0.15700483 
2,212,90,2.1720436,205,0.0712025 ,0.4106244 ,0.47826087 
2,213,0,1.5763751,103,0.0000000 ,0.2775985 ,0.23188406 
2,214,18,1.6992515,108,0.0142405 ,0.3050395 ,0.24396135 
3,215,5,1.2186118,75,0.0039557 ,0.1977021 ,0.16425121 
2,216,31,1.7164973,107,0.0245253 ,0.3088909 ,0.24154589 
3,217,8,1.2726263,57,0.0063291 ,0.2097648 ,0.12077295 
2,218,1,1.872734,140,0.0007911 ,0.3437820 ,0.32125604 
2,219,20,1.7429162,109,0.0158228 ,0.3147908 ,0.24637681 
2,220,7,1.872734,140,0.0055380 ,0.3437820 ,0.32125604 
3,221,12,1.31797,58,0.0094937 ,0.2198910 ,0.12318841 
2,222,60,1.7914909,103,0.0474684 ,0.3256386 ,0.23188406 
2,223,14,1.7520223,139,0.0110759 ,0.3168244 ,0.31884058 
2,224,120,2.2071013,146,0.0949367 ,0.4184536 ,0.33574879 
3,225,0,1.2724882,83,0.0000000 ,0.2097339 ,0.18357488 
3,226,3,1.1365665,52,0.0023734 ,0.1793796 ,0.10869565 
3,227,2,1.3431821,83,0.0015823 ,0.2255214 ,0.18357488 
3,228,7,1.2726263,65,0.0055380 ,0.2097648 ,0.14009662 
2,229,11,1.6216003,133,0.0087025 ,0.2876983 ,0.30434783 
2,230,287,2.4959579,284,0.2270570 ,0.4829616 ,0.66908213 
2,231,37,2.0037589,175,0.0292722 ,0.3730427 ,0.40579710 
2,232,94,1.9373348,124,0.0743671 ,0.3582088 ,0.28260870 
3,233,14,1.3746208,73,0.0110759 ,0.2325424 ,0.15942029 
3,234,12,1.3272201,61,0.0094937 ,0.2219568 ,0.13043478 
3,235,17,1.4635203,47,0.0134494 ,0.2523956 ,0.09661836 
3,236,9,1.2241485,42,0.0071203 ,0.1989386 ,0.08454106 
3,237,3,1.0952908,42,0.0023734 ,0.1701618 ,0.08454106 
2,238,58,1.8,67,0.0458861 ,0.3275389 ,0.14492754 
3,239,2,1.1365665,39,0.0015823 ,0.1793796 ,0.07729469 
3,240,4,0.8870222,31,0.0031646 ,0.1236509 ,0.05797101 
3,241,22,1.4255327,60,0.0174051 ,0.2439121 ,0.12801932 
3,242,18,1.4666082,56,0.0142405 ,0.2530852 ,0.11835749 
2,243,75,1.9633191,56,0.0593354 ,0.3640116 ,0.11835749 
3,244,0,1.0405263,47,0.0000000 ,0.1579317 ,0.09661836 
3,245,11,1.6734514,59,0.0087025 ,0.2992778 ,0.12560386 
3,246,20,1.5405476,49,0.0158228 ,0.2695975 ,0.10144928 
3,247,8,1.0697098,40,0.0063291 ,0.1644490 ,0.07971014 
3,248,6,0.94787496,32,0.0047468 ,0.1372406 ,0.06038647 
3,249,12,1.2052853,31,0.0094937 ,0.1947260 ,0.05797101 
3,250,49,1.6474625,44,0.0387658 ,0.2934739 ,0.08937198 
3,251,16,1.4255327,57,0.0126582 ,0.2439121 ,0.12077295 
2,252,48,1.7325417,72,0.0379747 ,0.3124740 ,0.15700483 
3,253,4,1.2052853,31,0.0031646 ,0.1947260 ,0.05797101 
3,254,11,1.1058542,27,0.0087025 ,0.1725209 ,0.04830918 
3,255,6,1.2052853,31,0.0047468 ,0.1947260 ,0.05797101 
3,256,10,1.1087778,28,0.0079114 ,0.1731738 ,0.05072464 
3,257,11,1.1365665,35,0.0087025 ,0.1793796 ,0.06763285 
3,258,7,1.3873683,42,0.0055380 ,0.2353892 ,0.08454106 
3,259,7,1.3873683,42,0.0055380 ,0.2353892 ,0.08454106 
3,260,4,1.5365106,57,0.0031646 ,0.2686959 ,0.12077295 
3,261,9,1.5365106,57,0.0071203 ,0.2686959 ,0.12077295 
2,262,74,1.8489804,70,0.0585443 ,0.3384773 ,0.15217391 
3,263,3,1.2123377,43,0.0023734 ,0.1963010 ,0.08695652 
2,264,71,1.8839941,102,0.0561709 ,0.3462966 ,0.22946860 
3,265,2,1.1460608,48,0.0015823 ,0.1814999 ,0.09903382 
3,266,14,1.3076391,47,0.0110759 ,0.2175839 ,0.09661836 
3,267,6,0.94787496,29,0.0047468 ,0.1372406 ,0.05314010 
3,268,6,0.84912294,18,0.0047468 ,0.1151872 ,0.02657005 
3,269,6,0.84912294,14,0.0047468 ,0.1151872 ,0.01690821 
3,270,6,0.84912294,14,0.0047468 ,0.1151872 ,0.01690821 
3,271,6,0.84912294,17,0.0047468 ,0.1151872 ,0.02415459 
3,272,6,0.91666669,23,0.0047468 ,0.1302712 ,0.03864734 
3,273,12,1.2052853,30,0.0094937 ,0.1947260 ,0.05555556 
2,274,106,2.0441177,147,0.0838608 ,0.3820557 ,0.33816425 
2,275,76,2.0398967,161,0.0601266 ,0.3811131 ,0.37198068 
2,276,43,1.6249448,87,0.0340190 ,0.2884452 ,0.19323671 
3,277,24,1.4135897,56,0.0189873 ,0.2412450 ,0.11835749 
3,278,8,1.0697098,40,0.0063291 ,0.1644490 ,0.07971014 
3,279,10,1.1561403,47,0.0079114 ,0.1837509 ,0.09661836 
3,280,8,1.1191936,40,0.0063291 ,0.1754999 ,0.07971014 
3,281,3,0.94787496,39,0.0023734 ,0.1372406 ,0.07729469 
3,282,9,1.3815587,84,0.0071203 ,0.2340918 ,0.18599034 
3,283,12,1.4255327,65,0.0094937 ,0.2439121 ,0.14009662 
3,284,4,0.91666669,31,0.0031646 ,0.1302712 ,0.05797101 
3,285,6,1,30,0.0047468 ,0.1488813 ,0.05555556 
3,286,10,1.3088794,75,0.0079114 ,0.2178609 ,0.16425121 
3,287,16,1.4931926,88,0.0126582 ,0.2590221 ,0.19565217 
3,288,42,1.5364467,50,0.0332278 ,0.2686817 ,0.10386473 
3,289,10,1.1058542,27,0.0079114 ,0.1725209 ,0.04830918 
3,290,4,0.72781962,16,0.0031646 ,0.0880975 ,0.02173913 
3,291,0,0.33333334,9,0.0000000 ,0.0000000 ,0.00483092 
3,292,4,0.72781962,16,0.0031646 ,0.0880975 ,0.02173913 
3,293,10,1.1058542,27,0.0079114 ,0.1725209 ,0.04830918 
3,294,0,0.33333334,9,0.0000000 ,0.0000000 ,0.00483092 
3,295,26,1.3938289,52,0.0205696 ,0.2368320 ,0.10869565 
3,296,18,1.2552096,46,0.0142405 ,0.2058752 ,0.09420290 
3,297,10,1.1365665,37,0.0079114 ,0.1793796 ,0.07246377 
3,298,12,1.2552096,60,0.0094937 ,0.2058752 ,0.12801932 
2,299,48,1.7612134,149,0.0379747 ,0.3188770 ,0.34299517 
3,300,10,1.1561403,52,0.0079114 ,0.1837509 ,0.10869565 
3,301,6,0.8870222,24,0.0047468 ,0.1236509 ,0.04106280 
3,302,6,0.84912294,16,0.0047468 ,0.1151872 ,0.02173913 
3,303,6,0.84912294,13,0.0047468 ,0.1151872 ,0.01449275 
3,304,8,1.0697098,36,0.0063291 ,0.1644490 ,0.07004831 
3,305,0,0.49860358,17,0.0000000 ,0.0369085 ,0.02415459 
2,306,208,2.3044853,206,0.1645570 ,0.4402016 ,0.48067633 
2,307,44,1.8496778,140,0.0348101 ,0.3386330 ,0.32125604 
2,308,28,1.632839,92,0.0221519 ,0.2902082 ,0.20531401 
2,309,39,1.7001897,115,0.0308544 ,0.3052491 ,0.26086957 
3,310,14,1.4255327,81,0.0110759 ,0.2439121 ,0.17874396 
2,311,27,1.8344153,102,0.0213608 ,0.3352246 ,0.22946860 
2,312,96,2.1938319,129,0.0759494 ,0.4154902 ,0.29468599 
2,313,163,2.2438865,156,0.1289557 ,0.4266685 ,0.35990338 
3,314,0,1.3235294,84,0.0000000 ,0.2211325 ,0.18599034 
2,315,109,2.1715031,153,0.0862342 ,0.4105037 ,0.35265700 
2,316,48,1.8470125,128,0.0379747 ,0.3380378 ,0.29227053 
2,317,26,1.7372102,105,0.0205696 ,0.3135166 ,0.23671498 
2,318,25,1.6322472,107,0.0197785 ,0.2900760 ,0.24154589 
3,319,5,1.0445806,50,0.0039557 ,0.1588371 ,0.10386473 
3,320,4,0.9792943,41,0.0031646 ,0.1442573 ,0.08212560 
3,321,15,1.4652896,86,0.0118671 ,0.2527907 ,0.19082126 
2,322,61,1.8962001,88,0.0482595 ,0.3490225 ,0.19565217 
3,323,4,1.3304729,62,0.0031646 ,0.2226832 ,0.13285024 
3,324,6,1.2241485,51,0.0047468 ,0.1989386 ,0.10628019 
3,325,2,1.1208336,52,0.0015823 ,0.1758661 ,0.10869565 
2,326,51,1.8337219,100,0.0403481 ,0.3350697 ,0.22463768 
3,327,12,1.3455029,67,0.0094937 ,0.2260397 ,0.14492754 
3,328,4,1.5785179,91,0.0031646 ,0.2780771 ,0.20289855 
2,329,117,2.1336844,122,0.0925633 ,0.4020580 ,0.27777778 
3,330,0,1.2409762,67,0.0000000 ,0.2026966 ,0.14492754 
2,331,44,1.8839941,118,0.0348101 ,0.3462966 ,0.26811594 
3,332,2,1.1768752,61,0.0015823 ,0.1883814 ,0.13043478 
3,333,12,1.4666082,67,0.0094937 ,0.2530852 ,0.14492754 
3,334,1,1.1768752,61,0.0007911 ,0.1883814 ,0.13043478 
2,335,14,1.7626089,127,0.0110759 ,0.3191886 ,0.28985507 
2,336,47,1.9345245,136,0.0371835 ,0.3575812 ,0.31159420 
2,337,47,1.8839941,118,0.0371835 ,0.3462966 ,0.26811594 
2,338,3,1.4850357,114,0.0023734 ,0.2572004 ,0.25845411 
2,339,33,1.9742178,161,0.0261076 ,0.3664456 ,0.37198068 
2,340,15,1.9019953,157,0.0118671 ,0.3503167 ,0.36231884 
2,341,20,1.7700537,129,0.0158228 ,0.3208512 ,0.29468599 
2,342,39,1.785715,132,0.0308544 ,0.3243487 ,0.30193237 
2,343,67,1.9261212,156,0.0530063 ,0.3557045 ,0.35990338 
3,344,5,1.3455029,88,0.0039557 ,0.2260397 ,0.19565217 
2,345,15,1.7399356,137,0.0118671 ,0.3141252 ,0.31400966 
3,346,0,1.1663449,84,0.0000000 ,0.1860298 ,0.18599034 
2,347,23,1.8358343,175,0.0181962 ,0.3355415 ,0.40579710 
3,348,9,1.4516129,81,0.0071203 ,0.2497364 ,0.17874396 
3,349,5,1.1561403,52,0.0039557 ,0.1837509 ,0.10869565 
3,350,29,1.5395753,68,0.0229430 ,0.2693803 ,0.14734300 
3,351,12,1.4666082,64,0.0094937 ,0.2530852 ,0.13768116 
3,352,4,1.1561403,44,0.0031646 ,0.1837509 ,0.08937198 
3,353,22,1.4028426,55,0.0174051 ,0.2388449 ,0.11594203 
3,354,14,1.4221928,72,0.0110759 ,0.2431662 ,0.15700483 
2,355,104,1.9758738,105,0.0822785 ,0.3668154 ,0.23671498 
2,356,34,1.8572819,140,0.0268987 ,0.3403312 ,0.32125604 
2,357,58,1.7265038,75,0.0458861 ,0.3111256 ,0.16425121 
3,358,10,1.1768752,47,0.0079114 ,0.1883814 ,0.09661836 
3,359,6,1.0405263,52,0.0047468 ,0.1579317 ,0.10869565 
2,360,16,1.507236,99,0.0126582 ,0.2621583 ,0.22222222 
3,361,12,1.3443909,53,0.0094937 ,0.2257914 ,0.11111111 
3,362,25,1.4135897,54,0.0197785 ,0.2412450 ,0.11352657 
3,363,7,1,29,0.0055380 ,0.1488813 ,0.05314010 
3,364,4,0.91666669,27,0.0031646 ,0.1302712 ,0.04830918 
3,365,9,1.2123377,38,0.0071203 ,0.1963010 ,0.07487923 
2,366,65,1.7269484,70,0.0514241 ,0.3112249 ,0.15217391 
3,367,14,1.31797,47,0.0110759 ,0.2198910 ,0.09661836 
3,368,12,1.3304729,51,0.0094937 ,0.2226832 ,0.10628019 
3,369,16,1.4028426,54,0.0126582 ,0.2388449 ,0.11352657 
3,370,29,1.4635203,50,0.0229430 ,0.2523956 ,0.10386473 
3,371,3,1.2241485,44,0.0023734 ,0.1989386 ,0.08937198 
3,372,11,1.3845592,46,0.0087025 ,0.2347618 ,0.09420290 
3,373,35,1.6042534,64,0.0276899 ,0.2838244 ,0.13768116 
3,374,14,1.3076391,42,0.0110759 ,0.2175839 ,0.08454106 
3,375,8,0.98558021,26,0.0063291 ,0.1456611 ,0.04589372 
3,376,4,0.69804502,15,0.0031646 ,0.0814481 ,0.01932367 
3,377,0,0.33333334,8,0.0000000 ,0.0000000 ,0.00241546 
2,378,52,1.9145788,161,0.0411392 ,0.3531269 ,0.37198068 
3,379,14,1.3746208,74,0.0110759 ,0.2325424 ,0.16183575 
3,380,10,1.1768752,53,0.0079114 ,0.1883814 ,0.11111111 
3,381,30,1.5110798,71,0.0237342 ,0.2630167 ,0.15458937 
3,382,10,1.1561403,39,0.0079114 ,0.1837509 ,0.07729469 
3,383,18,1.2063863,30,0.0142405 ,0.1949719 ,0.05555556 
3,384,10,1.1191936,38,0.0079114 ,0.1754999 ,0.07487923 
3,385,14,1.3746208,71,0.0110759 ,0.2325424 ,0.15458937 
3,386,0,0.42239243,10,0.0000000 ,0.0198889 ,0.00724638 
3,387,6,0.84912294,16,0.0047468 ,0.1151872 ,0.02173913 
2,388,60,2.1707439,290,0.0474684 ,0.4103342 ,0.68357488 
2,389,18,1.8888417,219,0.0142405 ,0.3473792 ,0.51207729 
3,390,9,1.3235294,117,0.0071203 ,0.2211325 ,0.26570048 
3,391,18,1.2552096,63,0.0142405 ,0.2058752 ,0.13526570 
2,392,19,1.6883124,162,0.0150316 ,0.3025966 ,0.37439614 
2,393,67,1.9533483,180,0.0530063 ,0.3617849 ,0.41787440 
2,394,21,1.5226898,99,0.0166139 ,0.2656094 ,0.22222222 
2,395,26,1.6794915,129,0.0205696 ,0.3006267 ,0.29468599 
2,396,8,1.5226898,124,0.0063291 ,0.2656094 ,0.28260870 
2,397,30,2.1804278,249,0.0237342 ,0.4124968 ,0.58454106 
2,398,12,1.4505,133,0.0094937 ,0.2494879 ,0.30434783 
3,399,6,1.0983083,78,0.0047468 ,0.1708357 ,0.17149758 
2,400,18,1.6216003,136,0.0142405 ,0.2876983 ,0.31159420 
2,401,109,2.4428959,359,0.0862342 ,0.4711117 ,0.85024155 
2,402,3,1.7797406,158,0.0023734 ,0.3230145 ,0.36473430 
2,403,130,2.245183,263,0.1028481 ,0.4269580 ,0.61835749 
2,404,25,1.5887082,101,0.0197785 ,0.2803528 ,0.22705314 
2,405,12,1.5842677,134,0.0094937 ,0.2793611 ,0.30676329 
2,406,31,1.6741856,94,0.0245253 ,0.2994418 ,0.21014493 
3,407,18,1.3873369,47,0.0142405 ,0.2353822 ,0.09661836 
3,408,8,1.0445806,35,0.0063291 ,0.1588371 ,0.06763285 
3,409,8,1.0207884,40,0.0063291 ,0.1535238 ,0.07971014 
3,410,22,1.4538981,92,0.0174051 ,0.2502467 ,0.20531401 
3,411,8,1.0207884,38,0.0063291 ,0.1535238 ,0.07487923 
3,412,8,1,30,0.0063291 ,0.1488813 ,0.05555556 
3,413,37,1.5405476,48,0.0292722 ,0.2695975 ,0.09903382 
3,414,10,1.1191936,32,0.0079114 ,0.1754999 ,0.06038647 
3,415,6,0.8870222,21,0.0047468 ,0.1236509 ,0.03381643 
3,416,6,0.8870222,21,0.0047468 ,0.1236509 ,0.03381643 
3,417,6,0.84912294,16,0.0047468 ,0.1151872 ,0.02173913 
3,418,6,0.84912294,16,0.0047468 ,0.1151872 ,0.02173913 
3,419,10,1.1191936,32,0.0079114 ,0.1754999 ,0.06038647 
3,420,8,1.2123377,35,0.0063291 ,0.1963010 ,0.06763285 
3,421,17,1.3873369,46,0.0134494 ,0.2353822 ,0.09420290 
2,422,29,1.5517242,88,0.0229430 ,0.2720935 ,0.19565217 
3,423,4,0.70398736,9,0.0031646 ,0.0827752 ,0.00483092 
3,424,6,0.87255627,12,0.0047468 ,0.1204203 ,0.01207729 
3,425,6,0.8619656,20,0.0047468 ,0.1180552 ,0.03140097 
3,426,8,1.0697098,38,0.0063291 ,0.1644490 ,0.07487923 
3,427,0,0.33333334,7,0.0000000 ,0.0000000 ,0.00000000 
2,428,34,1.7555087,104,0.0268987 ,0.3176030 ,0.23429952 
3,429,12,1.2726263,55,0.0094937 ,0.2097648 ,0.11594203 
3,430,8,1,32,0.0063291 ,0.1488813 ,0.06038647 
3,431,8,1,25,0.0063291 ,0.1488813 ,0.04347826 
3,432,18,1.2063863,33,0.0142405 ,0.1949719 ,0.06280193 
3,433,8,0.98558021,20,0.0063291 ,0.1456611 ,0.03140097 
3,434,6,0.8619656,17,0.0047468 ,0.1180552 ,0.02415459 
3,435,6,0.84912294,15,0.0047468 ,0.1151872 ,0.01932367 
3,436,6,0.84912294,14,0.0047468 ,0.1151872 ,0.01690821 
3,437,6,0.84912294,14,0.0047468 ,0.1151872 ,0.01690821 
3,438,6,0.84912294,14,0.0047468 ,0.1151872 ,0.01690821 
3,439,6,0.84912294,14,0.0047468 ,0.1151872 ,0.01690821 
3,440,6,0.84912294,16,0.0047468 ,0.1151872 ,0.02173913 
3,441,6,0.8870222,23,0.0047468 ,0.1236509 ,0.03864734 
3,442,10,1.1561403,42,0.0079114 ,0.1837509 ,0.08454106 
3,443,12,1.3304729,54,0.0094937 ,0.2226832 ,0.11352657 
3,444,18,1.3304729,55,0.0142405 ,0.2226832 ,0.11594203 
2,445,46,1.8017781,107,0.0363924 ,0.3279360 ,0.24154589 
3,446,10,1.2621337,58,0.0079114 ,0.2074215 ,0.12318841 
3,447,0,0.68957245,27,0.0000000 ,0.0795560 ,0.04830918 
3,448,8,1.1981546,52,0.0063291 ,0.1931336 ,0.10869565 
3,449,10,1.3815587,74,0.0079114 ,0.2340918 ,0.16183575 
2,450,116,2.1163981,113,0.0917722 ,0.3981975 ,0.25603865 
3,451,8,1.2829794,65,0.0063291 ,0.2120768 ,0.14009662 
3,452,10,1.3636364,70,0.0079114 ,0.2300893 ,0.15217391 
3,453,6,1.0445806,44,0.0047468 ,0.1588371 ,0.08937198 
2,454,51,1.8855816,109,0.0403481 ,0.3466511 ,0.24637681 
2,455,46,1.8416041,78,0.0363924 ,0.3368300 ,0.17149758 
2,456,18,1.6211112,101,0.0142405 ,0.2875891 ,0.22705314 
2,457,10,1.8017781,109,0.0079114 ,0.3279360 ,0.24637681 
3,458,1,1.1460608,57,0.0007911 ,0.1814999 ,0.12077295 
3,459,1,1.390353,68,0.0007911 ,0.2360557 ,0.14734300 
3,460,3,1.0698866,52,0.0023734 ,0.1644885 ,0.10869565 
3,461,7,1.1191936,43,0.0055380 ,0.1754999 ,0.08695652 
2,462,15,1.7251066,111,0.0118671 ,0.3108136 ,0.25120773 
2,463,52,1.8140556,128,0.0411392 ,0.3306778 ,0.29227053 
3,464,18,1.4724894,65,0.0142405 ,0.2543986 ,0.14009662 
3,465,12,1.2552096,47,0.0094937 ,0.2058752 ,0.09661836 
3,466,23,1.5154221,43,0.0181962 ,0.2639864 ,0.08695652 
3,467,20,1.6008096,43,0.0158228 ,0.2830553 ,0.08695652 
3,468,23,1.5364467,59,0.0181962 ,0.2686817 ,0.12560386 
2,469,39,1.6249448,89,0.0308544 ,0.2884452 ,0.19806763 
3,470,13,1.4255327,70,0.0102848 ,0.2439121 ,0.15217391 
2,471,49,1.7812788,82,0.0387658 ,0.3233580 ,0.18115942 
3,472,22,1.606352,63,0.0174051 ,0.2842930 ,0.13526570 
3,473,20,1.3304729,61,0.0158228 ,0.2226832 ,0.13043478 
3,474,12,1.4166186,83,0.0094937 ,0.2419214 ,0.18357488 
3,475,1,1.1561403,49,0.0007911 ,0.1837509 ,0.10144928 
2,476,54,2.1804278,249,0.0427215 ,0.4124968 ,0.58454106 
2,477,71,2.2761276,253,0.0561709 ,0.4338687 ,0.59420290 
2,478,0,1.6118186,122,0.0000000 ,0.2855139 ,0.27777778 
2,479,13,1.6118186,122,0.0102848 ,0.2855139 ,0.27777778 
2,480,2,1.6118186,122,0.0015823 ,0.2855139 ,0.27777778 
2,481,24,2.1853197,251,0.0189873 ,0.4135893 ,0.58937198 
2,482,16,1.6891669,149,0.0126582 ,0.3027874 ,0.34299517 
3,483,6,1.1058542,38,0.0047468 ,0.1725209 ,0.07487923 
3,484,10,1.1087778,29,0.0079114 ,0.1731738 ,0.05314010 
3,485,0,0.58170414,15,0.0000000 ,0.0554667 ,0.01932367 
3,486,8,1.2906152,74,0.0063291 ,0.2137821 ,0.16183575 
2,487,15,1.7429876,174,0.0118671 ,0.3148068 ,0.40338164 
3,488,3,1.1981546,67,0.0023734 ,0.1931336 ,0.14492754 
2,489,44,1.9582232,176,0.0348101 ,0.3628736 ,0.40821256 
3,490,6,1.3443909,72,0.0047468 ,0.2257914 ,0.15700483 
3,491,17,1.4135897,74,0.0134494 ,0.2412450 ,0.16183575 
3,492,8,1.1191936,43,0.0063291 ,0.1754999 ,0.08695652 
3,493,15,1.4028426,72,0.0118671 ,0.2388449 ,0.15700483 
3,494,4,1.1708162,70,0.0031646 ,0.1870283 ,0.15217391 
2,495,18,1.7802029,176,0.0142405 ,0.3231178 ,0.40821256 
2,496,31,1.9261212,176,0.0245253 ,0.3557045 ,0.40821256 
3,497,0,1.4724894,74,0.0000000 ,0.2543986 ,0.16183575 
3,498,6,1.4724894,74,0.0047468 ,0.2543986 ,0.16183575 
2,499,44,1.9261212,176,0.0348101 ,0.3557045 ,0.40821256 
2,500,18,1.7702218,174,0.0142405 ,0.3208888 ,0.40338164 
3,501,2,1.0405263,59,0.0015823 ,0.1579317 ,0.12560386 
3,502,4,1.0952908,59,0.0031646 ,0.1701618 ,0.12560386 
2,503,42,1.8273257,174,0.0332278 ,0.3336413 ,0.40338164 
3,504,0,0.94593292,59,0.0000000 ,0.1368069 ,0.12560386 
2,505,64,2.2408686,274,0.0506329 ,0.4259945 ,0.64492754 
2,506,126,2.2428508,255,0.0996835 ,0.4264372 ,0.59903382 
2,507,11,1.5352089,110,0.0087025 ,0.2684052 ,0.24879227 
2,508,310,2.5126681,185,0.2452532 ,0.4866933 ,0.42995169 
2,509,116,2.1715031,145,0.0917722 ,0.4105037 ,0.33333333 
3,510,12,1.2906152,60,0.0094937 ,0.2137821 ,0.12801932 
2,511,36,1.6857162,93,0.0284810 ,0.3020168 ,0.20772947 
2,512,42,1.8017781,107,0.0332278 ,0.3279360 ,0.24154589 
3,513,33,1.4724894,72,0.0261076 ,0.2543986 ,0.15700483 
3,514,0,1.5003179,101,0.0000000 ,0.2606133 ,0.22705314 
2,515,4,1.5717616,101,0.0031646 ,0.2765682 ,0.22705314 
3,516,2,1.0698866,52,0.0015823 ,0.1644885 ,0.10869565 
3,517,0,1.5003179,101,0.0000000 ,0.2606133 ,0.22705314 
2,518,12,1.7612134,127,0.0094937 ,0.3188770 ,0.28985507 
2,519,33,1.9321858,159,0.0261076 ,0.3570589 ,0.36714976 
2,520,14,1.6434549,108,0.0110759 ,0.2925789 ,0.24396135 
3,521,15,1.4135897,72,0.0118671 ,0.2412450 ,0.15700483 
2,522,42,1.632839,107,0.0332278 ,0.2902082 ,0.24154589 
3,523,0,0.88468331,39,0.0000000 ,0.1231286 ,0.07729469 
3,524,10,1.1365665,46,0.0079114 ,0.1793796 ,0.09420290 
3,525,6,0.9792943,33,0.0047468 ,0.1442573 ,0.06280193 
3,526,12,1.2052853,33,0.0094937 ,0.1947260 ,0.06280193 
3,527,44,1.6261337,58,0.0348101 ,0.2887107 ,0.12318841 
3,528,0,0.91666669,27,0.0000000 ,0.1302712 ,0.04830918 
3,529,0,0.91666669,27,0.0000000 ,0.1302712 ,0.04830918 
3,530,6,1.4244281,36,0.0047468 ,0.2436654 ,0.07004831 
3,531,1,1.2063863,32,0.0007911 ,0.1949719 ,0.06038647 
3,532,18,1.6587812,33,0.0142405 ,0.2960016 ,0.06280193 
3,533,1,1.2063863,33,0.0007911 ,0.1949719 ,0.06280193 
3,534,14,1.4244281,38,0.0110759 ,0.2436654 ,0.07487923 
3,535,1,1.1981546,53,0.0007911 ,0.1931336 ,0.11111111 
3,536,0,0.80638385,29,0.0000000 ,0.1056426 ,0.05314010 
3,537,8,0.98558021,29,0.0063291 ,0.1456611 ,0.05314010 
3,538,0,0.49860358,13,0.0000000 ,0.0369085 ,0.01449275 
3,539,13,1.5226898,84,0.0102848 ,0.2656094 ,0.18599034 
3,540,3,1.0445806,44,0.0023734 ,0.1588371 ,0.08937198 
3,541,11,1.3304729,61,0.0087025 ,0.2226832 ,0.13043478 
3,542,9,1.1561403,40,0.0071203 ,0.1837509 ,0.07971014 
3,543,28,1.5154221,46,0.0221519 ,0.2639864 ,0.09420290 
3,544,0,0.80638385,25,0.0000000 ,0.1056426 ,0.04347826 
3,545,18,1.4896638,71,0.0142405 ,0.2582340 ,0.15458937 
3,546,25,1.4864661,41,0.0197785 ,0.2575199 ,0.08212560 
3,547,11,1.4783703,27,0.0087025 ,0.2557119 ,0.04830918 
3,548,7,1.3791449,21,0.0055380 ,0.2335527 ,0.03381643 
3,549,3,1.4783703,27,0.0023734 ,0.2557119 ,0.04830918 
3,550,2,0.98510355,21,0.0015823 ,0.1455546 ,0.03381643 
3,551,4,1.1087778,27,0.0031646 ,0.1731738 ,0.04830918 
3,552,0,0.8619656,21,0.0000000 ,0.1180552 ,0.03381643 
3,553,14,1.3304729,60,0.0110759 ,0.2226832 ,0.12801932 
3,554,6,0.94787496,30,0.0047468 ,0.1372406 ,0.05555556 
3,555,6,0.8619656,19,0.0047468 ,0.1180552 ,0.02898551 
3,556,6,0.84912294,19,0.0047468 ,0.1151872 ,0.02898551 
3,557,8,1.0207884,30,0.0063291 ,0.1535238 ,0.05555556 
3,558,26,1.3938289,50,0.0205696 ,0.2368320 ,0.10386473 
3,559,8,1.0207884,30,0.0063291 ,0.1535238 ,0.05555556 
3,560,6,0.8619656,18,0.0047468 ,0.1180552 ,0.02657005 
3,561,6,0.87255627,12,0.0047468 ,0.1204203 ,0.01207729 
3,562,4,0.70398736,9,0.0031646 ,0.0827752 ,0.00483092 
3,563,0,0.33333334,7,0.0000000 ,0.0000000 ,0.00000000 
3,564,8,0.98558021,18,0.0063291 ,0.1456611 ,0.02657005 
3,565,6,0.8619656,18,0.0047468 ,0.1180552 ,0.02657005 
3,566,6,0.8619656,18,0.0047468 ,0.1180552 ,0.02657005 
3,567,8,0.98558021,18,0.0063291 ,0.1456611 ,0.02657005 
3,568,18,1.2671746,18,0.0142405 ,0.2085473 ,0.02657005 
3,569,6,0.84912294,14,0.0047468 ,0.1151872 ,0.01690821 
3,570,0,0.42239243,10,0.0000000 ,0.0198889 ,0.00724638 
3,571,8,0.98558021,17,0.0063291 ,0.1456611 ,0.02415459 
3,572,6,0.84912294,14,0.0047468 ,0.1151872 ,0.01690821 
3,573,4,0.70398736,10,0.0031646 ,0.0827752 ,0.00724638 
3,574,0,0.33333334,7,0.0000000 ,0.0000000 ,0.00000000 
3,575,6,0.8870222,25,0.0047468 ,0.1236509 ,0.04347826 
3,576,0,0.42239243,12,0.0000000 ,0.0198889 ,0.01207729 
2,577,0,1.5592309,141,0.0000000 ,0.2737699 ,0.32367150 
2,578,39,1.7339301,143,0.0308544 ,0.3127840 ,0.32850242 
3,579,3,1.0102814,50,0.0023734 ,0.1511774 ,0.10386473 
3,580,1,0.70398736,18,0.0007911 ,0.0827752 ,0.02657005 
3,581,1,1.0102814,50,0.0007911 ,0.1511774 ,0.10386473 
2,582,25,1.632839,125,0.0197785 ,0.2902082 ,0.28502415 
3,583,26,1.5405476,64,0.0205696 ,0.2695975 ,0.13768116 
3,584,12,1.375,33,0.0094937 ,0.2326271 ,0.06280193 
3,585,1,0.98558021,28,0.0007911 ,0.1456611 ,0.05072464 
3,586,10,1.2052853,45,0.0079114 ,0.1947260 ,0.09178744 
3,587,1,0.98558021,28,0.0007911 ,0.1456611 ,0.05072464 
3,588,0,1.25,113,0.0000000 ,0.2047118 ,0.25603865 
3,589,0,0.33333334,14,0.0000000 ,0.0000000 ,0.01690821 
3,590,4,0.9216888,47,0.0031646 ,0.1313927 ,0.09661836 
2,591,20,1.6659329,142,0.0158228 ,0.2975988 ,0.32608696 
3,592,0,1.2162162,120,0.0000000 ,0.1971671 ,0.27294686 
3,593,19,1.3873369,57,0.0150316 ,0.2353822 ,0.12077295 
2,594,22,1.6460875,145,0.0174051 ,0.2931669 ,0.33333333 
3,595,10,1.1561403,51,0.0079114 ,0.1837509 ,0.10628019 
3,596,18,1.2222222,25,0.0142405 ,0.1985084 ,0.04347826 
3,597,6,0.84912294,15,0.0047468 ,0.1151872 ,0.01932367 
3,598,0,0.42239243,10,0.0000000 ,0.0198889 ,0.00724638 
3,599,8,1.0207884,30,0.0063291 ,0.1535238 ,0.05555556 
3,600,6,0.8870222,23,0.0047468 ,0.1236509 ,0.03864734 
3,601,8,0.98558021,20,0.0063291 ,0.1456611 ,0.03140097 
2,602,13,1.7938285,167,0.0102848 ,0.3261607 ,0.38647343 
3,603,5,1.4382962,92,0.0039557 ,0.2467625 ,0.20531401 
3,604,14,1.1191936,27,0.0110759 ,0.1754999 ,0.04830918 
3,605,16,1.3845592,34,0.0126582 ,0.2347618 ,0.06521739 
2,606,77,1.9513603,39,0.0609177 ,0.3613410 ,0.07729469 
3,607,0,1.0445806,29,0.0000000 ,0.1588371 ,0.05314010 
3,608,26,1.569167,35,0.0205696 ,0.2759888 ,0.06763285 
3,609,7,1.0445806,28,0.0055380 ,0.1588371 ,0.05072464 
3,610,17,1.2671746,24,0.0134494 ,0.2085473 ,0.04106280 
3,611,16,1.2989333,30,0.0126582 ,0.2156397 ,0.05555556 
3,612,3,0.8619656,22,0.0023734 ,0.1180552 ,0.03623188 
3,613,2,0.94787496,27,0.0015823 ,0.1372406 ,0.04830918 
3,614,0,0.58170414,16,0.0000000 ,0.0554667 ,0.02173913 
3,615,14,1.3006579,35,0.0110759 ,0.2160248 ,0.06763285 
3,616,10,1.1768752,41,0.0079114 ,0.1883814 ,0.08212560 
3,617,6,1.0102814,36,0.0047468 ,0.1511774 ,0.07004831 
3,618,53,1.7669872,44,0.0419304 ,0.3201664 ,0.08937198 
3,619,2,0.8619656,21,0.0015823 ,0.1180552 ,0.03381643 
3,620,2,0.98558021,25,0.0015823 ,0.1456611 ,0.04347826 
3,621,16,1.3006579,35,0.0126582 ,0.2160248 ,0.06763285 
3,622,5,1.1058542,29,0.0039557 ,0.1725209 ,0.05314010 
3,623,8,1.1058542,29,0.0063291 ,0.1725209 ,0.05314010 
3,624,48,1.6132691,43,0.0379747 ,0.2858378 ,0.08695652 
3,625,24,1.3845592,36,0.0189873 ,0.2347618 ,0.07004831 
3,626,10,1.1058542,26,0.0079114 ,0.1725209 ,0.04589372 
3,627,14,1.1492875,19,0.0110759 ,0.1822205 ,0.02898551 
3,628,4,1,25,0.0031646 ,0.1488813 ,0.04347826 
3,629,2,0.8619656,19,0.0015823 ,0.1180552 ,0.02898551 
3,630,6,1.0189475,15,0.0047468 ,0.1531127 ,0.01932367 
3,631,0,0.58170414,13,0.0000000 ,0.0554667 ,0.01449275 
3,632,0,0.88468331,28,0.0000000 ,0.1231286 ,0.05072464 
3,633,0,1.0445806,29,0.0000000 ,0.1588371 ,0.05314010 
3,634,12,1.3006579,33,0.0094937 ,0.2160248 ,0.06280193 
3,635,0,0.63684219,16,0.0000000 ,0.0677802 ,0.02173913 
3,636,34,1.550553,38,0.0268987 ,0.2718319 ,0.07487923 
3,637,10,1.1058542,28,0.0079114 ,0.1725209 ,0.05072464 
3,638,4,0.72781962,17,0.0031646 ,0.0880975 ,0.02415459 
3,639,0,0.33333334,9,0.0000000 ,0.0000000 ,0.00483092 
3,640,8,1.0207884,28,0.0063291 ,0.1535238 ,0.05072464 
3,641,0,0.49860358,15,0.0000000 ,0.0369085 ,0.01932367 
3,642,26,1.3873683,32,0.0205696 ,0.2353892 ,0.06038647 
3,643,8,1.0445806,36,0.0063291 ,0.1588371 ,0.07004831 
3,644,8,1.0445806,30,0.0063291 ,0.1588371 ,0.05555556 
3,645,22,1.3057258,26,0.0174051 ,0.2171566 ,0.04589372 
3,646,6,0.8619656,18,0.0047468 ,0.1180552 ,0.02657005 
3,647,0,0.42239243,11,0.0000000 ,0.0198889 ,0.00966184 
3,648,8,1,22,0.0063291 ,0.1488813 ,0.03623188 
3,649,6,0.8619656,23,0.0047468 ,0.1180552 ,0.03864734 
3,650,16,1.4255327,52,0.0126582 ,0.2439121 ,0.10869565 
3,651,6,0.9792943,34,0.0047468 ,0.1442573 ,0.06521739 
3,652,8,1.0445806,37,0.0063291 ,0.1588371 ,0.07246377 
3,653,18,1.2552096,46,0.0142405 ,0.2058752 ,0.09420290 
3,654,0,0.63684219,21,0.0000000 ,0.0677802 ,0.03381643 
3,655,12,1.2241485,36,0.0094937 ,0.1989386 ,0.07004831 
3,656,49,1.8105773,37,0.0387658 ,0.3299010 ,0.07246377 
3,657,22,1.4864661,34,0.0174051 ,0.2575199 ,0.06521739 
3,658,4,1.2123377,32,0.0031646 ,0.1963010 ,0.06038647 
3,659,0,1.2123377,32,0.0000000 ,0.1963010 ,0.06038647 
3,660,31,1.6531878,32,0.0245253 ,0.2947525 ,0.06038647 
3,661,8,1,25,0.0063291 ,0.1488813 ,0.04347826 
3,662,0,0.49860358,16,0.0000000 ,0.0369085 ,0.02173913 
3,663,8,1.1058542,27,0.0063291 ,0.1725209 ,0.04830918 
3,664,5,0.8870222,25,0.0039557 ,0.1236509 ,0.04347826 
3,665,7,1.0207884,29,0.0055380 ,0.1535238 ,0.05314010 
3,666,12,1.2063863,28,0.0094937 ,0.1949719 ,0.05072464 
3,667,6,0.84912294,18,0.0047468 ,0.1151872 ,0.02657005 
3,668,0,0.42239243,11,0.0000000 ,0.0198889 ,0.00966184 
3,669,28,1.5395753,55,0.0221519 ,0.2693803 ,0.11594203 
3,670,8,1.1460608,47,0.0063291 ,0.1814999 ,0.09661836 
3,671,12,1.238816,44,0.0094937 ,0.2022142 ,0.08937198 
2,672,59,1.8294003,46,0.0466772 ,0.3341046 ,0.09420290 
3,673,27,1.5405476,45,0.0213608 ,0.2695975 ,0.09178744 
3,674,11,1.3076391,39,0.0087025 ,0.2175839 ,0.07729469 
3,675,24,1.5668709,30,0.0189873 ,0.2754760 ,0.05555556 
3,676,14,1.1,24,0.0110759 ,0.1712135 ,0.04106280 
3,677,0,0.58170414,14,0.0000000 ,0.0554667 ,0.01690821 
3,678,0,0.58170414,14,0.0000000 ,0.0554667 ,0.01690821 
3,679,20,1.4244281,30,0.0158228 ,0.2436654 ,0.05555556 
3,680,6,0.8870222,23,0.0047468 ,0.1236509 ,0.03864734 
3,681,0,0.42239243,12,0.0000000 ,0.0198889 ,0.01207729 
3,682,13,1.3006579,38,0.0102848 ,0.2160248 ,0.07487923 
3,683,1,0.98558021,27,0.0007911 ,0.1456611 ,0.04830918 
3,684,5,1.3057258,32,0.0039557 ,0.2171566 ,0.06038647 
3,685,6,1.1191936,32,0.0047468 ,0.1754999 ,0.06038647 
3,686,23,1.3845592,44,0.0181962 ,0.2347618 ,0.08937198 
3,687,5,1.0697098,36,0.0039557 ,0.1644490 ,0.07004831 
3,688,24,1.5448366,58,0.0189873 ,0.2705553 ,0.12318841 
3,689,10,1.2196002,49,0.0079114 ,0.1979229 ,0.10144928 
3,690,5,1,27,0.0039557 ,0.1488813 ,0.04830918 
3,691,0,0.8619656,22,0.0000000 ,0.1180552 ,0.03623188 
3,692,0,0.8870222,24,0.0000000 ,0.1236509 ,0.04106280 
3,693,0,0.8870222,24,0.0000000 ,0.1236509 ,0.04106280 
3,694,4,1.3076391,45,0.0031646 ,0.2175839 ,0.09178744 
3,695,2,0.98558021,28,0.0015823 ,0.1456611 ,0.05072464 
3,696,26,1.471094,45,0.0205696 ,0.2540870 ,0.09178744 
3,697,4,0.98558021,28,0.0031646 ,0.1456611 ,0.05072464 
3,698,0,0.84912294,20,0.0000000 ,0.1151872 ,0.03140097 
3,699,4,1.2671746,28,0.0031646 ,0.2085473 ,0.05072464 
3,700,48,1.6037242,56,0.0379747 ,0.2837062 ,0.11835749 
3,701,10,1.1365665,36,0.0079114 ,0.1793796 ,0.07004831 
3,702,6,0.91666669,25,0.0047468 ,0.1302712 ,0.04347826 
3,703,8,0.98510355,20,0.0063291 ,0.1455546 ,0.03140097 
3,704,12,1.1492875,18,0.0094937 ,0.1822205 ,0.02657005 
3,705,6,0.98510355,18,0.0047468 ,0.1455546 ,0.02657005 
3,706,10,1.1492875,20,0.0079114 ,0.1822205 ,0.03140097 
3,707,0,0.98510355,18,0.0000000 ,0.1455546 ,0.02657005 
3,708,8,1,26,0.0063291 ,0.1488813 ,0.04589372 
3,709,10,1.1561403,38,0.0079114 ,0.1837509 ,0.07487923 
3,710,10,1.1365665,36,0.0079114 ,0.1793796 ,0.07004831 
3,711,6,0.91666669,26,0.0047468 ,0.1302712 ,0.04589372 
3,712,8,0.98558021,27,0.0063291 ,0.1456611 ,0.04830918 
3,713,15,1.2123377,37,0.0118671 ,0.1963010 ,0.07246377 
3,714,11,1.3938289,48,0.0087025 ,0.2368320 ,0.09903382 
3,715,3,1.2552096,47,0.0023734 ,0.2058752 ,0.09661836 
3,716,12,1.5405476,48,0.0094937 ,0.2695975 ,0.09903382 
2,717,93,2.6609459,49,0.0735759 ,0.5198070 ,0.10144928 
2,718,45,2.1966166,47,0.0356013 ,0.4161121 ,0.09661836 
3,719,8,1.2241485,42,0.0063291 ,0.1989386 ,0.08454106 
3,720,2,1.0102814,39,0.0015823 ,0.1511774 ,0.07729469 
3,721,12,1.3845592,44,0.0094937 ,0.2347618 ,0.08937198 
3,722,8,1.550553,47,0.0063291 ,0.2718319 ,0.09661836 
3,723,13,1.569167,44,0.0102848 ,0.2759888 ,0.08937198 
3,724,6,1.3873369,47,0.0047468 ,0.2353822 ,0.09661836 
3,725,8,1.3845592,44,0.0063291 ,0.2347618 ,0.08937198 
3,726,11,1.3270249,35,0.0087025 ,0.2219132 ,0.06763285 
3,727,6,1.0445806,38,0.0047468 ,0.1588371 ,0.07487923 
3,728,13,1.3873369,47,0.0102848 ,0.2353822 ,0.09661836 
3,729,8,1,22,0.0063291 ,0.1488813 ,0.03623188 
3,730,0,0.49860358,14,0.0000000 ,0.0369085 ,0.01690821 
3,731,0,0.73918515,23,0.0000000 ,0.0906356 ,0.03864734 
3,732,8,1,22,0.0063291 ,0.1488813 ,0.03623188 
3,733,6,0.84912294,15,0.0047468 ,0.1151872 ,0.01932367 
3,734,4,0.70398736,10,0.0031646 ,0.0827752 ,0.00724638 
3,735,0,0.33333334,7,0.0000000 ,0.0000000 ,0.00000000 
3,736,16,1.4255327,52,0.0126582 ,0.2439121 ,0.10869565 
3,737,6,0.9792943,33,0.0047468 ,0.1442573 ,0.06280193 
3,738,6,0.84912294,20,0.0047468 ,0.1151872 ,0.03140097 
3,739,6,0.8619656,22,0.0047468 ,0.1180552 ,0.03623188 
3,740,8,1.0952908,37,0.0063291 ,0.1701618 ,0.07246377 
3,741,38,1.6071428,55,0.0300633 ,0.2844696 ,0.11594203 
3,742,8,1.0697098,34,0.0063291 ,0.1644490 ,0.06521739 
3,743,4,0.69804502,17,0.0031646 ,0.0814481 ,0.02415459 
3,744,0,0.33333334,8,0.0000000 ,0.0000000 ,0.00241546 
3,745,18,1.238816,40,0.0142405 ,0.2022142 ,0.07971014 
3,746,8,0.98558021,23,0.0063291 ,0.1456611 ,0.03864734 
3,747,6,0.84912294,14,0.0047468 ,0.1151872 ,0.01690821 
3,748,4,0.70398736,10,0.0031646 ,0.0827752 ,0.00724638 
3,749,0,0.33333334,7,0.0000000 ,0.0000000 ,0.00000000 
3,750,6,0.87255627,11,0.0047468 ,0.1204203 ,0.00966184 
3,751,4,0.70398736,9,0.0031646 ,0.0827752 ,0.00483092 
3,752,0,0.33333334,7,0.0000000 ,0.0000000 ,0.00000000 
3,753,0,0.63684219,19,0.0000000 ,0.0677802 ,0.02898551 
3,754,11,1.31797,50,0.0087025 ,0.2198910 ,0.10386473 
3,755,0,0.8619656,26,0.0000000 ,0.1180552 ,0.04589372 
3,756,7,1.31797,50,0.0055380 ,0.2198910 ,0.10386473 
3,757,1,0.8619656,26,0.0007911 ,0.1180552 ,0.04589372 
3,758,30,1.5785179,72,0.0237342 ,0.2780771 ,0.15700483 
3,759,0,0.82939059,37,0.0000000 ,0.1107805 ,0.07246377 
3,760,4,1.0952908,45,0.0031646 ,0.1701618 ,0.09178744 
3,761,8,1.2726263,51,0.0063291 ,0.2097648 ,0.10628019 
2,762,68,1.8880572,95,0.0537975 ,0.3472040 ,0.21256039 
3,763,23,1.5,68,0.0181962 ,0.2605423 ,0.14734300 
3,764,8,1.2621337,65,0.0063291 ,0.2074215 ,0.14009662 
3,765,9,1.1981546,53,0.0071203 ,0.1931336 ,0.11111111 
2,766,58,1.7257152,71,0.0458861 ,0.3109495 ,0.15458937 
2,767,74,1.9244691,53,0.0585443 ,0.3553356 ,0.11111111 
3,768,22,1.3873369,43,0.0174051 ,0.2353822 ,0.08695652 
3,769,1,1,28,0.0007911 ,0.1488813 ,0.05072464 
3,770,5,1.3006579,37,0.0039557 ,0.2160248 ,0.07246377 
2,771,35,1.6249448,81,0.0276899 ,0.2884452 ,0.17874396 
3,772,11,1.3592209,62,0.0087025 ,0.2291032 ,0.13285024 
3,773,48,1.606352,50,0.0379747 ,0.2842930 ,0.10386473 
3,774,27,1.5448366,60,0.0213608 ,0.2705553 ,0.12801932 
3,775,10,1.1561403,39,0.0079114 ,0.1837509 ,0.07729469 
3,776,8,1.0697098,38,0.0063291 ,0.1644490 ,0.07487923 
3,777,3,1,30,0.0023734 ,0.1488813 ,0.05555556 
3,778,20,1.3938289,48,0.0158228 ,0.2368320 ,0.09903382 
3,779,9,1.2552096,53,0.0071203 ,0.2058752 ,0.11111111 
3,780,29,1.5887082,75,0.0229430 ,0.2803528 ,0.16425121 
3,781,4,1.0697098,45,0.0031646 ,0.1644490 ,0.09178744 
3,782,11,1.2063863,37,0.0087025 ,0.1949719 ,0.07246377 
3,783,0,1.0697098,45,0.0000000 ,0.1644490 ,0.09178744 
3,784,16,1.5352089,80,0.0126582 ,0.2684052 ,0.17632850 
3,785,8,1.1208336,48,0.0063291 ,0.1758661 ,0.09903382 
3,786,22,1.3057258,31,0.0174051 ,0.2171566 ,0.05797101 
3,787,22,1.3057258,26,0.0174051 ,0.2171566 ,0.04589372 
3,788,8,1,22,0.0063291 ,0.1488813 ,0.03623188 
3,789,6,0.8619656,19,0.0047468 ,0.1180552 ,0.02898551 
3,790,6,0.8619656,20,0.0047468 ,0.1180552 ,0.03140097 
3,791,8,1.0207884,27,0.0063291 ,0.1535238 ,0.04830918 
3,792,26,1.3873369,41,0.0205696 ,0.2353822 ,0.08212560 
3,793,10,1.1365665,34,0.0079114 ,0.1793796 ,0.06521739 
3,794,6,0.91666669,26,0.0047468 ,0.1302712 ,0.04589372 
3,795,8,1,24,0.0063291 ,0.1488813 ,0.04106280 
3,796,8,1,22,0.0063291 ,0.1488813 ,0.03623188 
3,797,6,0.8619656,18,0.0047468 ,0.1180552 ,0.02657005 
3,798,6,0.84912294,15,0.0047468 ,0.1151872 ,0.01932367 
3,799,6,0.84912294,15,0.0047468 ,0.1151872 ,0.01932367 
3,800,6,0.8619656,17,0.0047468 ,0.1180552 ,0.02415459 
3,801,8,0.98558021,19,0.0063291 ,0.1456611 ,0.02898551 
3,802,18,1.2222222,21,0.0142405 ,0.1985084 ,0.03381643 
3,803,22,1.3270249,25,0.0174051 ,0.2219132 ,0.04347826 
3,804,10,1.1561403,32,0.0079114 ,0.1837509 ,0.06038647 
3,805,6,0.8619656,17,0.0047468 ,0.1180552 ,0.02415459 
3,806,0,0.42239243,11,0.0000000 ,0.0198889 ,0.00966184 
3,807,0,0.63684219,15,0.0000000 ,0.0677802 ,0.01932367 
3,808,28,1.6008096,33,0.0221519 ,0.2830553 ,0.06280193 
3,809,40,1.8185065,31,0.0316456 ,0.3316718 ,0.05797101 
3,810,17,1.3988512,31,0.0134494 ,0.2379536 ,0.05797101 
3,811,7,1.1058542,29,0.0055380 ,0.1725209 ,0.05314010 
3,812,4,0.8619656,22,0.0031646 ,0.1180552 ,0.03623188 
3,813,16,1.3873369,38,0.0126582 ,0.2353822 ,0.07487923 
2,814,83,2.0907433,38,0.0656646 ,0.3924683 ,0.07487923 
3,815,12,1.2552096,45,0.0094937 ,0.2058752 ,0.09178744 
3,816,6,1.0405263,42,0.0047468 ,0.1579317 ,0.08454106 
3,817,14,1.3076391,39,0.0110759 ,0.2175839 ,0.07729469 
3,818,12,1.2123377,32,0.0094937 ,0.1963010 ,0.06038647 
3,819,0,0.62688404,21,0.0000000 ,0.0655563 ,0.03381643 
3,820,0,1.0697098,32,0.0000000 ,0.1644490 ,0.06038647 
3,821,16,1.3988512,32,0.0126582 ,0.2379536 ,0.06038647 
3,822,2,1.0207884,27,0.0015823 ,0.1535238 ,0.04830918 
3,823,28,1.7342104,33,0.0221519 ,0.3128466 ,0.06280193 
3,824,1,1.0207884,27,0.0007911 ,0.1535238 ,0.04830918 
3,825,8,1.0207884,27,0.0063291 ,0.1535238 ,0.04830918 
3,826,0,0.49860358,17,0.0000000 ,0.0369085 ,0.02415459 
3,827,8,1.0207884,27,0.0063291 ,0.1535238 ,0.04830918 
3,828,0,0.49860358,16,0.0000000 ,0.0369085 ,0.02173913 
3,829,0,0.73918515,24,0.0000000 ,0.0906356 ,0.04106280 
3,830,9,1.1191936,29,0.0071203 ,0.1754999 ,0.05314010 
3,831,5,0.8619656,21,0.0039557 ,0.1180552 ,0.03381643 
3,832,6,0.84912294,15,0.0047468 ,0.1151872 ,0.01932367 
3,833,6,0.8619656,17,0.0047468 ,0.1180552 ,0.02415459 
3,834,8,0.98558021,24,0.0063291 ,0.1456611 ,0.04106280 
3,835,6,0.84912294,13,0.0047468 ,0.1151872 ,0.01449275 
3,836,6,0.87255627,11,0.0047468 ,0.1204203 ,0.00966184 
3,837,4,0.70398736,9,0.0031646 ,0.0827752 ,0.00483092 
3,838,0,0.33333334,7,0.0000000 ,0.0000000 ,0.00000000 
3,839,0,0.42239243,10,0.0000000 ,0.0198889 ,0.00724638 
3,840,44,1.7269484,59,0.0348101 ,0.3112249 ,0.12560386 
3,841,20,1.5598243,60,0.0158228 ,0.2739024 ,0.12801932 
3,842,6,1.0405263,37,0.0047468 ,0.1579317 ,0.07246377 
3,843,6,0.87255627,18,0.0047468 ,0.1204203 ,0.02657005 
3,844,4,0.70398736,9,0.0031646 ,0.0827752 ,0.00483092 
3,845,0,0.33333334,7,0.0000000 ,0.0000000 ,0.00000000 
3,846,14,1.6413553,72,0.0110759 ,0.2921100 ,0.15700483 
3,847,43,1.6666666,62,0.0340190 ,0.2977626 ,0.13285024 
2,848,22,1.7325417,72,0.0174051 ,0.3124740 ,0.15700483 
3,849,7,1.1460608,47,0.0055380 ,0.1814999 ,0.09661836 
3,850,7,1.1561403,43,0.0055380 ,0.1837509 ,0.08695652 
3,851,18,1.4896638,56,0.0142405 ,0.2582340 ,0.11835749 
3,852,0,0.78060293,31,0.0000000 ,0.0998851 ,0.05797101 
3,853,6,1.0405263,37,0.0047468 ,0.1579317 ,0.07246377 
3,854,0,0.42239243,17,0.0000000 ,0.0198889 ,0.02415459 
3,855,0,1.390353,56,0.0000000 ,0.2360557 ,0.11835749 
3,856,10,1.2829794,56,0.0079114 ,0.2120768 ,0.11835749 
3,857,6,0.8870222,29,0.0047468 ,0.1236509 ,0.05314010 
3,858,6,0.84912294,16,0.0047468 ,0.1151872 ,0.02173913 
3,859,6,0.84912294,14,0.0047468 ,0.1151872 ,0.01690821 
3,860,6,0.84912294,15,0.0047468 ,0.1151872 ,0.01932367 
3,861,6,0.8619656,18,0.0047468 ,0.1180552 ,0.02657005 
3,862,8,1,23,0.0063291 ,0.1488813 ,0.03864734 
3,863,20,1.3057258,27,0.0158228 ,0.2171566 ,0.04830918 
3,864,6,0.98558021,21,0.0047468 ,0.1456611 ,0.03381643 
3,865,4,0.8619656,19,0.0031646 ,0.1180552 ,0.02898551 
3,866,6,0.98558021,22,0.0047468 ,0.1456611 ,0.03623188 
3,867,20,1.2989333,29,0.0158228 ,0.2156397 ,0.05314010 
3,868,10,1.1058542,25,0.0079114 ,0.1725209 ,0.04347826 
3,869,24,1.3988512,30,0.0189873 ,0.2379536 ,0.05555556 
3,870,8,1.0207884,32,0.0063291 ,0.1535238 ,0.06038647 
3,871,6,1.0698866,43,0.0047468 ,0.1644885 ,0.08695652 
3,872,20,1.5598243,61,0.0158228 ,0.2739024 ,0.13043478 
3,873,3,1.390353,60,0.0023734 ,0.2360557 ,0.12801932 
2,874,81,2.0165863,51,0.0640823 ,0.3759074 ,0.10628019 
3,875,8,1.3006579,37,0.0063291 ,0.2160248 ,0.07246377 
3,876,3,0.91666669,27,0.0023734 ,0.1302712 ,0.04830918 
3,877,11,1.3006579,37,0.0087025 ,0.2160248 ,0.07246377 
3,878,4,1.0189475,19,0.0031646 ,0.1531127 ,0.02898551 
3,879,7,1.1,27,0.0055380 ,0.1712135 ,0.04830918 
3,880,3,1.3006579,37,0.0023734 ,0.2160248 ,0.07246377 
3,881,16,1.3873369,40,0.0126582 ,0.2353822 ,0.07971014 
3,882,14,1.1191936,30,0.0110759 ,0.1754999 ,0.05555556 
3,883,0,0.58170414,16,0.0000000 ,0.0554667 ,0.02173913 
3,884,8,0.98510355,20,0.0063291 ,0.1455546 ,0.03140097 
3,885,6,0.8619656,19,0.0047468 ,0.1180552 ,0.02898551 
3,886,6,0.91666669,22,0.0047468 ,0.1302712 ,0.03623188 
3,887,12,1.2063863,22,0.0094937 ,0.1949719 ,0.03623188 
3,888,44,1.8957499,22,0.0348101 ,0.3489220 ,0.03623188 
3,889,12,1.2063863,21,0.0094937 ,0.1949719 ,0.03381643 
3,890,6,0.8870222,18,0.0047468 ,0.1236509 ,0.02657005 
3,891,4,0.70398736,12,0.0031646 ,0.0827752 ,0.01207729 
3,892,0,0.33333334,7,0.0000000 ,0.0000000 ,0.00000000 
3,893,0,0.8870222,18,0.0000000 ,0.1236509 ,0.02657005 
3,894,0,0.8870222,18,0.0000000 ,0.1236509 ,0.02657005 
3,895,10,1.1087778,18,0.0079114 ,0.1731738 ,0.02657005 
3,896,0,0.56608194,14,0.0000000 ,0.0519779 ,0.01690821 
3,897,14,1.1087778,21,0.0110759 ,0.1731738 ,0.03381643 
3,898,0,0.58170414,13,0.0000000 ,0.0554667 ,0.01449275 
3,899,8,0.98558021,19,0.0063291 ,0.1456611 ,0.02898551 
3,900,8,0.98558021,19,0.0063291 ,0.1456611 ,0.02898551 
3,901,14,1.1087778,19,0.0110759 ,0.1731738 ,0.02898551 
3,902,10,1.1087778,21,0.0079114 ,0.1731738 ,0.03381643 
3,903,14,1.1191936,30,0.0110759 ,0.1754999 ,0.05555556 
3,904,14,1.3076391,44,0.0110759 ,0.2175839 ,0.08937198 
3,905,50,1.7495173,54,0.0395570 ,0.3162650 ,0.11352657 
3,906,17,1.4864661,42,0.0134494 ,0.2575199 ,0.08454106 
3,907,1,0.91666669,30,0.0007911 ,0.1302712 ,0.05555556 
3,908,0,1,30,0.0000000 ,0.1488813 ,0.05555556 
3,909,26,1.6531878,39,0.0205696 ,0.2947525 ,0.07729469 
3,910,3,1.3006579,42,0.0023734 ,0.2160248 ,0.08454106 
3,911,29,1.6261337,48,0.0229430 ,0.2887107 ,0.09903382 
3,912,3,1.3006579,42,0.0023734 ,0.2160248 ,0.08454106 
2,913,58,1.8597906,67,0.0458861 ,0.3408915 ,0.14492754 
3,914,30,1.5,64,0.0237342 ,0.2605423 ,0.13768116 
3,915,8,1.0697098,43,0.0063291 ,0.1644490 ,0.08695652 
3,916,8,1.0445806,33,0.0063291 ,0.1588371 ,0.06280193 
3,917,21,1.4244281,33,0.0166139 ,0.2436654 ,0.06280193 
3,918,38,1.8185065,34,0.0300633 ,0.3316718 ,0.06521739 
3,919,10,1.2063863,30,0.0079114 ,0.1949719 ,0.05555556 
3,920,19,1.3938289,49,0.0150316 ,0.2368320 ,0.10144928 
3,921,40,1.6812503,40,0.0316456 ,0.3010195 ,0.07971014 
3,922,34,1.5154221,31,0.0268987 ,0.2639864 ,0.05797101 
3,923,10,1.1,24,0.0079114 ,0.1712135 ,0.04106280 
3,924,4,0.72781962,16,0.0031646 ,0.0880975 ,0.02173913 
3,925,0,0.33333334,9,0.0000000 ,0.0000000 ,0.00483092 
3,926,0,1.0207884,28,0.0000000 ,0.1535238 ,0.05072464 
3,927,1,0.98558021,23,0.0007911 ,0.1456611 ,0.03864734 
3,928,0,0.80638385,23,0.0000000 ,0.1056426 ,0.03864734 
3,929,3,1.0207884,33,0.0023734 ,0.1535238 ,0.06280193 
3,930,19,1.3076391,40,0.0150316 ,0.2175839 ,0.07971014 
3,931,12,1.238816,49,0.0094937 ,0.2022142 ,0.10144928 
3,932,36,1.5598243,67,0.0284810 ,0.2739024 ,0.14492754 
3,933,1,1.238816,47,0.0007911 ,0.2022142 ,0.09661836 
3,934,16,1.3938289,52,0.0126582 ,0.2368320 ,0.10869565 
3,935,34,1.6812503,42,0.0268987 ,0.3010195 ,0.08454106 
3,936,6,1.2063863,31,0.0047468 ,0.1949719 ,0.05797101 
3,937,4,0.91666669,28,0.0031646 ,0.1302712 ,0.05072464 
3,938,1,1.2989333,36,0.0007911 ,0.2156397 ,0.07004831 
3,939,0,1.2989333,36,0.0000000 ,0.2156397 ,0.07004831 
3,940,16,1.5154221,36,0.0126582 ,0.2639864 ,0.07004831 
3,941,4,1.0445806,32,0.0031646 ,0.1588371 ,0.06038647 
3,942,0,0.58170414,16,0.0000000 ,0.0554667 ,0.02173913 
3,943,0,0.58170414,13,0.0000000 ,0.0554667 ,0.01449275 
2,944,66,1.9363272,85,0.0522152 ,0.3579838 ,0.18840580 
2,945,78,1.8962001,76,0.0617089 ,0.3490225 ,0.16666667 
2,946,63,1.8344153,84,0.0498418 ,0.3352246 ,0.18599034 
3,947,10,1.1768752,48,0.0079114 ,0.1883814 ,0.09903382 
3,948,0,0.56608194,22,0.0000000 ,0.0519779 ,0.03623188 
3,949,14,1.3443909,53,0.0110759 ,0.2257914 ,0.11111111 
3,950,14,1.1058542,32,0.0110759 ,0.1725209 ,0.06038647 
3,951,0,0.58170414,15,0.0000000 ,0.0554667 ,0.01932367 
3,952,8,0.98558021,23,0.0063291 ,0.1456611 ,0.03864734 
3,953,8,1.0207884,25,0.0063291 ,0.1535238 ,0.04347826 
3,954,22,1.2989333,30,0.0174051 ,0.2156397 ,0.05555556 
3,955,26,1.3873683,30,0.0205696 ,0.2353892 ,0.05555556 
3,956,26,1.3873683,31,0.0205696 ,0.2353892 ,0.05797101 
3,957,8,1.0445806,30,0.0063291 ,0.1588371 ,0.05555556 
3,958,8,1.0445806,38,0.0063291 ,0.1588371 ,0.07487923 
3,959,21,1.4135897,60,0.0166139 ,0.2412450 ,0.12801932 
3,960,8,1.390353,66,0.0063291 ,0.2360557 ,0.14251208 
2,961,103,2.0201983,98,0.0814873 ,0.3767140 ,0.21980676 
2,962,69,1.9323636,98,0.0545886 ,0.3570986 ,0.21980676 
3,963,10,1.2196002,54,0.0079114 ,0.1979229 ,0.11352657 
3,964,6,0.91666669,29,0.0047468 ,0.1302712 ,0.05314010 
3,965,18,1.2063863,25,0.0142405 ,0.1949719 ,0.04347826 
3,966,8,0.98558021,22,0.0063291 ,0.1456611 ,0.03623188 
3,967,0,0.63684219,16,0.0000000 ,0.0677802 ,0.02173913 
3,968,6,0.8870222,21,0.0047468 ,0.1236509 ,0.03381643 
3,969,0,0.42239243,12,0.0000000 ,0.0198889 ,0.01207729 
3,970,8,1,24,0.0063291 ,0.1488813 ,0.04106280 
3,971,6,0.8870222,25,0.0047468 ,0.1236509 ,0.04347826 
3,972,8,1.0697098,38,0.0063291 ,0.1644490 ,0.07487923 
3,973,34,1.5688319,72,0.0268987 ,0.2759140 ,0.15700483 
3,974,22,1.3076391,46,0.0174051 ,0.2175839 ,0.09420290 
3,975,8,1.0445806,33,0.0063291 ,0.1588371 ,0.06280193 
3,976,10,1.1191936,34,0.0079114 ,0.1754999 ,0.06521739 
3,977,8,1.0697098,38,0.0063291 ,0.1644490 ,0.07487923 
3,978,12,1.2726263,52,0.0094937 ,0.2097648 ,0.10869565 
2,979,74,1.8337219,87,0.0585443 ,0.3350697 ,0.19323671 
3,980,10,1.2552096,50,0.0079114 ,0.2058752 ,0.10386473 
3,981,30,1.6178579,69,0.0237342 ,0.2868626 ,0.14975845 
3,982,19,1.4516129,70,0.0150316 ,0.2497364 ,0.15217391 
3,983,6,1.0207884,37,0.0047468 ,0.1535238 ,0.07246377 
3,984,5,1.0445806,38,0.0039557 ,0.1588371 ,0.07487923 
3,985,27,1.5110798,75,0.0213608 ,0.2630167 ,0.16425121 
3,986,12,1.3088794,59,0.0094937 ,0.2178609 ,0.12560386 
3,987,16,1.3006579,41,0.0126582 ,0.2160248 ,0.08212560 
3,988,8,1.0445806,38,0.0063291 ,0.1588371 ,0.07487923 
3,989,12,1.3845592,44,0.0094937 ,0.2347618 ,0.08937198 
3,990,21,1.4666082,56,0.0166139 ,0.2530852 ,0.11835749 
3,991,3,1.1561403,42,0.0023734 ,0.1837509 ,0.08454106 
3,992,29,1.471094,44,0.0229430 ,0.2540870 ,0.08937198 
3,993,29,1.5365106,52,0.0229430 ,0.2686959 ,0.10869565 
2,994,54,1.6700469,68,0.0427215 ,0.2985175 ,0.14734300 
3,995,22,1.3076391,48,0.0174051 ,0.2175839 ,0.09903382 
3,996,0,0.68957245,21,0.0000000 ,0.0795560 ,0.03381643 
3,997,10,1.1768752,48,0.0079114 ,0.1883814 ,0.09903382 
3,998,18,1.4896638,64,0.0142405 ,0.2582340 ,0.13768116 
3,999,17,1.4724894,57,0.0134494 ,0.2543986 ,0.12077295 
3,1000,2,1.1981546,52,0.0015823 ,0.1931336 ,0.10869565 
3,1001,8,1,29,0.0063291 ,0.1488813 ,0.05314010 
3,1002,4,0.69804502,14,0.0031646 ,0.0814481 ,0.01690821 
3,1003,0,0.33333334,8,0.0000000 ,0.0000000 ,0.00241546 
2,1004,33,2.0590754,150,0.0261076 ,0.3853961 ,0.34541063 
2,1005,31,1.8880572,128,0.0245253 ,0.3472040 ,0.29227053 
2,1006,158,2.5006499,223,0.1250000 ,0.4840094 ,0.52173913 
2,1007,160,2.3333955,203,0.1265823 ,0.4466578 ,0.47342995 
2,1008,244,2.702667,134,0.1930380 ,0.5291243 ,0.30676329 
2,1009,1,1.7269484,85,0.0007911 ,0.3112249 ,0.18840580 
2,1010,34,1.9513603,60,0.0268987 ,0.3613410 ,0.12801932 
2,1011,9,1.4831443,126,0.0071203 ,0.2567781 ,0.28743961 
3,1012,7,1.3845592,61,0.0055380 ,0.2347618 ,0.13043478 
2,1013,3,1.7269484,85,0.0023734 ,0.3112249 ,0.18840580 
2,1014,16,1.8597906,85,0.0126582 ,0.3408915 ,0.18840580 
2,1015,9,1.8597906,85,0.0071203 ,0.3408915 ,0.18840580 
2,1016,24,1.9341822,85,0.0189873 ,0.3575047 ,0.18840580 
3,1017,0,1.3938289,60,0.0000000 ,0.2368320 ,0.12801932 
3,1018,2,1.2552096,58,0.0015823 ,0.2058752 ,0.12318841 
2,1019,8,1.5842677,122,0.0063291 ,0.2793611 ,0.27777778 
3,1020,24,1.606352,71,0.0189873 ,0.2842930 ,0.15458937 
2,1021,19,1.8,83,0.0150316 ,0.3275389 ,0.18357488 
3,1022,1,1.0698866,53,0.0007911 ,0.1644885 ,0.11111111 
3,1023,14,1.6071428,83,0.0110759 ,0.2844696 ,0.18357488 
2,1024,8,1.8,83,0.0063291 ,0.3275389 ,0.18357488 
2,1025,7,1.8,83,0.0055380 ,0.3275389 ,0.18357488 
3,1026,0,1.1768752,54,0.0000000 ,0.1883814 ,0.11352657 
2,1027,12,1.8,83,0.0094937 ,0.3275389 ,0.18357488 
2,1028,75,2.072258,128,0.0593354 ,0.3883401 ,0.29227053 
2,1029,1,1.8815688,150,0.0007911 ,0.3457550 ,0.34541063 
2,1030,2,1.8815688,150,0.0015823 ,0.3457550 ,0.34541063 
2,1031,37,2.0590754,150,0.0292722 ,0.3853961 ,0.34541063 
3,1032,2,1.5110798,98,0.0015823 ,0.2630167 ,0.21980676 
3,1033,2,1.4644111,72,0.0015823 ,0.2525945 ,0.15700483 
3,1034,10,1.6474625,72,0.0079114 ,0.2934739 ,0.15700483 
3,1035,0,1.4644111,72,0.0000000 ,0.2525945 ,0.15700483 
2,1036,0,1.5298115,126,0.0000000 ,0.2671999 ,0.28743961 
3,1037,0,1.2829794,81,0.0000000 ,0.2120768 ,0.17874396 
2,1038,28,1.8805417,163,0.0221519 ,0.3455256 ,0.37681159 
2,1039,26,1.5592874,100,0.0205696 ,0.2737825 ,0.22463768 
2,1040,78,1.8344558,100,0.0617089 ,0.3352336 ,0.22463768 
3,1041,6,1.1365665,50,0.0047468 ,0.1793796 ,0.10386473 
3,1042,13,1.3443909,69,0.0102848 ,0.2257914 ,0.14975845 
3,1043,19,1.471094,46,0.0150316 ,0.2540870 ,0.09420290 
3,1044,0,1.1708162,67,0.0000000 ,0.1870283 ,0.14492754 
2,1045,34,1.7081656,98,0.0268987 ,0.3070303 ,0.21980676 
3,1046,18,1.2123377,34,0.0142405 ,0.1963010 ,0.06521739 
3,1047,14,1.3443909,51,0.0110759 ,0.2257914 ,0.10628019 
3,1048,8,1,27,0.0063291 ,0.1488813 ,0.04830918 
3,1049,8,1.0445806,33,0.0063291 ,0.1588371 ,0.06280193 
3,1050,26,1.3938289,45,0.0205696 ,0.2368320 ,0.09178744 
3,1051,34,1.5448366,60,0.0268987 ,0.2705553 ,0.12801932 
3,1052,8,1.0697098,35,0.0063291 ,0.1644490 ,0.06763285 
3,1053,6,0.8870222,26,0.0047468 ,0.1236509 ,0.04589372 
3,1054,16,1.2989333,34,0.0126582 ,0.2156397 ,0.06521739 
3,1055,12,1.2063863,27,0.0094937 ,0.1949719 ,0.04830918 
3,1056,8,0.98558021,23,0.0063291 ,0.1456611 ,0.03864734 
3,1057,8,0.98558021,22,0.0063291 ,0.1456611 ,0.03623188 
3,1058,6,0.8619656,17,0.0047468 ,0.1180552 ,0.02415459 
3,1059,6,0.84912294,15,0.0047468 ,0.1151872 ,0.01932367 
3,1060,6,0.84912294,15,0.0047468 ,0.1151872 ,0.01932367 
3,1061,6,0.8619656,19,0.0047468 ,0.1180552 ,0.02898551 
3,1062,8,0.98558021,22,0.0063291 ,0.1456611 ,0.03623188 
3,1063,12,1.2063863,27,0.0094937 ,0.1949719 ,0.04830918 
2,1064,86,2.2275536,90,0.0680380 ,0.4230210 ,0.20048309 
2,1065,109,2.2358572,105,0.0862342 ,0.4248754 ,0.23671498 
3,1066,1,1.5517242,73,0.0007911 ,0.2720935 ,0.15942029 
3,1067,0,1.5517242,73,0.0000000 ,0.2720935 ,0.15942029 
3,1068,0,1.5517242,73,0.0000000 ,0.2720935 ,0.15942029 
3,1069,3,1.4516129,73,0.0023734 ,0.2497364 ,0.15942029 
3,1070,6,1.4635203,62,0.0047468 ,0.2523956 ,0.13285024 
3,1071,1,1.5517242,73,0.0007911 ,0.2720935 ,0.15942029 
2,1072,17,1.5992693,90,0.0134494 ,0.2827113 ,0.20048309 
3,1073,0,1.5992693,90,0.0000000 ,0.2827113 ,0.20048309 
3,1074,4,1.5405476,62,0.0031646 ,0.2695975 ,0.13285024 
3,1075,7,1.5405476,62,0.0055380 ,0.2695975 ,0.13285024 
2,1076,23,1.7612134,113,0.0181962 ,0.3188770 ,0.25603865 
2,1077,177,4.811173,71,0.1400316 ,1.0000000 ,0.15458937 
2,1078,13,2.0147731,93,0.0102848 ,0.3755024 ,0.20772947 
2,1079,15,2.0147731,93,0.0118671 ,0.3755024 ,0.20772947 
2,1080,2,2.0147731,93,0.0015823 ,0.3755024 ,0.20772947 
3,1081,2,1.7925211,64,0.0015823 ,0.3258687 ,0.13768116 
3,1082,0,1.4635203,54,0.0000000 ,0.2523956 ,0.11352657 
2,1083,8,1.5298115,123,0.0063291 ,0.2671999 ,0.28019324 
2,1084,31,2.0257571,80,0.0245253 ,0.3779554 ,0.17632850 
3,1085,3,1.7925211,64,0.0023734 ,0.3258687 ,0.13768116 
3,1086,2,1.7925211,64,0.0015823 ,0.3258687 ,0.13768116 
3,1087,0,1.7925211,64,0.0000000 ,0.3258687 ,0.13768116 
2,1088,1,1.8328277,80,0.0007911 ,0.3348700 ,0.17632850 
2,1089,0,1.8328277,80,0.0000000 ,0.3348700 ,0.17632850 
2,1090,1,1.8328277,80,0.0007911 ,0.3348700 ,0.17632850 
2,1091,0,1.8328277,80,0.0000000 ,0.3348700 ,0.17632850 
2,1092,0,1.8328277,80,0.0000000 ,0.3348700 ,0.17632850 
2,1093,73,2.0326941,118,0.0577532 ,0.3795046 ,0.26811594 
2,1094,5,2.0398967,166,0.0039557 ,0.3811131 ,0.38405797 
2,1095,203,2.3772886,159,0.1606013 ,0.4564601 ,0.36714976 
3,1096,0,1.5517242,92,0.0000000 ,0.2720935 ,0.20531401 
3,1097,0,1.5517242,92,0.0000000 ,0.2720935 ,0.20531401 
3,1098,0,1.5517242,92,0.0000000 ,0.2720935 ,0.20531401 
3,1099,4,1.5517242,92,0.0031646 ,0.2720935 ,0.20531401 
3,1100,1,1.5517242,92,0.0007911 ,0.2720935 ,0.20531401 
3,1101,1,1.5517242,92,0.0007911 ,0.2720935 ,0.20531401 
2,1102,24,1.6666666,92,0.0189873 ,0.2977626 ,0.20531401 
3,1103,0,0.90925324,48,0.0000000 ,0.1286156 ,0.09903382 
2,1104,47,2.273133,48,0.0371835 ,0.4331999 ,0.09903382 
2,1105,12,1.6819378,135,0.0094937 ,0.3011730 ,0.30917874 
3,1106,9,1.3873369,73,0.0071203 ,0.2353822 ,0.15942029 
3,1107,6,1.3873369,73,0.0047468 ,0.2353822 ,0.15942029 
2,1108,29,1.7399356,135,0.0229430 ,0.3141252 ,0.30917874 
3,1109,40,1.606352,68,0.0316456 ,0.2842930 ,0.14734300 
2,1110,19,1.6211112,100,0.0150316 ,0.2875891 ,0.22463768 
3,1111,4,1.2552096,73,0.0031646 ,0.2058752 ,0.15942029 
3,1112,16,1.4635203,50,0.0126582 ,0.2523956 ,0.10386473 
3,1113,43,1.6828449,63,0.0340190 ,0.3013756 ,0.13526570 
2,1114,39,1.7426945,99,0.0308544 ,0.3147413 ,0.22222222 
3,1115,4,1.1208336,50,0.0031646 ,0.1758661 ,0.10386473 
3,1116,4,1,30,0.0031646 ,0.1488813 ,0.05555556 
3,1117,12,1.4744722,35,0.0094937 ,0.2548414 ,0.06763285 
3,1118,6,1.1087778,24,0.0047468 ,0.1731738 ,0.04106280 
3,1119,5,1.1058542,35,0.0039557 ,0.1725209 ,0.06763285 
3,1120,1,1.1058542,35,0.0007911 ,0.1725209 ,0.06763285 
3,1121,0,1.4380959,87,0.0000000 ,0.2467178 ,0.19323671 
3,1122,10,1.1058542,40,0.0079114 ,0.1725209 ,0.07971014 
3,1123,11,1.4380959,87,0.0087025 ,0.2467178 ,0.19323671 
3,1124,9,1.1,29,0.0071203 ,0.1712135 ,0.05314010 
3,1125,19,1.3304729,58,0.0150316 ,0.2226832 ,0.12318841 
3,1126,30,1.4803609,64,0.0237342 ,0.2561565 ,0.13768116 
3,1127,14,1.390353,58,0.0110759 ,0.2360557 ,0.12318841 
2,1128,84,1.8344558,79,0.0664557 ,0.3352336 ,0.17391304 
3,1129,12,1.238816,41,0.0094937 ,0.2022142 ,0.08212560 
3,1130,4,0.76619166,21,0.0031646 ,0.0966668 ,0.03381643 
3,1131,0,0.33333334,10,0.0000000 ,0.0000000 ,0.00724638 
2,1132,153,2.222218,101,0.1210443 ,0.4218295 ,0.22705314 
2,1133,6,1.7820429,88,0.0047468 ,0.3235287 ,0.19565217 
2,1134,45,1.9633191,69,0.0356013 ,0.3640116 ,0.14975845 
2,1135,32,1.8344558,88,0.0253165 ,0.3352336 ,0.19565217 
3,1136,0,1.1208336,59,0.0000000 ,0.1758661 ,0.12560386 
2,1137,18,1.7820429,88,0.0142405 ,0.3235287 ,0.19565217 
3,1138,3,1.1768752,59,0.0023734 ,0.1883814 ,0.12560386 
2,1139,16,1.7325417,88,0.0126582 ,0.3124740 ,0.19565217 
2,1140,31,1.8344558,88,0.0245253 ,0.3352336 ,0.19565217 
3,1141,0,1.0233698,58,0.0000000 ,0.1541003 ,0.12318841 
3,1142,2,1.238816,58,0.0015823 ,0.2022142 ,0.12318841 
2,1143,4,1.7325417,88,0.0031646 ,0.3124740 ,0.19565217 
3,1144,0,1.2639573,65,0.0000000 ,0.2078288 ,0.14009662 
3,1145,0,1.2639573,65,0.0000000 ,0.2078288 ,0.14009662 
3,1146,5,1.4652896,71,0.0039557 ,0.2527907 ,0.15458937 
2,1147,44,1.8344558,88,0.0348101 ,0.3352336 ,0.19565217 
3,1148,0,1.1981546,62,0.0000000 ,0.1931336 ,0.13285024 
3,1149,40,1.550553,40,0.0316456 ,0.2718319 ,0.07971014 
3,1150,0,0.84615386,25,0.0000000 ,0.1145241 ,0.04347826 
3,1151,9,1.1191936,31,0.0071203 ,0.1754999 ,0.05797101 
3,1152,23,1.3845592,40,0.0181962 ,0.2347618 ,0.07971014 
3,1153,10,1.1768752,44,0.0079114 ,0.1883814 ,0.08937198 
3,1154,26,1.4255327,60,0.0205696 ,0.2439121 ,0.12801932 
2,1155,58,1.875,66,0.0458861 ,0.3442880 ,0.14251208 
2,1156,92,2.1571438,69,0.0727848 ,0.4072970 ,0.14975845 
2,1157,90,2.1979344,69,0.0712025 ,0.4164064 ,0.14975845 
3,1158,20,1.3076391,41,0.0158228 ,0.2175839 ,0.08212560 
3,1159,7,1.1365665,35,0.0055380 ,0.1793796 ,0.06763285 
3,1160,7,1.0207884,30,0.0055380 ,0.1535238 ,0.05555556 
2,1161,20,1.7322379,138,0.0158228 ,0.3124061 ,0.31642512 
3,1162,8,1.0952908,60,0.0063291 ,0.1701618 ,0.12801932 
3,1163,8,1,29,0.0063291 ,0.1488813 ,0.05314010 
3,1164,18,1.2063863,24,0.0142405 ,0.1949719 ,0.04106280 
3,1165,10,1.1,23,0.0079114 ,0.1712135 ,0.03864734 
3,1166,14,1.1058542,28,0.0110759 ,0.1725209 ,0.05072464 
3,1167,0,0.58170414,15,0.0000000 ,0.0554667 ,0.01932367 
3,1168,12,1.238816,45,0.0094937 ,0.2022142 ,0.09178744 
2,1169,48,1.6700469,67,0.0379747 ,0.2985175 ,0.14492754 
3,1170,28,1.5405476,49,0.0221519 ,0.2695975 ,0.10144928 
3,1171,8,0.98558021,20,0.0063291 ,0.1456611 ,0.03140097 
3,1172,6,0.8619656,16,0.0047468 ,0.1180552 ,0.02173913 
3,1173,6,0.87255627,12,0.0047468 ,0.1204203 ,0.01207729 
3,1174,0,0.9216888,39,0.0000000 ,0.1313927 ,0.07729469 
3,1175,18,1.606352,58,0.0142405 ,0.2842930 ,0.12318841 
3,1176,16,1.7572933,53,0.0126582 ,0.3180016 ,0.11111111 
3,1177,16,1.6474625,50,0.0126582 ,0.2934739 ,0.10386473 
3,1178,6,1.3873369,53,0.0047468 ,0.2353822 ,0.11111111 
3,1179,1,1.4644111,53,0.0007911 ,0.2525945 ,0.11111111 
3,1180,1,1.4644111,53,0.0007911 ,0.2525945 ,0.11111111 
3,1181,1,1.3873369,53,0.0007911 ,0.2353822 ,0.11111111 
3,1182,1,1.550553,53,0.0007911 ,0.2718319 ,0.11111111 
3,1183,8,1.0207884,33,0.0063291 ,0.1535238 ,0.06280193 
3,1184,6,0.8619656,19,0.0047468 ,0.1180552 ,0.02898551 
3,1185,6,0.84912294,17,0.0047468 ,0.1151872 ,0.02415459 
3,1186,6,0.8870222,28,0.0047468 ,0.1236509 ,0.05072464 
3,1187,10,1.2196002,51,0.0079114 ,0.1979229 ,0.10628019 
3,1188,16,1.4135897,57,0.0126582 ,0.2412450 ,0.12077295 
3,1189,0,0.73918515,31,0.0000000 ,0.0906356 ,0.05797101 
3,1190,12,1.3006579,41,0.0094937 ,0.2160248 ,0.08212560 
3,1191,4,1.3088794,57,0.0031646 ,0.2178609 ,0.12077295 
3,1192,4,0.70398736,9,0.0031646 ,0.0827752 ,0.00483092 
3,1193,0,0.33333334,7,0.0000000 ,0.0000000 ,0.00000000 
2,1194,58,1.7821976,76,0.0458861 ,0.3235632 ,0.16666667 
3,1195,10,1.3088794,53,0.0079114 ,0.2178609 ,0.11111111 
3,1196,24,1.3845592,42,0.0189873 ,0.2347618 ,0.08454106 
3,1197,36,1.569167,41,0.0284810 ,0.2759888 ,0.08212560 
3,1198,12,1.2552096,51,0.0094937 ,0.2058752 ,0.10628019 
3,1199,26,1.5212561,89,0.0205696 ,0.2652893 ,0.19806763 
3,1200,8,1.0445806,42,0.0063291 ,0.1588371 ,0.08454106 
3,1201,8,1.0207884,30,0.0063291 ,0.1535238 ,0.05555556 
3,1202,20,1.3006579,41,0.0158228 ,0.2160248 ,0.08212560 
3,1203,11,1.2906152,58,0.0087025 ,0.2137821 ,0.12318841 
3,1204,19,1.3845592,42,0.0150316 ,0.2347618 ,0.08454106 
3,1205,8,1.2241485,37,0.0063291 ,0.1989386 ,0.07246377 
3,1206,21,1.4724894,54,0.0166139 ,0.2543986 ,0.11352657 
3,1207,6,1.2241485,41,0.0047468 ,0.1989386 ,0.08212560 
3,1208,8,1.0207884,27,0.0063291 ,0.1535238 ,0.04830918 
3,1209,6,0.8619656,19,0.0047468 ,0.1180552 ,0.02898551 
3,1210,6,0.84912294,15,0.0047468 ,0.1151872 ,0.01932367 
3,1211,6,0.84912294,14,0.0047468 ,0.1151872 ,0.01690821 
3,1212,6,0.84912294,16,0.0047468 ,0.1151872 ,0.02173913 
3,1213,6,0.8870222,23,0.0047468 ,0.1236509 ,0.03864734 
3,1214,10,1.1561403,37,0.0079114 ,0.1837509 ,0.07246377 
3,1215,50,1.6828449,51,0.0395570 ,0.3013756 ,0.10628019 
3,1216,16,1.2052853,33,0.0126582 ,0.1947260 ,0.06280193 
3,1217,8,1.2552096,43,0.0063291 ,0.2058752 ,0.08695652 
3,1218,0,0.72781962,19,0.0000000 ,0.0880975 ,0.02898551 
3,1219,0,0.72781962,19,0.0000000 ,0.0880975 ,0.02898551 
3,1220,0,1.5592874,88,0.0000000 ,0.2737825 ,0.19565217 
3,1221,16,1.3873369,62,0.0126582 ,0.2353822 ,0.13285024 
2,1222,10,1.6857162,88,0.0079114 ,0.3020168 ,0.19565217 
3,1223,0,1.2639573,65,0.0000000 ,0.2078288 ,0.14009662 
3,1224,10,1.1561403,40,0.0079114 ,0.1837509 ,0.07971014 
3,1225,0,0.56608194,19,0.0000000 ,0.0519779 ,0.02898551 
3,1226,0,1.0405263,40,0.0000000 ,0.1579317 ,0.07971014 
2,1227,60,1.8294003,44,0.0474684 ,0.3341046 ,0.08937198 
3,1228,0,1.2052853,32,0.0000000 ,0.1947260 ,0.06038647 
3,1229,6,1.2052853,32,0.0047468 ,0.1947260 ,0.06038647 
3,1230,4,1.1492875,22,0.0031646 ,0.1822205 ,0.03623188 
3,1231,2,0.98510355,22,0.0015823 ,0.1455546 ,0.03623188 
3,1232,6,1.2052853,32,0.0047468 ,0.1947260 ,0.06038647 
3,1233,16,1.3873369,41,0.0126582 ,0.2353822 ,0.08212560 
3,1234,18,1.3270249,30,0.0142405 ,0.2219132 ,0.05555556 
3,1235,2,1.0189475,20,0.0015823 ,0.1531127 ,0.03140097 
3,1236,2,1.1634083,15,0.0015823 ,0.1853740 ,0.01932367 
3,1237,2,1.0189475,20,0.0015823 ,0.1531127 ,0.03140097 
3,1238,0,1.0189475,20,0.0000000 ,0.1531127 ,0.03140097 
3,1239,13,1.507236,83,0.0102848 ,0.2621583 ,0.18357488 
3,1240,4,1.0697098,45,0.0031646 ,0.1644490 ,0.09178744 
3,1241,11,1.2671746,25,0.0087025 ,0.2085473 ,0.04347826 
3,1242,1,1.0697098,45,0.0007911 ,0.1644490 ,0.09178744 
2,1243,32,1.6503496,86,0.0253165 ,0.2941187 ,0.19082126 
3,1244,18,1.3006579,46,0.0142405 ,0.2160248 ,0.09420290 
3,1245,6,0.8619656,23,0.0047468 ,0.1180552 ,0.03864734 
3,1246,0,0.42239243,12,0.0000000 ,0.0198889 ,0.01207729 
